Genome Name,Genome ID,ampicillin,cefotaxime,ceftazidime,cefuroxime,ciprofloxacin,gentamicin,meropenem,piperacillin/tazobactam,tigecycline,trimethoprim/sulfamethoxazole
Escherichia coli 001-E1-DxU,562.140902,1.0,,1.0,,1.0,1.0,0.0,,,1.0
Escherichia coli 001-E1-S04,562.140907,1.0,,1.0,,1.0,1.0,0.0,,,1.0
Escherichia coli 001-E1-S06,562.140901,1.0,,1.0,,1.0,1.0,0.0,,,1.0
Escherichia coli 00116690-7bb9-11e9-a8d3-68b59976a384,562.100421,0.0,0.0,0.0,1.0,0.0,1.0,0.0,0.0,0.0,1.0
Escherichia coli 002-E1-DxU,562.140904,1.0,,1.0,,0.0,0.0,0.0,,,0.0
Escherichia coli 002-E1-S01,562.140964,1.0,,1.0,,0.0,0.0,0.0,,,0.0
Escherichia coli 002b98bc-7bb9-11e9-a8d3-68b59976a384,562.10042,1.0,0.0,0.0,0.0,1.0,0.0,0.0,0.0,0.0,1.0
Escherichia coli 004-E1-DxU,562.140906,1.0,,0.0,,1.0,0.0,0.0,,,0.0
Escherichia coli 004-E1-S01,562.140903,1.0,,1.0,,1.0,0.0,0.0,,,0.0
Escherichia coli 004-E1-S02,562.1409,1.0,,1.0,,1.0,0.0,0.0,,,0.0
Escherichia coli 004-E1-S04,562.140905,1.0,,1.0,,1.0,0.0,0.0,,,0.0
Escherichia coli 004-E1-U01,562.140857,1.0,,0.0,,1.0,0.0,0.0,,,0.0
Escherichia coli 004-E1-U02,562.14086,1.0,,0.0,,1.0,0.0,0.0,,,0.0
Escherichia coli 004-E1-U04,562.140858,1.0,,0.0,,1.0,0.0,0.0,,,0.0
Escherichia coli 004-E2-S02,562.140856,1.0,,0.0,,1.0,0.0,0.0,,,0.0
Escherichia coli 004-E2-S06,562.140854,1.0,,0.0,,1.0,0.0,0.0,,,0.0
Escherichia coli 004-E2-U01,562.140861,1.0,,0.0,,1.0,0.0,0.0,,,0.0
Escherichia coli 004-E2-U02,562.140852,1.0,,0.0,,1.0,0.0,0.0,,,0.0
Escherichia coli 004-E2-U04,562.140855,1.0,,0.0,,1.0,0.0,0.0,,,0.0
Escherichia coli 004-E2-U06,562.140859,1.0,,0.0,,1.0,0.0,0.0,,,0.0
Escherichia coli 004-E2-U11,562.140863,1.0,,0.0,,1.0,0.0,0.0,,,0.0
Escherichia coli 00455662-7bb9-11e9-a8d3-68b59976a384,562.100771,1.0,0.0,0.0,,0.0,0.0,0.0,0.0,0.0,0.0
Escherichia coli 005-E1-DxU,562.140899,1.0,,1.0,,1.0,0.0,0.0,,,0.0
Escherichia coli 005-E2-DxU,562.140898,1.0,,0.0,,0.0,0.0,0.0,,,0.0
Escherichia coli 006-E1-DxU,562.140894,1.0,,1.0,,1.0,1.0,0.0,,,0.0
Escherichia coli 006-E1-S01,562.140893,1.0,,1.0,,1.0,1.0,0.0,,,0.0
Escherichia coli 006-E1-S02,562.140896,1.0,,1.0,,1.0,1.0,0.0,,,0.0
Escherichia coli 006-E1-S04,562.140897,1.0,,1.0,,1.0,1.0,0.0,,,0.0
Escherichia coli 006-E1-S06,562.140895,1.0,,1.0,,1.0,1.0,0.0,,,0.0
Escherichia coli 006-E1-U01,562.140891,1.0,,1.0,,1.0,1.0,0.0,,,0.0
Escherichia coli 006-E1-U02,562.140892,1.0,,1.0,,1.0,1.0,0.0,,,0.0
Escherichia coli 006-E1-U04,562.14089,1.0,,1.0,,1.0,1.0,0.0,,,0.0
Escherichia coli 006-E1-U06,562.14091,1.0,,1.0,,1.0,1.0,0.0,,,0.0
Escherichia coli 006393f2-7bb9-11e9-a8d3-68b59976a384,562.100775,0.0,1.0,1.0,,0.0,0.0,0.0,0.0,0.0,0.0
Escherichia coli 007f095c-7bb9-11e9-a8d3-68b59976a384,562.100774,1.0,0.0,0.0,,0.0,0.0,0.0,0.0,0.0,1.0
Escherichia coli 008-E1-DxU,562.140911,1.0,,1.0,,1.0,0.0,0.0,,,1.0
Escherichia coli 008-E1-S06,562.140912,1.0,,0.0,,1.0,0.0,0.0,,,1.0
Escherichia coli 008-E1-S11,562.140914,1.0,,0.0,,1.0,0.0,0.0,,,1.0
Escherichia coli 008-E1-U04,562.140913,1.0,,0.0,,1.0,0.0,0.0,,,1.0
Escherichia coli 008-E1-U06,562.140915,1.0,,0.0,,1.0,0.0,0.0,,,1.0
Escherichia coli 008-E1-U11,562.140918,1.0,,1.0,,1.0,0.0,0.0,,,0.0
Escherichia coli 009-E1-DxU,562.140919,1.0,,1.0,,1.0,0.0,0.0,,,1.0
Escherichia coli 009-E1-S01,562.140908,1.0,,1.0,,1.0,0.0,0.0,,,1.0
Escherichia coli 009-E1-S04,562.140909,1.0,,1.0,,1.0,0.0,0.0,,,1.0
Escherichia coli 009-E1-S11,562.140877,1.0,,1.0,,1.0,0.0,0.0,,,1.0
Escherichia coli 0099463c-7bb9-11e9-a8d3-68b59976a384,562.100115,0.0,0.0,0.0,0.0,0.0,0.0,0.0,0.0,0.0,0.0
Escherichia coli 00b33114-7bb9-11e9-a8d3-68b59976a384,562.100117,1.0,0.0,0.0,0.0,1.0,1.0,0.0,0.0,0.0,1.0
Escherichia coli 00cce8a2-7bb9-11e9-a8d3-68b59976a384,562.100424,0.0,0.0,0.0,0.0,0.0,0.0,0.0,0.0,0.0,0.0
Escherichia coli 00e6626e-7bb9-11e9-a8d3-68b59976a384,562.100425,0.0,0.0,0.0,0.0,0.0,0.0,0.0,0.0,0.0,0.0
Escherichia coli 010-E1-DxU-E_coli,562.140876,1.0,,1.0,,1.0,0.0,0.0,,,1.0
Escherichia coli 010-E1-S06,562.140879,1.0,,0.0,,1.0,0.0,0.0,,,1.0
Escherichia coli 010-E1-S11,562.14088,1.0,,0.0,,1.0,0.0,0.0,,,1.0
Escherichia coli 0100d496-7bb9-11e9-a8d3-68b59976a384,562.100426,0.0,0.0,0.0,0.0,0.0,0.0,0.0,0.0,0.0,0.0
Escherichia coli 011ab460-7bb9-11e9-a8d3-68b59976a384,562.100776,0.0,0.0,0.0,,0.0,0.0,0.0,0.0,0.0,0.0
Escherichia coli 013-E1-DxU,562.140875,1.0,,1.0,,1.0,0.0,0.0,,,1.0
Escherichia coli 013-E1-S01,562.140874,1.0,,1.0,,1.0,0.0,0.0,,,1.0
Escherichia coli 013-E1-S02,562.140884,1.0,,1.0,,1.0,0.0,0.0,,,1.0
Escherichia coli 013-E1-S04,562.140887,1.0,,1.0,,1.0,0.0,0.0,,,1.0
Escherichia coli 013-E1-U01,562.140882,1.0,,1.0,,1.0,0.0,0.0,,,1.0
Escherichia coli 013-E1-U02,562.140883,1.0,,1.0,,1.0,0.0,0.0,,,1.0
Escherichia coli 013-E1-U04,562.140889,1.0,,1.0,,1.0,0.0,0.0,,,1.0
Escherichia coli 013-E2-DxU,562.140888,1.0,,1.0,,1.0,0.0,0.0,,,1.0
Escherichia coli 013-E2-S01,562.140886,1.0,,1.0,,1.0,0.0,0.0,,,1.0
Escherichia coli 013-E2-S02,562.140885,1.0,,1.0,,1.0,0.0,0.0,,,1.0
Escherichia coli 013-E2-S04,562.140881,1.0,,1.0,,1.0,0.0,0.0,,,1.0
Escherichia coli 013-E2-S06,562.140878,1.0,,1.0,,1.0,0.0,0.0,,,1.0
Escherichia coli 013-E2-U01,562.140867,1.0,,1.0,,1.0,0.0,0.0,,,1.0
Escherichia coli 013-E2-U02,562.140865,1.0,,1.0,,1.0,0.0,0.0,,,1.0
Escherichia coli 013-E2-U04,562.140864,1.0,,1.0,,1.0,0.0,0.0,,,1.0
Escherichia coli 013-E3-DxU,562.140862,1.0,,1.0,,1.0,0.0,0.0,,,1.0
Escherichia coli 013-E3-S01,562.14087,1.0,,1.0,,1.0,0.0,0.0,,,1.0
Escherichia coli 013-E3-S02,562.140869,1.0,,1.0,,1.0,0.0,0.0,,,1.0
Escherichia coli 013-E3-S04,562.140868,1.0,,1.0,,1.0,0.0,0.0,,,1.0
Escherichia coli 013-E3-S06,562.140866,1.0,,1.0,,1.0,0.0,0.0,,,1.0
Escherichia coli 013-E3-U01,562.140873,1.0,,1.0,,1.0,0.0,0.0,,,1.0
Escherichia coli 013-E3-U02,562.140872,1.0,,1.0,,1.0,0.0,0.0,,,1.0
Escherichia coli 013-E3-U04,562.140871,1.0,,1.0,,1.0,0.0,0.0,,,1.0
Escherichia coli 01347184-7bb9-11e9-a8d3-68b59976a384,562.10078,0.0,0.0,0.0,,0.0,0.0,0.0,0.0,0.0,0.0
Escherichia coli 014e50d6-7bb9-11e9-a8d3-68b59976a384,562.100781,1.0,0.0,0.0,,0.0,0.0,0.0,0.0,0.0,0.0
Escherichia coli 015-E1-DxU,562.14083,1.0,,0.0,,1.0,0.0,0.0,,,0.0
Escherichia coli 015-E1-S06,562.140831,1.0,,0.0,,1.0,0.0,0.0,,,0.0
Escherichia coli 015-E1-S11,562.140832,1.0,,0.0,,1.0,0.0,0.0,,,0.0
Escherichia coli 016-E1-DxU,562.140827,1.0,,1.0,,1.0,0.0,0.0,,,1.0
Escherichia coli 016-E1-S01,562.140829,1.0,,1.0,,1.0,0.0,0.0,,,1.0
Escherichia coli 016-E1-S02,562.140825,1.0,,1.0,,1.0,0.0,0.0,,,1.0
Escherichia coli 016-E1-S04,562.140826,1.0,,1.0,,1.0,0.0,0.0,,,1.0
Escherichia coli 016-E1-S06,562.140828,1.0,,1.0,,1.0,0.0,0.0,,,1.0
Escherichia coli 016-E1-U01,562.140824,1.0,,1.0,,1.0,0.0,0.0,,,1.0
Escherichia coli 016-E1-U02,562.140851,1.0,,1.0,,1.0,0.0,0.0,,,1.0
Escherichia coli 016-E1-U04,562.140853,1.0,,1.0,,1.0,0.0,0.0,,,1.0
Escherichia coli 016-E1-U06,562.140849,1.0,,1.0,,1.0,0.0,0.0,,,1.0
Escherichia coli 0168d816-7bb9-11e9-a8d3-68b59976a384,562.100122,1.0,0.0,0.0,0.0,0.0,0.0,0.0,1.0,0.0,0.0
Escherichia coli 018-E1-DxU,562.14085,1.0,,0.0,,1.0,1.0,0.0,,,1.0
Escherichia coli 018-E1-S01,562.140845,1.0,,0.0,,1.0,1.0,0.0,,,1.0
Escherichia coli 018-E1-S02,562.140847,1.0,,0.0,,1.0,1.0,0.0,,,1.0
Escherichia coli 018-E1-S04,562.140843,1.0,,0.0,,1.0,1.0,0.0,,,1.0
Escherichia coli 018-E1-S06,562.140842,1.0,,0.0,,1.0,1.0,0.0,,,1.0
Escherichia coli 018-E1-U01,562.140846,1.0,,0.0,,1.0,1.0,0.0,,,1.0
Escherichia coli 018-E1-U02,562.140844,1.0,,0.0,,1.0,1.0,0.0,,,1.0
Escherichia coli 018-E1-U04,562.140839,1.0,,0.0,,1.0,1.0,0.0,,,1.0
Escherichia coli 018-E1-U06,562.14084,1.0,,0.0,,1.0,1.0,0.0,,,1.0
Escherichia coli 018-E2-DxU,562.140848,1.0,,0.0,,1.0,1.0,0.0,,,1.0
Escherichia coli 018-E2-S01,562.140838,1.0,,0.0,,1.0,1.0,0.0,,,1.0
Escherichia coli 018-E2-S02,562.140836,1.0,,0.0,,1.0,1.0,0.0,,,1.0
Escherichia coli 018-E2-S04,562.140835,1.0,,0.0,,1.0,1.0,0.0,,,1.0
Escherichia coli 018-E2-S06,562.140841,1.0,,0.0,,1.0,1.0,0.0,,,1.0
Escherichia coli 018-E2-U02,562.140837,1.0,,0.0,,1.0,1.0,0.0,,,1.0
Escherichia coli 018-E2-U04,562.140834,1.0,,0.0,,1.0,1.0,0.0,,,1.0
Escherichia coli 018-E2-U06,562.140833,1.0,,0.0,,1.0,1.0,0.0,,,1.0
Escherichia coli 018731c6-7bb9-11e9-a8d3-68b59976a384,562.100427,1.0,1.0,1.0,1.0,1.0,1.0,0.0,1.0,0.0,1.0
Escherichia coli 01a14a66-7bb9-11e9-a8d3-68b59976a384,562.100432,1.0,0.0,0.0,0.0,0.0,0.0,0.0,0.0,0.0,1.0
Escherichia coli 01bc0216-7bb9-11e9-a8d3-68b59976a384,562.100434,0.0,0.0,0.0,0.0,0.0,0.0,0.0,0.0,0.0,0.0
Escherichia coli 01e24002-7bb9-11e9-a8d3-68b59976a384,562.100783,0.0,0.0,0.0,,0.0,0.0,0.0,0.0,0.0,0.0
Escherichia coli 01fc8822-7bb9-11e9-a8d3-68b59976a384,562.100787,0.0,0.0,0.0,,0.0,0.0,0.0,0.0,0.0,0.0
Escherichia coli 02173e4c-7bb9-11e9-a8d3-68b59976a384,562.100786,1.0,0.0,0.0,,1.0,0.0,0.0,0.0,0.0,1.0
Escherichia coli 02314db4-7bb9-11e9-a8d3-68b59976a384,562.100789,1.0,0.0,0.0,,0.0,0.0,0.0,0.0,0.0,0.0
Escherichia coli 024bbfc8-7bb9-11e9-a8d3-68b59976a384,562.100129,1.0,0.0,0.0,0.0,0.0,0.0,0.0,1.0,0.0,0.0
Escherichia coli 02659fce-7bb9-11e9-a8d3-68b59976a384,562.100436,0.0,0.0,0.0,0.0,0.0,0.0,0.0,0.0,0.0,0.0
Escherichia coli 02809928-7bb9-11e9-a8d3-68b59976a384,562.100437,0.0,0.0,0.0,0.0,0.0,0.0,0.0,0.0,0.0,0.0
Escherichia coli 029b3d3c-7bb9-11e9-a8d3-68b59976a384,562.100439,0.0,0.0,0.0,0.0,0.0,0.0,0.0,0.0,0.0,0.0
Escherichia coli 02b5b4a0-7bb9-11e9-a8d3-68b59976a384,562.10079,1.0,0.0,0.0,,0.0,0.0,0.0,0.0,0.0,0.0
Escherichia coli 02d0acf6-7bb9-11e9-a8d3-68b59976a384,562.100795,0.0,0.0,0.0,,0.0,0.0,0.0,0.0,0.0,0.0
Escherichia coli 02eb43c2-7bb9-11e9-a8d3-68b59976a384,562.100794,0.0,0.0,0.0,,0.0,0.0,0.0,0.0,0.0,0.0
Escherichia coli 0306a6ee-7bb9-11e9-a8d3-68b59976a384,562.100797,0.0,0.0,0.0,,0.0,0.0,0.0,0.0,0.0,0.0
Escherichia coli 033e081e-7bb9-11e9-a8d3-68b59976a384,562.10044,1.0,0.0,0.0,0.0,0.0,0.0,0.0,0.0,0.0,0.0
Escherichia coli 035906a0-7bb9-11e9-a8d3-68b59976a384,562.100445,1.0,0.0,0.0,0.0,1.0,0.0,0.0,0.0,0.0,0.0
Escherichia coli 0374b49a-7bb9-11e9-a8d3-68b59976a384,562.100447,0.0,0.0,0.0,0.0,0.0,0.0,0.0,0.0,0.0,0.0
Escherichia coli 03917602-7bb9-11e9-a8d3-68b59976a384,562.100801,0.0,0.0,0.0,,0.0,0.0,0.0,0.0,0.0,0.0
Escherichia coli 03ac8596-7bb9-11e9-a8d3-68b59976a384,562.100803,0.0,0.0,0.0,,1.0,0.0,0.0,0.0,0.0,1.0
Escherichia coli 03c7b7e4-7bb9-11e9-a8d3-68b59976a384,562.100804,1.0,0.0,0.0,,0.0,0.0,0.0,1.0,0.0,0.0
Escherichia coli 03e3549a-7bb9-11e9-a8d3-68b59976a384,562.100449,1.0,1.0,1.0,1.0,1.0,1.0,0.0,0.0,0.0,1.0
Escherichia coli 03fe84d6-7bb9-11e9-a8d3-68b59976a384,562.100143,1.0,0.0,0.0,1.0,1.0,1.0,0.0,1.0,0.0,1.0
Escherichia coli 041a72a4-7bb9-11e9-a8d3-68b59976a384,562.100452,0.0,0.0,0.0,0.0,0.0,0.0,0.0,0.0,0.0,0.0
Escherichia coli 043580d0-7bb9-11e9-a8d3-68b59976a384,562.100454,0.0,0.0,0.0,0.0,0.0,0.0,0.0,0.0,0.0,0.0
Escherichia coli 04512164-7bb9-11e9-a8d3-68b59976a384,562.100453,0.0,0.0,0.0,0.0,0.0,0.0,0.0,0.0,0.0,0.0
Escherichia coli 046c7b9e-7bb9-11e9-a8d3-68b59976a384,562.100807,0.0,0.0,0.0,,0.0,0.0,0.0,0.0,0.0,0.0
Escherichia coli 04877ffc-7bb9-11e9-a8d3-68b59976a384,562.100809,1.0,0.0,0.0,,0.0,0.0,0.0,0.0,0.0,1.0
Escherichia coli 04a32afe-7bb9-11e9-a8d3-68b59976a384,562.10081,0.0,0.0,0.0,,1.0,0.0,0.0,0.0,0.0,0.0
Escherichia coli 04be2c78-7bb9-11e9-a8d3-68b59976a384,562.100457,0.0,0.0,0.0,0.0,0.0,0.0,0.0,0.0,0.0,0.0
Escherichia coli 04f43980-7bb9-11e9-a8d3-68b59976a384,562.100459,0.0,0.0,0.0,0.0,0.0,0.0,0.0,0.0,0.0,0.0
Escherichia coli 05473414-7bb9-11e9-a8d3-68b59976a384,562.100814,0.0,0.0,0.0,,0.0,0.0,0.0,0.0,1.0,0.0
Escherichia coli 0567d03e-7bb9-11e9-a8d3-68b59976a384,562.100817,1.0,0.0,0.0,,0.0,0.0,0.0,1.0,0.0,0.0
Escherichia coli 05872aba-7bb9-11e9-a8d3-68b59976a384,562.100818,1.0,0.0,0.0,,0.0,0.0,0.0,0.0,0.0,1.0
Escherichia coli 05a7106e-7bb9-11e9-a8d3-68b59976a384,562.100463,0.0,0.0,0.0,0.0,0.0,0.0,0.0,0.0,0.0,0.0
Escherichia coli 05cb4b50-7bb9-11e9-a8d3-68b59976a384,562.100462,0.0,0.0,0.0,0.0,0.0,0.0,0.0,0.0,0.0,0.0
Escherichia coli 05eb487e-7bb9-11e9-a8d3-68b59976a384,562.100466,0.0,0.0,0.0,0.0,0.0,0.0,0.0,0.0,0.0,0.0
Escherichia coli 060c1306-7bb9-11e9-a8d3-68b59976a384,562.100468,1.0,1.0,1.0,1.0,1.0,0.0,0.0,0.0,0.0,1.0
Escherichia coli 062bb526-7bb9-11e9-a8d3-68b59976a384,562.100471,0.0,0.0,0.0,0.0,0.0,0.0,0.0,0.0,0.0,0.0
Escherichia coli 064e56ee-7bb9-11e9-a8d3-68b59976a384,562.97902,0.0,,0.0,0.0,0.0,0.0,0.0,0.0,,0.0
Escherichia coli 066d70c4-7bb9-11e9-a8d3-68b59976a384,562.98024,1.0,0.0,0.0,,0.0,0.0,0.0,0.0,,0.0
Escherichia coli 06917f82-7bb9-11e9-a8d3-68b59976a384,562.98141,1.0,0.0,0.0,0.0,0.0,0.0,0.0,0.0,,0.0
Escherichia coli 06b0aa4c-7bb9-11e9-a8d3-68b59976a384,562.98272,0.0,0.0,0.0,0.0,0.0,0.0,0.0,0.0,,0.0
Escherichia coli 06ce8abc-7bb9-11e9-a8d3-68b59976a384,562.100474,1.0,0.0,0.0,0.0,0.0,0.0,0.0,0.0,0.0,1.0
Escherichia coli 06ecf1b4-7bb9-11e9-a8d3-68b59976a384,562.100476,1.0,0.0,0.0,0.0,1.0,0.0,0.0,0.0,0.0,1.0
Escherichia coli 070a64f6-7bb9-11e9-a8d3-68b59976a384,562.100475,1.0,1.0,1.0,1.0,1.0,1.0,0.0,0.0,0.0,1.0
Escherichia coli 071cb49e-7bb9-11e9-a8d3-68b59976a384,562.97793,1.0,,0.0,1.0,0.0,0.0,0.0,0.0,,1.0
Escherichia coli 072e7166-7bb9-11e9-a8d3-68b59976a384,562.97905,0.0,,0.0,0.0,0.0,0.0,0.0,0.0,,0.0
Escherichia coli 073f414e-7bb9-11e9-a8d3-68b59976a384,562.98023,1.0,0.0,0.0,,0.0,0.0,0.0,0.0,,1.0
Escherichia coli 0751b806-7bb9-11e9-a8d3-68b59976a384,562.98136,1.0,0.0,0.0,0.0,0.0,0.0,0.0,0.0,,0.0
Escherichia coli 0763a3c2-7bb9-11e9-a8d3-68b59976a384,562.98254,1.0,0.0,0.0,0.0,0.0,0.0,0.0,0.0,,1.0
Escherichia coli 07782202-7bb9-11e9-a8d3-68b59976a384,562.100319,0.0,0.0,0.0,0.0,0.0,0.0,0.0,0.0,0.0,0.0
Escherichia coli 078f9c8e-7bb9-11e9-a8d3-68b59976a384,562.100329,0.0,0.0,0.0,0.0,0.0,0.0,0.0,0.0,0.0,0.0
Escherichia coli 07a3a6ac-7bb9-11e9-a8d3-68b59976a384,562.100336,1.0,0.0,0.0,0.0,0.0,0.0,0.0,0.0,0.0,0.0
Escherichia coli 07bc626e-7bb9-11e9-a8d3-68b59976a384,562.97777,1.0,,0.0,0.0,0.0,0.0,0.0,0.0,,1.0
Escherichia coli 07d57a42-7bb9-11e9-a8d3-68b59976a384,562.9787,0.0,,0.0,0.0,0.0,0.0,0.0,0.0,,0.0
Escherichia coli 07f228a4-7bb9-11e9-a8d3-68b59976a384,562.97999,1.0,0.0,0.0,,0.0,0.0,0.0,0.0,,0.0
Escherichia coli 080a4740-7bb9-11e9-a8d3-68b59976a384,562.98133,0.0,0.0,0.0,0.0,0.0,0.0,0.0,0.0,,0.0
Escherichia coli 0821b4fc-7bb9-11e9-a8d3-68b59976a384,562.98255,0.0,0.0,0.0,0.0,0.0,0.0,0.0,0.0,,0.0
Escherichia coli 08392470-7bb9-11e9-a8d3-68b59976a384,562.100366,0.0,0.0,0.0,0.0,0.0,0.0,0.0,0.0,0.0,0.0
Escherichia coli 085102e8-7bb9-11e9-a8d3-68b59976a384,562.100371,0.0,0.0,0.0,0.0,0.0,0.0,0.0,0.0,0.0,0.0
Escherichia coli 086aae28-7bb9-11e9-a8d3-68b59976a384,562.100372,1.0,0.0,0.0,0.0,0.0,0.0,0.0,0.0,0.0,1.0
Escherichia coli 08893730-7bb9-11e9-a8d3-68b59976a384,562.97781,1.0,,0.0,0.0,0.0,0.0,0.0,0.0,,1.0
Escherichia coli 08a18844-7bb9-11e9-a8d3-68b59976a384,562.97882,0.0,,0.0,0.0,0.0,0.0,0.0,0.0,,0.0
Escherichia coli 08b9adac-7bb9-11e9-a8d3-68b59976a384,562.98002,0.0,0.0,0.0,,0.0,0.0,0.0,0.0,,0.0
Escherichia coli 0907df2c-7bb9-11e9-a8d3-68b59976a384,562.98138,0.0,0.0,0.0,0.0,0.0,0.0,0.0,0.0,,0.0
Escherichia coli 093ec334-7bb9-11e9-a8d3-68b59976a384,562.100374,1.0,1.0,1.0,1.0,0.0,0.0,0.0,0.0,0.0,1.0
Escherichia coli 095a20b6-7bb9-11e9-a8d3-68b59976a384,562.100375,1.0,1.0,1.0,1.0,1.0,1.0,0.0,1.0,0.0,1.0
Escherichia coli 0973e578-7bb9-11e9-a8d3-68b59976a384,562.100377,0.0,0.0,0.0,0.0,0.0,0.0,0.0,0.0,0.0,0.0
Escherichia coli 098e6e84-7bb9-11e9-a8d3-68b59976a384,562.97796,0.0,,0.0,0.0,0.0,0.0,0.0,0.0,,0.0
Escherichia coli 09a8cf04-7bb9-11e9-a8d3-68b59976a384,562.97886,0.0,,0.0,0.0,0.0,0.0,0.0,0.0,,0.0
Escherichia coli 09c2b482-7bb9-11e9-a8d3-68b59976a384,562.98003,0.0,0.0,0.0,,0.0,0.0,0.0,0.0,,0.0
Escherichia coli 09dd0f76-7bb9-11e9-a8d3-68b59976a384,562.9814,1.0,0.0,0.0,0.0,0.0,0.0,0.0,0.0,,0.0
Escherichia coli 09f6d06e-7bb9-11e9-a8d3-68b59976a384,562.98245,0.0,0.0,0.0,0.0,0.0,0.0,0.0,0.0,,0.0
Escherichia coli 0a108bbc-7bb9-11e9-a8d3-68b59976a384,562.100321,0.0,0.0,0.0,0.0,0.0,0.0,0.0,0.0,0.0,0.0
Escherichia coli 0a2a4642-7bb9-11e9-a8d3-68b59976a384,562.100323,0.0,0.0,0.0,0.0,0.0,0.0,0.0,0.0,0.0,0.0
Escherichia coli 0a460ee0-7bb9-11e9-a8d3-68b59976a384,562.100324,0.0,0.0,0.0,0.0,0.0,0.0,0.0,0.0,0.0,0.0
Escherichia coli 0a5f93f6-7bb9-11e9-a8d3-68b59976a384,562.97772,0.0,,0.0,0.0,0.0,0.0,0.0,0.0,,0.0
Escherichia coli 0a7944fe-7bb9-11e9-a8d3-68b59976a384,562.97864,0.0,,0.0,0.0,0.0,0.0,0.0,0.0,,0.0
Escherichia coli 0a9dde68-7bb9-11e9-a8d3-68b59976a384,562.97989,0.0,0.0,0.0,,0.0,0.0,0.0,0.0,,0.0
Escherichia coli 0ab8e7da-7bb9-11e9-a8d3-68b59976a384,562.98122,0.0,0.0,0.0,0.0,0.0,0.0,0.0,0.0,,0.0
Escherichia coli 0ad346ac-7bb9-11e9-a8d3-68b59976a384,562.98246,0.0,0.0,0.0,0.0,0.0,0.0,0.0,0.0,,0.0
Escherichia coli 0aed470a-7bb9-11e9-a8d3-68b59976a384,562.10032,0.0,0.0,0.0,0.0,0.0,0.0,0.0,0.0,0.0,1.0
Escherichia coli 0b078c32-7bb9-11e9-a8d3-68b59976a384,562.100326,0.0,0.0,0.0,0.0,0.0,0.0,0.0,0.0,0.0,0.0
Escherichia coli 0b218f60-7bb9-11e9-a8d3-68b59976a384,562.100327,1.0,0.0,0.0,0.0,0.0,0.0,0.0,0.0,0.0,1.0
Escherichia coli 0b3d3364-7bb9-11e9-a8d3-68b59976a384,562.97771,0.0,,0.0,0.0,0.0,0.0,0.0,0.0,,1.0
Escherichia coli 0b5918a4-7bb9-11e9-a8d3-68b59976a384,562.97867,0.0,,0.0,0.0,0.0,0.0,0.0,0.0,,0.0
Escherichia coli 0b7c5c06-7bb9-11e9-a8d3-68b59976a384,562.9797,1.0,0.0,0.0,,0.0,0.0,0.0,0.0,,0.0
Escherichia coli 0b98ea38-7bb9-11e9-a8d3-68b59976a384,562.98125,0.0,0.0,0.0,0.0,0.0,0.0,0.0,0.0,,0.0
Escherichia coli 0bbb1644-7bb9-11e9-a8d3-68b59976a384,562.98248,0.0,0.0,0.0,0.0,0.0,0.0,0.0,0.0,,0.0
Escherichia coli 0bd7f926-7bb9-11e9-a8d3-68b59976a384,562.100331,1.0,1.0,1.0,1.0,1.0,1.0,0.0,1.0,0.0,1.0
Escherichia coli 0bf33254-7bb9-11e9-a8d3-68b59976a384,562.100334,1.0,0.0,0.0,0.0,0.0,0.0,0.0,0.0,0.0,1.0
Escherichia coli 0c0fe566-7bb9-11e9-a8d3-68b59976a384,562.100333,0.0,0.0,0.0,0.0,0.0,0.0,0.0,0.0,0.0,0.0
Escherichia coli 0c2e2ca6-7bb9-11e9-a8d3-68b59976a384,562.97784,0.0,,0.0,0.0,0.0,0.0,0.0,0.0,,0.0
Escherichia coli 0c61f4aa-7bb9-11e9-a8d3-68b59976a384,562.97865,0.0,,0.0,0.0,0.0,0.0,0.0,0.0,,1.0
Escherichia coli 0c82216c-7bb9-11e9-a8d3-68b59976a384,562.97991,0.0,0.0,0.0,,0.0,0.0,0.0,0.0,,0.0
Escherichia coli 0ca6dc6e-7bb9-11e9-a8d3-68b59976a384,562.98116,0.0,0.0,0.0,0.0,0.0,0.0,0.0,0.0,,0.0
Escherichia coli 0cc55e28-7bb9-11e9-a8d3-68b59976a384,562.98249,1.0,0.0,0.0,0.0,0.0,0.0,0.0,0.0,,1.0
Escherichia coli 0ce095f8-7bb9-11e9-a8d3-68b59976a384,562.100338,0.0,0.0,0.0,0.0,0.0,0.0,0.0,0.0,0.0,0.0
Escherichia coli 0cfc3f42-7bb9-11e9-a8d3-68b59976a384,562.100339,0.0,0.0,0.0,0.0,0.0,0.0,0.0,0.0,0.0,0.0
Escherichia coli 0d170b6a-7bb9-11e9-a8d3-68b59976a384,562.10034,1.0,0.0,0.0,0.0,0.0,0.0,0.0,0.0,0.0,0.0
Escherichia coli 0d32b40a-7bb9-11e9-a8d3-68b59976a384,562.97783,1.0,,0.0,0.0,0.0,0.0,0.0,0.0,,0.0
Escherichia coli 0d4e2f82-7bb9-11e9-a8d3-68b59976a384,562.97868,0.0,,0.0,0.0,0.0,0.0,0.0,0.0,,0.0
Escherichia coli 0d68f15a-7bb9-11e9-a8d3-68b59976a384,562.97993,0.0,0.0,0.0,,0.0,0.0,0.0,0.0,,0.0
Escherichia coli 0d849b94-7bb9-11e9-a8d3-68b59976a384,562.98128,0.0,0.0,0.0,0.0,0.0,0.0,0.0,0.0,,0.0
Escherichia coli 0da04894-7bb9-11e9-a8d3-68b59976a384,562.98386,0.0,0.0,0.0,0.0,0.0,0.0,0.0,0.0,,1.0
Escherichia coli 0dbb855a-7bb9-11e9-a8d3-68b59976a384,562.100341,1.0,0.0,0.0,0.0,0.0,0.0,0.0,0.0,0.0,1.0
Escherichia coli 0dd6b9a6-7bb9-11e9-a8d3-68b59976a384,562.100342,0.0,0.0,0.0,0.0,0.0,0.0,0.0,0.0,0.0,0.0
Escherichia coli 0df2e2b6-7bb9-11e9-a8d3-68b59976a384,562.100343,0.0,0.0,0.0,0.0,0.0,0.0,0.0,0.0,0.0,0.0
Escherichia coli 0e0da704-7bb9-11e9-a8d3-68b59976a384,562.97776,0.0,,0.0,0.0,0.0,1.0,0.0,0.0,,1.0
Escherichia coli 0e290062-7bb9-11e9-a8d3-68b59976a384,562.97869,0.0,,0.0,0.0,0.0,0.0,0.0,0.0,,0.0
Escherichia coli 0e448094-7bb9-11e9-a8d3-68b59976a384,562.97997,0.0,0.0,0.0,,0.0,0.0,0.0,0.0,,1.0
Escherichia coli 0e600d5a-7bb9-11e9-a8d3-68b59976a384,562.98252,1.0,0.0,0.0,0.0,0.0,0.0,0.0,0.0,,0.0
Escherichia coli 0e7b1f46-7bb9-11e9-a8d3-68b59976a384,562.98384,0.0,0.0,0.0,0.0,0.0,0.0,0.0,0.0,,0.0
Escherichia coli 0e96183c-7bb9-11e9-a8d3-68b59976a384,562.100346,0.0,0.0,0.0,0.0,0.0,0.0,0.0,0.0,0.0,0.0
Escherichia coli 0eb08988-7bb9-11e9-a8d3-68b59976a384,562.100345,0.0,0.0,0.0,0.0,0.0,0.0,0.0,0.0,0.0,0.0
Escherichia coli 0ecb0f74-7bb9-11e9-a8d3-68b59976a384,562.100348,1.0,0.0,0.0,0.0,0.0,0.0,0.0,0.0,0.0,1.0
Escherichia coli 0ee61f76-7bb9-11e9-a8d3-68b59976a384,562.9778,1.0,,0.0,0.0,0.0,0.0,0.0,0.0,,1.0
Escherichia coli 0f00bb92-7bb9-11e9-a8d3-68b59976a384,562.97883,0.0,,0.0,0.0,0.0,0.0,0.0,0.0,,0.0
Escherichia coli 0f1b91ba-7bb9-11e9-a8d3-68b59976a384,562.9812,0.0,0.0,0.0,0.0,0.0,0.0,0.0,0.0,,0.0
Escherichia coli 0f3635f6-7bb9-11e9-a8d3-68b59976a384,562.98251,0.0,0.0,0.0,0.0,0.0,0.0,0.0,0.0,,0.0
Escherichia coli 0f51d1a8-7bb9-11e9-a8d3-68b59976a384,562.98388,0.0,0.0,0.0,0.0,0.0,0.0,0.0,0.0,,0.0
Escherichia coli 0f6d1d8c-7bb9-11e9-a8d3-68b59976a384,562.100355,0.0,0.0,0.0,0.0,0.0,0.0,0.0,0.0,0.0,0.0
Escherichia coli 0f89ca5e-7bb9-11e9-a8d3-68b59976a384,562.100356,0.0,0.0,0.0,0.0,0.0,0.0,0.0,0.0,0.0,0.0
Escherichia coli 0fa934d4-7bb9-11e9-a8d3-68b59976a384,562.100364,1.0,0.0,0.0,0.0,0.0,0.0,0.0,0.0,0.0,1.0
Escherichia coli 0fcfb492-7bb9-11e9-a8d3-68b59976a384,562.97779,0.0,,0.0,1.0,0.0,0.0,0.0,0.0,,0.0
Escherichia coli 0ff7b4f6-7bb9-11e9-a8d3-68b59976a384,562.98,0.0,0.0,0.0,,0.0,0.0,0.0,0.0,,0.0
Escherichia coli 10122250-7bb9-11e9-a8d3-68b59976a384,562.98131,0.0,0.0,0.0,0.0,0.0,0.0,0.0,0.0,,0.0
Escherichia coli 102cebe4-7bb9-11e9-a8d3-68b59976a384,562.98257,0.0,0.0,0.0,0.0,0.0,0.0,0.0,0.0,,0.0
Escherichia coli 1046bfe2-7bb9-11e9-a8d3-68b59976a384,562.98394,0.0,0.0,0.0,0.0,0.0,0.0,0.0,0.0,,0.0
Escherichia coli 106185ca-7bb9-11e9-a8d3-68b59976a384,562.98387,1.0,0.0,0.0,0.0,0.0,0.0,0.0,0.0,,1.0
Escherichia coli 107baa36-7bb9-11e9-a8d3-68b59976a384,562.9839,0.0,0.0,0.0,0.0,0.0,0.0,0.0,0.0,,0.0
Escherichia coli 1096d0e0-7bb9-11e9-a8d3-68b59976a384,562.98529,0.0,0.0,0.0,0.0,0.0,0.0,,0.0,0.0,0.0
Escherichia coli 10b0edf4-7bb9-11e9-a8d3-68b59976a384,562.98704,1.0,0.0,0.0,0.0,0.0,0.0,0.0,0.0,0.0,1.0
Escherichia coli 10cb4adc-7bb9-11e9-a8d3-68b59976a384,562.98886,1.0,0.0,0.0,0.0,0.0,0.0,0.0,0.0,1.0,1.0
Escherichia coli 10e57c9a-7bb9-11e9-a8d3-68b59976a384,562.98887,0.0,0.0,0.0,0.0,0.0,0.0,0.0,0.0,0.0,0.0
Escherichia coli 10ffbef2-7bb9-11e9-a8d3-68b59976a384,562.99098,1.0,0.0,0.0,0.0,0.0,0.0,0.0,0.0,0.0,0.0
Escherichia coli 1119ae66-7bb9-11e9-a8d3-68b59976a384,562.97875,0.0,,0.0,0.0,0.0,0.0,0.0,0.0,,0.0
Escherichia coli 1133596a-7bb9-11e9-a8d3-68b59976a384,562.98392,0.0,0.0,0.0,0.0,0.0,0.0,0.0,0.0,,0.0
Escherichia coli 114df43c-7bb9-11e9-a8d3-68b59976a384,562.98534,0.0,0.0,0.0,0.0,0.0,0.0,,0.0,0.0,1.0
Escherichia coli 1168f4ee-7bb9-11e9-a8d3-68b59976a384,562.98535,0.0,0.0,0.0,0.0,0.0,0.0,,0.0,0.0,0.0
Escherichia coli 11835f14-7bb9-11e9-a8d3-68b59976a384,562.98706,1.0,0.0,0.0,0.0,0.0,0.0,0.0,0.0,0.0,1.0
Escherichia coli 119d8826-7bb9-11e9-a8d3-68b59976a384,562.98889,1.0,0.0,0.0,0.0,0.0,0.0,0.0,0.0,0.0,1.0
Escherichia coli 11b92edc-7bb9-11e9-a8d3-68b59976a384,562.98888,0.0,0.0,0.0,0.0,0.0,0.0,0.0,0.0,0.0,0.0
Escherichia coli 11d45522-7bb9-11e9-a8d3-68b59976a384,562.99071,0.0,0.0,0.0,0.0,0.0,0.0,0.0,0.0,0.0,0.0
Escherichia coli 11f08350-7bb9-11e9-a8d3-68b59976a384,562.97807,0.0,,0.0,0.0,0.0,0.0,0.0,0.0,,0.0
Escherichia coli 120ac6d4-7bb9-11e9-a8d3-68b59976a384,562.98338,0.0,0.0,0.0,0.0,0.0,0.0,0.0,0.0,,0.0
Escherichia coli 12258cbc-7bb9-11e9-a8d3-68b59976a384,562.98536,0.0,0.0,0.0,0.0,0.0,0.0,,0.0,0.0,0.0
Escherichia coli 123f4f8a-7bb9-11e9-a8d3-68b59976a384,562.98549,1.0,0.0,0.0,1.0,0.0,0.0,,0.0,0.0,0.0
Escherichia coli 12590f38-7bb9-11e9-a8d3-68b59976a384,562.9871,0.0,0.0,0.0,0.0,0.0,0.0,0.0,0.0,0.0,1.0
Escherichia coli 1273efec-7bb9-11e9-a8d3-68b59976a384,562.98875,0.0,0.0,0.0,0.0,0.0,0.0,0.0,0.0,0.0,0.0
Escherichia coli 128ed3fc-7bb9-11e9-a8d3-68b59976a384,562.98878,0.0,0.0,0.0,0.0,0.0,0.0,0.0,0.0,0.0,0.0
Escherichia coli 12b0bcc4-7bb9-11e9-a8d3-68b59976a384,562.99089,0.0,0.0,0.0,0.0,0.0,0.0,0.0,0.0,0.0,0.0
Escherichia coli 12cd556e-7bb9-11e9-a8d3-68b59976a384,562.97797,0.0,,0.0,0.0,0.0,0.0,0.0,0.0,,0.0
Escherichia coli 12e72b1a-7bb9-11e9-a8d3-68b59976a384,562.98385,0.0,0.0,0.0,0.0,0.0,0.0,0.0,0.0,,0.0
Escherichia coli 130205ca-7bb9-11e9-a8d3-68b59976a384,562.9848,1.0,0.0,0.0,0.0,0.0,0.0,,0.0,0.0,1.0
Escherichia coli 131ccef0-7bb9-11e9-a8d3-68b59976a384,562.98523,1.0,0.0,0.0,0.0,0.0,0.0,,0.0,0.0,1.0
Escherichia coli 1336691e-7bb9-11e9-a8d3-68b59976a384,562.987,0.0,0.0,0.0,0.0,0.0,0.0,0.0,0.0,0.0,0.0
Escherichia coli 13523824-7bb9-11e9-a8d3-68b59976a384,562.98891,0.0,0.0,0.0,0.0,0.0,0.0,0.0,0.0,0.0,0.0
Escherichia coli 136c0ed4-7bb9-11e9-a8d3-68b59976a384,562.98893,1.0,1.0,0.0,1.0,0.0,1.0,0.0,0.0,0.0,1.0
Escherichia coli 1386c80a-7bb9-11e9-a8d3-68b59976a384,562.99088,0.0,0.0,0.0,0.0,1.0,0.0,0.0,0.0,0.0,1.0
Escherichia coli 13a18ea6-7bb9-11e9-a8d3-68b59976a384,562.97873,1.0,,0.0,0.0,0.0,0.0,0.0,0.0,,1.0
Escherichia coli 13bc308a-7bb9-11e9-a8d3-68b59976a384,562.9834,0.0,0.0,0.0,0.0,0.0,0.0,0.0,0.0,,0.0
Escherichia coli 13d6b13a-7bb9-11e9-a8d3-68b59976a384,562.98481,0.0,0.0,0.0,0.0,0.0,0.0,,0.0,0.0,0.0
Escherichia coli 13f08826-7bb9-11e9-a8d3-68b59976a384,562.98537,1.0,0.0,0.0,1.0,0.0,0.0,,0.0,0.0,0.0
Escherichia coli 140b15c4-7bb9-11e9-a8d3-68b59976a384,562.98702,0.0,0.0,0.0,0.0,0.0,0.0,0.0,0.0,0.0,0.0
Escherichia coli 142599da-7bb9-11e9-a8d3-68b59976a384,562.98894,0.0,0.0,0.0,0.0,0.0,0.0,0.0,0.0,0.0,0.0
Escherichia coli 143fe38a-7bb9-11e9-a8d3-68b59976a384,562.98892,1.0,1.0,0.0,1.0,0.0,1.0,0.0,0.0,0.0,1.0
Escherichia coli 145b249c-7bb9-11e9-a8d3-68b59976a384,562.99078,0.0,0.0,0.0,0.0,0.0,0.0,0.0,0.0,0.0,0.0
Escherichia coli 14762526-7bb9-11e9-a8d3-68b59976a384,562.97887,0.0,,0.0,0.0,0.0,0.0,0.0,0.0,,0.0
Escherichia coli 1491aad0-7bb9-11e9-a8d3-68b59976a384,562.98405,1.0,0.0,0.0,0.0,1.0,0.0,0.0,0.0,,1.0
Escherichia coli 14aca484-7bb9-11e9-a8d3-68b59976a384,562.9855,0.0,0.0,0.0,0.0,0.0,0.0,,0.0,0.0,0.0
Escherichia coli 14ca2644-7bb9-11e9-a8d3-68b59976a384,562.98539,1.0,0.0,0.0,0.0,0.0,0.0,,0.0,0.0,1.0
Escherichia coli 14e4c8e6-7bb9-11e9-a8d3-68b59976a384,562.98713,1.0,0.0,0.0,0.0,0.0,0.0,0.0,0.0,0.0,0.0
Escherichia coli 14ff7a74-7bb9-11e9-a8d3-68b59976a384,562.98908,0.0,0.0,0.0,0.0,0.0,0.0,0.0,0.0,0.0,0.0
Escherichia coli 1519e936-7bb9-11e9-a8d3-68b59976a384,562.98868,1.0,0.0,0.0,0.0,0.0,0.0,0.0,0.0,0.0,0.0
Escherichia coli 1533eea8-7bb9-11e9-a8d3-68b59976a384,562.99072,0.0,0.0,0.0,0.0,0.0,0.0,0.0,0.0,0.0,0.0
Escherichia coli 154ea14e-7bb9-11e9-a8d3-68b59976a384,562.9798,1.0,0.0,0.0,,1.0,0.0,0.0,0.0,,0.0
Escherichia coli 15696934-7bb9-11e9-a8d3-68b59976a384,562.98341,0.0,0.0,0.0,0.0,0.0,0.0,0.0,0.0,,0.0
Escherichia coli 15851efe-7bb9-11e9-a8d3-68b59976a384,562.98526,1.0,0.0,0.0,0.0,1.0,0.0,,0.0,0.0,1.0
Escherichia coli 159f9964-7bb9-11e9-a8d3-68b59976a384,562.98521,1.0,0.0,0.0,0.0,1.0,0.0,,0.0,0.0,1.0
Escherichia coli 15b9e292-7bb9-11e9-a8d3-68b59976a384,562.98694,1.0,0.0,0.0,0.0,0.0,0.0,0.0,0.0,0.0,1.0
Escherichia coli 15d49286-7bb9-11e9-a8d3-68b59976a384,562.98871,1.0,0.0,0.0,0.0,0.0,0.0,0.0,0.0,0.0,1.0
Escherichia coli 15ef628c-7bb9-11e9-a8d3-68b59976a384,562.99063,1.0,0.0,0.0,0.0,0.0,0.0,0.0,0.0,0.0,0.0
Escherichia coli 160b67f2-7bb9-11e9-a8d3-68b59976a384,562.99062,0.0,0.0,0.0,0.0,0.0,0.0,0.0,0.0,0.0,0.0
Escherichia coli 16318cac-7bb9-11e9-a8d3-68b59976a384,562.97984,1.0,0.0,0.0,,0.0,0.0,,0.0,,0.0
Escherichia coli 164b3c60-7bb9-11e9-a8d3-68b59976a384,562.98342,0.0,0.0,0.0,0.0,0.0,0.0,0.0,0.0,,0.0
Escherichia coli 166efb46-7bb9-11e9-a8d3-68b59976a384,562.98525,1.0,0.0,0.0,0.0,1.0,1.0,,0.0,0.0,1.0
Escherichia coli 16887544-7bb9-11e9-a8d3-68b59976a384,562.98528,1.0,0.0,0.0,0.0,0.0,0.0,,0.0,0.0,0.0
Escherichia coli 16a2c21e-7bb9-11e9-a8d3-68b59976a384,562.98657,0.0,0.0,0.0,0.0,0.0,0.0,0.0,0.0,0.0,0.0
Escherichia coli 16bcd2bc-7bb9-11e9-a8d3-68b59976a384,562.98876,0.0,0.0,0.0,0.0,0.0,0.0,0.0,0.0,0.0,0.0
Escherichia coli 16d6a3ea-7bb9-11e9-a8d3-68b59976a384,562.99066,1.0,0.0,0.0,0.0,0.0,0.0,0.0,0.0,0.0,1.0
Escherichia coli 16f0ae84-7bb9-11e9-a8d3-68b59976a384,562.9907,1.0,0.0,0.0,0.0,0.0,0.0,0.0,0.0,0.0,0.0
Escherichia coli 170a7e04-7bb9-11e9-a8d3-68b59976a384,562.97971,1.0,0.0,0.0,,0.0,0.0,0.0,0.0,,0.0
Escherichia coli 1724c2b4-7bb9-11e9-a8d3-68b59976a384,562.98343,0.0,0.0,0.0,0.0,0.0,0.0,0.0,0.0,,0.0
Escherichia coli 173edb72-7bb9-11e9-a8d3-68b59976a384,562.98517,0.0,0.0,0.0,0.0,0.0,0.0,,0.0,0.0,0.0
Escherichia coli 176054aa-7bb9-11e9-a8d3-68b59976a384,562.98709,0.0,0.0,0.0,0.0,0.0,0.0,0.0,0.0,0.0,0.0
Escherichia coli 177aef90-7bb9-11e9-a8d3-68b59976a384,562.98703,1.0,0.0,0.0,0.0,0.0,0.0,0.0,0.0,0.0,1.0
Escherichia coli 1794ea44-7bb9-11e9-a8d3-68b59976a384,562.98877,1.0,0.0,0.0,0.0,0.0,0.0,0.0,0.0,0.0,1.0
Escherichia coli 17af7c74-7bb9-11e9-a8d3-68b59976a384,562.99069,0.0,0.0,0.0,0.0,0.0,0.0,0.0,0.0,0.0,0.0
Escherichia coli 17ccdba2-7bb9-11e9-a8d3-68b59976a384,562.99064,0.0,0.0,0.0,0.0,0.0,0.0,0.0,0.0,0.0,0.0
Escherichia coli 17e78f88-7bb9-11e9-a8d3-68b59976a384,562.97992,0.0,0.0,0.0,,0.0,0.0,0.0,0.0,,0.0
Escherichia coli 1800f8f6-7bb9-11e9-a8d3-68b59976a384,562.984,1.0,0.0,0.0,0.0,0.0,1.0,0.0,0.0,,1.0
Escherichia coli 181ae914-7bb9-11e9-a8d3-68b59976a384,562.98522,0.0,0.0,0.0,0.0,0.0,0.0,,0.0,0.0,0.0
Escherichia coli 1834e53a-7bb9-11e9-a8d3-68b59976a384,562.98708,0.0,0.0,0.0,0.0,0.0,0.0,0.0,0.0,0.0,0.0
Escherichia coli 186c3a94-7bb9-11e9-a8d3-68b59976a384,562.98879,1.0,0.0,0.0,0.0,0.0,0.0,0.0,0.0,0.0,1.0
Escherichia coli 1889bd26-7bb9-11e9-a8d3-68b59976a384,562.99095,1.0,0.0,0.0,0.0,0.0,0.0,0.0,0.0,0.0,0.0
Escherichia coli 18a42a62-7bb9-11e9-a8d3-68b59976a384,562.99094,0.0,0.0,0.0,0.0,0.0,0.0,0.0,0.0,0.0,0.0
Escherichia coli 18bed56a-7bb9-11e9-a8d3-68b59976a384,562.97994,1.0,0.0,0.0,,1.0,1.0,0.0,0.0,,0.0
Escherichia coli 18d98ebe-7bb9-11e9-a8d3-68b59976a384,562.98365,0.0,0.0,0.0,0.0,0.0,0.0,0.0,0.0,,0.0
Escherichia coli 18f4b13a-7bb9-11e9-a8d3-68b59976a384,562.9853,0.0,0.0,0.0,0.0,0.0,0.0,,0.0,0.0,0.0
Escherichia coli 190f6b42-7bb9-11e9-a8d3-68b59976a384,562.98707,0.0,0.0,0.0,0.0,0.0,0.0,0.0,0.0,0.0,0.0
Escherichia coli 192a119a-7bb9-11e9-a8d3-68b59976a384,562.98658,0.0,0.0,0.0,0.0,0.0,0.0,0.0,0.0,0.0,0.0
Escherichia coli 1944e092-7bb9-11e9-a8d3-68b59976a384,562.98885,0.0,0.0,0.0,0.0,0.0,0.0,0.0,0.0,0.0,0.0
Escherichia coli 195f3b04-7bb9-11e9-a8d3-68b59976a384,562.99074,0.0,0.0,0.0,0.0,0.0,0.0,0.0,0.0,0.0,0.0
Escherichia coli 1979c456-7bb9-11e9-a8d3-68b59976a384,562.97774,1.0,,0.0,0.0,0.0,0.0,0.0,0.0,,0.0
Escherichia coli 19940d34-7bb9-11e9-a8d3-68b59976a384,562.97995,0.0,0.0,0.0,,0.0,0.0,0.0,0.0,,0.0
Escherichia coli 19ae3998-7bb9-11e9-a8d3-68b59976a384,562.98383,1.0,0.0,0.0,0.0,0.0,0.0,0.0,0.0,,1.0
Escherichia coli 19c7f81a-7bb9-11e9-a8d3-68b59976a384,562.98518,1.0,0.0,0.0,0.0,0.0,0.0,,0.0,0.0,0.0
Escherichia coli 19e1e3c4-7bb9-11e9-a8d3-68b59976a384,562.98705,0.0,0.0,0.0,0.0,0.0,0.0,0.0,0.0,0.0,0.0
Escherichia coli 19fb66fa-7bb9-11e9-a8d3-68b59976a384,562.98701,1.0,0.0,0.0,0.0,0.0,0.0,0.0,0.0,0.0,1.0
Escherichia coli 1a15a6b4-7bb9-11e9-a8d3-68b59976a384,562.98881,0.0,0.0,0.0,0.0,0.0,0.0,0.0,0.0,0.0,0.0
Escherichia coli 1a2f7a8a-7bb9-11e9-a8d3-68b59976a384,562.99091,1.0,0.0,0.0,0.0,1.0,0.0,0.0,0.0,0.0,1.0
Escherichia coli 1a49efd2-7bb9-11e9-a8d3-68b59976a384,562.97866,1.0,,0.0,0.0,0.0,0.0,0.0,0.0,,1.0
Escherichia coli 1a6354ae-7bb9-11e9-a8d3-68b59976a384,562.97996,1.0,0.0,0.0,,0.0,0.0,0.0,0.0,,0.0
Escherichia coli 1a7daf0c-7bb9-11e9-a8d3-68b59976a384,562.98884,0.0,0.0,0.0,0.0,0.0,0.0,0.0,0.0,0.0,0.0
Escherichia coli 1a9775b8-7bb9-11e9-a8d3-68b59976a384,562.99093,1.0,0.0,0.0,0.0,0.0,0.0,0.0,0.0,0.0,1.0
Escherichia coli 1ab1265c-7bb9-11e9-a8d3-68b59976a384,562.99545,0.0,0.0,0.0,0.0,0.0,0.0,0.0,0.0,0.0,0.0
Escherichia coli 1acb658a-7bb9-11e9-a8d3-68b59976a384,562.99805,0.0,0.0,0.0,0.0,0.0,0.0,0.0,0.0,0.0,0.0
Escherichia coli 1ae59072-7bb9-11e9-a8d3-68b59976a384,562.100354,1.0,0.0,0.0,0.0,1.0,0.0,0.0,0.0,0.0,0.0
Escherichia coli 1afff778-7bb9-11e9-a8d3-68b59976a384,562.100633,0.0,0.0,0.0,,0.0,0.0,0.0,0.0,0.0,0.0
Escherichia coli 1b1a0e06-7bb9-11e9-a8d3-68b59976a384,562.100071,1.0,0.0,0.0,0.0,0.0,0.0,0.0,0.0,0.0,0.0
Escherichia coli 1b33ca76-7bb9-11e9-a8d3-68b59976a384,562.100072,0.0,0.0,0.0,0.0,0.0,0.0,0.0,0.0,0.0,0.0
Escherichia coli 1b4d9258-7bb9-11e9-a8d3-68b59976a384,562.98882,0.0,0.0,0.0,0.0,0.0,0.0,0.0,0.0,0.0,0.0
Escherichia coli 1b67b3c2-7bb9-11e9-a8d3-68b59976a384,562.99302,0.0,0.0,0.0,0.0,0.0,0.0,0.0,0.0,0.0,0.0
Escherichia coli 1b81fb42-7bb9-11e9-a8d3-68b59976a384,562.99547,0.0,0.0,0.0,0.0,0.0,0.0,0.0,0.0,0.0,1.0
Escherichia coli 1b9c3e80-7bb9-11e9-a8d3-68b59976a384,562.99803,0.0,0.0,0.0,0.0,0.0,0.0,0.0,0.0,0.0,0.0
Escherichia coli 1bb68bf0-7bb9-11e9-a8d3-68b59976a384,562.100363,0.0,0.0,0.0,0.0,0.0,0.0,0.0,0.0,0.0,0.0
Escherichia coli 1bd0f184-7bb9-11e9-a8d3-68b59976a384,562.100641,1.0,0.0,0.0,,0.0,0.0,0.0,0.0,0.0,0.0
Escherichia coli 1bebedf4-7bb9-11e9-a8d3-68b59976a384,562.100029,1.0,0.0,0.0,0.0,0.0,0.0,0.0,0.0,0.0,0.0
Escherichia coli 1c1279b0-7bb9-11e9-a8d3-68b59976a384,562.100074,1.0,0.0,0.0,0.0,1.0,0.0,0.0,0.0,0.0,0.0
Escherichia coli 1c2c3cf6-7bb9-11e9-a8d3-68b59976a384,562.98883,0.0,0.0,0.0,0.0,0.0,0.0,0.0,0.0,0.0,0.0
Escherichia coli 1c45e30e-7bb9-11e9-a8d3-68b59976a384,562.99303,0.0,0.0,0.0,0.0,0.0,0.0,0.0,0.0,0.0,0.0
Escherichia coli 1c79c82c-7bb9-11e9-a8d3-68b59976a384,562.99811,0.0,0.0,0.0,0.0,0.0,0.0,0.0,0.0,0.0,0.0
Escherichia coli 1c92b8fa-7bb9-11e9-a8d3-68b59976a384,562.100365,0.0,0.0,0.0,0.0,0.0,0.0,0.0,0.0,0.0,0.0
Escherichia coli 1cac5ee0-7bb9-11e9-a8d3-68b59976a384,562.100643,1.0,1.0,1.0,,1.0,0.0,0.0,0.0,0.0,0.0
Escherichia coli 1cc5c0e2-7bb9-11e9-a8d3-68b59976a384,562.10008,0.0,0.0,0.0,0.0,0.0,0.0,0.0,0.0,0.0,0.0
Escherichia coli 1cdf81c6-7bb9-11e9-a8d3-68b59976a384,562.100079,1.0,0.0,0.0,0.0,0.0,0.0,0.0,0.0,0.0,0.0
Escherichia coli 1cf9b08c-7bb9-11e9-a8d3-68b59976a384,562.9889,0.0,0.0,0.0,0.0,0.0,0.0,0.0,0.0,0.0,0.0
Escherichia coli 1d173f62-7bb9-11e9-a8d3-68b59976a384,562.99305,0.0,0.0,0.0,0.0,0.0,1.0,0.0,0.0,0.0,0.0
Escherichia coli 1d32fae0-7bb9-11e9-a8d3-68b59976a384,562.99549,1.0,0.0,0.0,0.0,0.0,1.0,0.0,0.0,0.0,1.0
Escherichia coli 1d4d9bd4-7bb9-11e9-a8d3-68b59976a384,562.99799,0.0,0.0,0.0,0.0,0.0,0.0,0.0,0.0,0.0,0.0
Escherichia coli 1d6961d4-7bb9-11e9-a8d3-68b59976a384,562.100373,0.0,0.0,0.0,0.0,0.0,0.0,0.0,0.0,0.0,0.0
Escherichia coli 1d86dd9a-7bb9-11e9-a8d3-68b59976a384,562.100624,1.0,0.0,0.0,,0.0,0.0,0.0,0.0,0.0,0.0
Escherichia coli 1da1b12e-7bb9-11e9-a8d3-68b59976a384,562.100043,1.0,0.0,0.0,0.0,0.0,0.0,0.0,0.0,0.0,1.0
Escherichia coli 1dbbf05c-7bb9-11e9-a8d3-68b59976a384,562.100051,0.0,0.0,0.0,0.0,0.0,0.0,0.0,0.0,0.0,0.0
Escherichia coli 1dd6bc3e-7bb9-11e9-a8d3-68b59976a384,562.9888,0.0,0.0,0.0,0.0,0.0,0.0,0.0,0.0,0.0,0.0
Escherichia coli 1df0aec8-7bb9-11e9-a8d3-68b59976a384,562.99299,1.0,0.0,0.0,0.0,0.0,0.0,0.0,0.0,0.0,0.0
Escherichia coli 1e0b65b0-7bb9-11e9-a8d3-68b59976a384,562.99556,0.0,0.0,0.0,0.0,0.0,0.0,0.0,0.0,0.0,1.0
Escherichia coli 1e252306-7bb9-11e9-a8d3-68b59976a384,562.99808,0.0,0.0,0.0,0.0,0.0,0.0,0.0,0.0,0.0,0.0
Escherichia coli 1e3ec7ac-7bb9-11e9-a8d3-68b59976a384,562.100368,0.0,0.0,0.0,0.0,0.0,0.0,0.0,0.0,0.0,0.0
Escherichia coli 1e5a4f40-7bb9-11e9-a8d3-68b59976a384,562.100645,0.0,0.0,0.0,,0.0,0.0,0.0,0.0,0.0,0.0
Escherichia coli 1e751690-7bb9-11e9-a8d3-68b59976a384,562.100085,1.0,0.0,0.0,0.0,0.0,0.0,0.0,0.0,0.0,1.0
Escherichia coli 1e8fb8e2-7bb9-11e9-a8d3-68b59976a384,562.100087,0.0,0.0,0.0,0.0,0.0,0.0,0.0,0.0,0.0,0.0
Escherichia coli 1ea9cffc-7bb9-11e9-a8d3-68b59976a384,562.98895,0.0,0.0,0.0,0.0,0.0,0.0,0.0,0.0,0.0,0.0
Escherichia coli 1ec4f0de-7bb9-11e9-a8d3-68b59976a384,562.99306,0.0,0.0,0.0,1.0,0.0,0.0,0.0,0.0,0.0,0.0
Escherichia coli 1ee12506-7bb9-11e9-a8d3-68b59976a384,562.99552,1.0,0.0,0.0,0.0,0.0,0.0,0.0,0.0,0.0,1.0
Escherichia coli 1efbce42-7bb9-11e9-a8d3-68b59976a384,562.9981,0.0,0.0,0.0,0.0,0.0,0.0,0.0,0.0,0.0,0.0
Escherichia coli 1f175e46-7bb9-11e9-a8d3-68b59976a384,562.100376,0.0,0.0,0.0,0.0,0.0,0.0,0.0,0.0,0.0,0.0
Escherichia coli 1f32b3da-7bb9-11e9-a8d3-68b59976a384,562.100646,1.0,0.0,0.0,,0.0,0.0,0.0,0.0,0.0,0.0
Escherichia coli 1f4d67c0-7bb9-11e9-a8d3-68b59976a384,562.100089,1.0,0.0,0.0,0.0,0.0,0.0,0.0,0.0,0.0,0.0
Escherichia coli 1f688e7e-7bb9-11e9-a8d3-68b59976a384,562.100088,1.0,0.0,0.0,0.0,0.0,0.0,0.0,0.0,0.0,1.0
Escherichia coli 1f83d5bc-7bb9-11e9-a8d3-68b59976a384,562.98905,0.0,0.0,0.0,0.0,0.0,0.0,0.0,0.0,0.0,0.0
Escherichia coli 1f9f047c-7bb9-11e9-a8d3-68b59976a384,562.99301,1.0,0.0,0.0,0.0,0.0,0.0,0.0,0.0,0.0,0.0
Escherichia coli 1fd4e8d0-7bb9-11e9-a8d3-68b59976a384,562.10009,0.0,0.0,0.0,0.0,0.0,0.0,0.0,0.0,0.0,0.0
Escherichia coli 1fef9ba8-7bb9-11e9-a8d3-68b59976a384,562.100316,1.0,0.0,0.0,0.0,0.0,0.0,0.0,0.0,0.0,1.0
Escherichia coli 200a4a48-7bb9-11e9-a8d3-68b59976a384,562.100626,0.0,0.0,0.0,,0.0,0.0,0.0,0.0,0.0,0.0
Escherichia coli 20200203_MGL_01,562.13559,1.0,,,,1.0,,,,,1.0
Escherichia coli 20200203_MGL_03,562.135594,1.0,,,,1.0,,,,,1.0
Escherichia coli 20200203_MGL_04,562.145372,1.0,,,,1.0,,,,,1.0
Escherichia coli 20200203_MGL_05,562.144932,1.0,,,,1.0,,,,,1.0
Escherichia coli 20200203_MGL_06,562.135581,1.0,,,,1.0,,,,,1.0
Escherichia coli 20200203_MGL_07,562.14492,1.0,,,,1.0,,,,,1.0
Escherichia coli 20200203_MGL_08,562.144917,1.0,,,,1.0,,,,,1.0
Escherichia coli 20200203_MGL_11,562.144927,1.0,,,,1.0,,,,,1.0
Escherichia coli 20200203_MGL_12,562.135591,1.0,,,,1.0,,,,,1.0
Escherichia coli 20200203_MGL_16,562.144928,1.0,,,,1.0,,,,,1.0
Escherichia coli 20200203_MGL_19,562.144935,1.0,,,,1.0,,,,,1.0
Escherichia coli 20200203_MGL_20,562.135584,1.0,,,,1.0,,,,,0.0
Escherichia coli 20200203_MGL_22,562.13557,1.0,,,,1.0,,,,,1.0
Escherichia coli 20200317_MGL_35,562.135583,1.0,,,,1.0,,,,,1.0
Escherichia coli 20200622_MGL_66,562.135567,1.0,,,,1.0,,,,,1.0
Escherichia coli 20200622_MGL_67,562.135568,1.0,,,,1.0,,,,,1.0
Escherichia coli 202466b2-7bb9-11e9-a8d3-68b59976a384,562.100038,1.0,0.0,0.0,0.0,0.0,0.0,0.0,0.0,0.0,0.0
Escherichia coli 203f501c-7bb9-11e9-a8d3-68b59976a384,562.100039,0.0,0.0,0.0,0.0,0.0,0.0,0.0,0.0,0.0,0.0
Escherichia coli 2059bd44-7bb9-11e9-a8d3-68b59976a384,562.98872,1.0,0.0,0.0,0.0,0.0,0.0,0.0,0.0,0.0,0.0
Escherichia coli 2076139a-7bb9-11e9-a8d3-68b59976a384,562.99295,0.0,0.0,0.0,0.0,1.0,0.0,0.0,0.0,0.0,0.0
Escherichia coli 2090c528-7bb9-11e9-a8d3-68b59976a384,562.99794,0.0,0.0,0.0,0.0,0.0,0.0,0.0,0.0,0.0,0.0
Escherichia coli 20aafda8-7bb9-11e9-a8d3-68b59976a384,562.100042,1.0,0.0,0.0,0.0,0.0,0.0,0.0,0.0,0.0,0.0
Escherichia coli 20c63fbe-7bb9-11e9-a8d3-68b59976a384,562.100318,0.0,0.0,0.0,0.0,0.0,0.0,0.0,0.0,0.0,0.0
Escherichia coli 20e24e34-7bb9-11e9-a8d3-68b59976a384,562.100627,0.0,0.0,0.0,,0.0,0.0,0.0,0.0,0.0,0.0
Escherichia coli 20fce848-7bb9-11e9-a8d3-68b59976a384,562.100044,1.0,1.0,0.0,1.0,1.0,0.0,0.0,1.0,0.0,1.0
Escherichia coli 2117b722-7bb9-11e9-a8d3-68b59976a384,562.100045,1.0,0.0,0.0,0.0,0.0,0.0,0.0,0.0,0.0,1.0
Escherichia coli 21324fec-7bb9-11e9-a8d3-68b59976a384,562.99068,1.0,0.0,0.0,0.0,1.0,0.0,0.0,0.0,0.0,0.0
Escherichia coli 2188ded4-7bb9-11e9-a8d3-68b59976a384,562.99796,1.0,0.0,0.0,0.0,1.0,0.0,0.0,0.0,0.0,1.0
Escherichia coli 21a77af6-7bb9-11e9-a8d3-68b59976a384,562.100047,0.0,0.0,0.0,0.0,0.0,0.0,0.0,0.0,0.0,0.0
Escherichia coli 21ceedac-7bb9-11e9-a8d3-68b59976a384,562.10033,1.0,0.0,0.0,0.0,0.0,1.0,0.0,0.0,0.0,0.0
Escherichia coli 21eafdbc-7bb9-11e9-a8d3-68b59976a384,562.100628,1.0,0.0,0.0,,0.0,0.0,0.0,0.0,0.0,1.0
Escherichia coli 2204ffbe-7bb9-11e9-a8d3-68b59976a384,562.100049,0.0,0.0,0.0,0.0,0.0,0.0,0.0,0.0,0.0,1.0
Escherichia coli 221e900a-7bb9-11e9-a8d3-68b59976a384,562.10005,1.0,1.0,1.0,1.0,1.0,1.0,0.0,1.0,0.0,1.0
Escherichia coli 225209d0-7bb9-11e9-a8d3-68b59976a384,562.99538,1.0,0.0,0.0,0.0,0.0,1.0,0.0,0.0,0.0,0.0
Escherichia coli 226e851a-7bb9-11e9-a8d3-68b59976a384,562.99798,0.0,0.0,0.0,0.0,0.0,0.0,0.0,0.0,0.0,0.0
Escherichia coli 228b5046-7bb9-11e9-a8d3-68b59976a384,562.100052,1.0,0.0,0.0,0.0,0.0,0.0,0.0,0.0,0.0,1.0
Escherichia coli 22a65760-7bb9-11e9-a8d3-68b59976a384,562.100335,1.0,1.0,1.0,1.0,0.0,0.0,0.0,0.0,0.0,1.0
Escherichia coli 22c00200-7bb9-11e9-a8d3-68b59976a384,562.100054,0.0,0.0,0.0,0.0,0.0,0.0,0.0,0.0,0.0,0.0
Escherichia coli 22da8b5c-7bb9-11e9-a8d3-68b59976a384,562.100058,1.0,0.0,0.0,0.0,0.0,1.0,0.0,1.0,0.0,1.0
Escherichia coli 22f3ff56-7bb9-11e9-a8d3-68b59976a384,562.10006,0.0,0.0,0.0,0.0,0.0,0.0,0.0,0.0,0.0,0.0
Escherichia coli 230e3826-7bb9-11e9-a8d3-68b59976a384,562.99087,1.0,0.0,0.0,0.0,0.0,0.0,0.0,0.0,0.0,0.0
Escherichia coli 2328d726-7bb9-11e9-a8d3-68b59976a384,562.99543,1.0,0.0,0.0,0.0,0.0,0.0,0.0,0.0,0.0,1.0
Escherichia coli 234343b8-7bb9-11e9-a8d3-68b59976a384,562.99801,1.0,0.0,0.0,0.0,1.0,1.0,0.0,0.0,0.0,1.0
Escherichia coli 2365f25a-7bb9-11e9-a8d3-68b59976a384,562.100059,1.0,1.0,0.0,1.0,0.0,1.0,0.0,0.0,0.0,1.0
Escherichia coli 23804dee-7bb9-11e9-a8d3-68b59976a384,562.100629,0.0,0.0,0.0,,0.0,0.0,0.0,0.0,0.0,0.0
Escherichia coli 239b12d2-7bb9-11e9-a8d3-68b59976a384,562.100056,0.0,0.0,0.0,0.0,0.0,0.0,0.0,0.0,0.0,0.0
Escherichia coli 23b5be5c-7bb9-11e9-a8d3-68b59976a384,562.100027,1.0,0.0,0.0,0.0,0.0,0.0,0.0,0.0,0.0,0.0
Escherichia coli 23d01ea0-7bb9-11e9-a8d3-68b59976a384,562.100061,1.0,1.0,1.0,1.0,1.0,0.0,0.0,0.0,0.0,1.0
Escherichia coli 23ea252a-7bb9-11e9-a8d3-68b59976a384,562.99076,0.0,0.0,0.0,0.0,0.0,0.0,0.0,0.0,0.0,0.0
Escherichia coli 2404038c-7bb9-11e9-a8d3-68b59976a384,562.99541,1.0,0.0,0.0,0.0,0.0,0.0,0.0,0.0,0.0,0.0
Escherichia coli 241e3f9a-7bb9-11e9-a8d3-68b59976a384,562.99804,0.0,0.0,0.0,0.0,0.0,0.0,0.0,0.0,0.0,0.0
Escherichia coli 2438466a-7bb9-11e9-a8d3-68b59976a384,562.100063,0.0,0.0,0.0,0.0,0.0,0.0,0.0,0.0,0.0,0.0
Escherichia coli 24539280-7bb9-11e9-a8d3-68b59976a384,562.10063,0.0,0.0,0.0,,0.0,0.0,0.0,0.0,0.0,0.0
Escherichia coli 246e2eba-7bb9-11e9-a8d3-68b59976a384,562.100062,1.0,0.0,0.0,0.0,0.0,0.0,0.0,1.0,0.0,0.0
Escherichia coli 248bd474-7bb9-11e9-a8d3-68b59976a384,562.100065,0.0,0.0,0.0,0.0,0.0,0.0,0.0,0.0,0.0,0.0
Escherichia coli 24a60326-7bb9-11e9-a8d3-68b59976a384,562.100066,0.0,0.0,0.0,0.0,0.0,0.0,0.0,0.0,0.0,0.0
Escherichia coli 24c0631a-7bb9-11e9-a8d3-68b59976a384,562.10007,0.0,0.0,0.0,0.0,0.0,0.0,0.0,0.0,0.0,0.0
Escherichia coli 24da3330-7bb9-11e9-a8d3-68b59976a384,562.100067,0.0,0.0,0.0,0.0,0.0,0.0,0.0,0.0,0.0,0.0
Escherichia coli 24f42330-7bb9-11e9-a8d3-68b59976a384,562.100069,0.0,0.0,0.0,0.0,0.0,0.0,0.0,0.0,0.0,0.0
Escherichia coli 250df684-7bb9-11e9-a8d3-68b59976a384,562.100351,0.0,0.0,0.0,0.0,0.0,0.0,0.0,0.0,0.0,0.0
Escherichia coli 252923be-7bb9-11e9-a8d3-68b59976a384,562.100352,1.0,0.0,0.0,0.0,1.0,0.0,0.0,0.0,0.0,0.0
Escherichia coli 25435018-7bb9-11e9-a8d3-68b59976a384,562.100635,1.0,0.0,0.0,,0.0,0.0,0.0,0.0,0.0,1.0
Escherichia coli 255de90a-7bb9-11e9-a8d3-68b59976a384,562.100632,1.0,1.0,1.0,,1.0,0.0,0.0,0.0,0.0,0.0
Escherichia coli 25788922-7bb9-11e9-a8d3-68b59976a384,562.97782,0.0,,0.0,0.0,0.0,0.0,0.0,0.0,,0.0
Escherichia coli 25933592-7bb9-11e9-a8d3-68b59976a384,562.100068,1.0,0.0,0.0,0.0,0.0,0.0,0.0,0.0,0.0,0.0
Escherichia coli 25ad3ece-7bb9-11e9-a8d3-68b59976a384,562.100073,1.0,0.0,0.0,0.0,0.0,0.0,0.0,0.0,0.0,0.0
Escherichia coli 25c781d0-7bb9-11e9-a8d3-68b59976a384,562.100075,0.0,0.0,0.0,0.0,0.0,0.0,0.0,0.0,0.0,0.0
Escherichia coli 25e15a10-7bb9-11e9-a8d3-68b59976a384,562.100357,0.0,0.0,0.0,0.0,0.0,0.0,0.0,0.0,0.0,0.0
Escherichia coli 25fe5200-7bb9-11e9-a8d3-68b59976a384,562.100358,1.0,1.0,0.0,1.0,1.0,1.0,0.0,0.0,0.0,1.0
Escherichia coli 2618f02e-7bb9-11e9-a8d3-68b59976a384,562.100639,1.0,0.0,0.0,,0.0,0.0,0.0,0.0,0.0,0.0
Escherichia coli 2633cf7a-7bb9-11e9-a8d3-68b59976a384,562.100638,1.0,1.0,1.0,,0.0,0.0,0.0,0.0,0.0,0.0
Escherichia coli 2650fa46-7bb9-11e9-a8d3-68b59976a384,562.97773,0.0,,0.0,0.0,0.0,0.0,0.0,0.0,,0.0
Escherichia coli 266e9330-7bb9-11e9-a8d3-68b59976a384,562.100076,0.0,0.0,0.0,0.0,0.0,0.0,0.0,0.0,0.0,0.0
Escherichia coli 268c4e52-7bb9-11e9-a8d3-68b59976a384,562.100077,0.0,0.0,0.0,0.0,0.0,0.0,0.0,0.0,0.0,1.0
Escherichia coli 26a8078c-7bb9-11e9-a8d3-68b59976a384,562.100078,0.0,0.0,0.0,0.0,0.0,0.0,0.0,0.0,0.0,0.0
Escherichia coli 26c45a72-7bb9-11e9-a8d3-68b59976a384,562.100362,1.0,0.0,0.0,0.0,1.0,1.0,0.0,0.0,0.0,0.0
Escherichia coli 26e056be-7bb9-11e9-a8d3-68b59976a384,562.10036,1.0,0.0,0.0,0.0,1.0,1.0,0.0,0.0,0.0,1.0
Escherichia coli 26fc004e-7bb9-11e9-a8d3-68b59976a384,562.100642,0.0,0.0,0.0,,0.0,0.0,0.0,0.0,0.0,0.0
Escherichia coli 2723bda0-7bb9-11e9-a8d3-68b59976a384,562.100644,1.0,0.0,0.0,,0.0,1.0,0.0,0.0,0.0,0.0
Escherichia coli 273eaca0-7bb9-11e9-a8d3-68b59976a384,562.97778,0.0,,0.0,0.0,0.0,0.0,0.0,0.0,,0.0
Escherichia coli 27596e64-7bb9-11e9-a8d3-68b59976a384,562.100081,0.0,0.0,0.0,0.0,0.0,1.0,0.0,0.0,0.0,0.0
Escherichia coli 277421fa-7bb9-11e9-a8d3-68b59976a384,562.100082,1.0,0.0,0.0,0.0,1.0,0.0,0.0,0.0,0.0,1.0
Escherichia coli 278ef6f6-7bb9-11e9-a8d3-68b59976a384,562.100083,0.0,0.0,0.0,0.0,1.0,0.0,0.0,0.0,0.0,1.0
Escherichia coli 27a90794-7bb9-11e9-a8d3-68b59976a384,562.100367,0.0,0.0,0.0,0.0,0.0,0.0,0.0,0.0,0.0,0.0
Escherichia coli 27c40ef4-7bb9-11e9-a8d3-68b59976a384,562.100574,1.0,0.0,0.0,0.0,0.0,0.0,0.0,0.0,0.0,1.0
Escherichia coli 27de8e64-7bb9-11e9-a8d3-68b59976a384,562.100931,0.0,0.0,0.0,,0.0,0.0,0.0,0.0,0.0,0.0
Escherichia coli 27f95b7c-7bb9-11e9-a8d3-68b59976a384,562.100903,0.0,0.0,0.0,,0.0,0.0,0.0,0.0,0.0,0.0
Escherichia coli 281455a8-7bb9-11e9-a8d3-68b59976a384,562.97839,0.0,,0.0,0.0,0.0,0.0,0.0,0.0,,0.0
Escherichia coli 282fe822-7bb9-11e9-a8d3-68b59976a384,562.100246,0.0,0.0,0.0,0.0,0.0,0.0,0.0,0.0,0.0,0.0
Escherichia coli 284a9e2e-7bb9-11e9-a8d3-68b59976a384,562.100248,0.0,0.0,0.0,0.0,0.0,0.0,0.0,0.0,0.0,0.0
Escherichia coli 286604d4-7bb9-11e9-a8d3-68b59976a384,562.100249,1.0,0.0,0.0,0.0,0.0,0.0,0.0,0.0,0.0,1.0
Escherichia coli 2881ab80-7bb9-11e9-a8d3-68b59976a384,562.100601,1.0,1.0,1.0,1.0,0.0,1.0,0.0,0.0,0.0,1.0
Escherichia coli 289d96ec-7bb9-11e9-a8d3-68b59976a384,562.100918,1.0,0.0,0.0,,0.0,0.0,0.0,0.0,0.0,1.0
Escherichia coli 28b93bfe-7bb9-11e9-a8d3-68b59976a384,562.100925,1.0,0.0,0.0,,0.0,0.0,0.0,0.0,0.0,1.0
Escherichia coli 28d3f1ba-7bb9-11e9-a8d3-68b59976a384,562.100926,1.0,0.0,0.0,,1.0,0.0,0.0,0.0,0.0,1.0
Escherichia coli 28ef9d16-7bb9-11e9-a8d3-68b59976a384,562.97804,0.0,,0.0,0.0,0.0,0.0,0.0,0.0,,0.0
Escherichia coli 290aed28-7bb9-11e9-a8d3-68b59976a384,562.100257,0.0,0.0,0.0,0.0,0.0,0.0,0.0,0.0,0.0,0.0
Escherichia coli 2928ee04-7bb9-11e9-a8d3-68b59976a384,562.100256,1.0,0.0,0.0,0.0,0.0,0.0,0.0,0.0,0.0,1.0
Escherichia coli 29446c38-7bb9-11e9-a8d3-68b59976a384,562.100254,1.0,0.0,0.0,0.0,0.0,0.0,0.0,0.0,0.0,0.0
Escherichia coli 2963f5ee-7bb9-11e9-a8d3-68b59976a384,562.100602,0.0,0.0,0.0,0.0,0.0,0.0,0.0,0.0,0.0,0.0
Escherichia coli 29808fba-7bb9-11e9-a8d3-68b59976a384,562.100929,1.0,0.0,0.0,,0.0,1.0,0.0,0.0,0.0,1.0
Escherichia coli 29b8198a-7bb9-11e9-a8d3-68b59976a384,562.100933,0.0,0.0,0.0,,0.0,0.0,0.0,0.0,0.0,0.0
Escherichia coli 29d4620c-7bb9-11e9-a8d3-68b59976a384,562.97958,0.0,,0.0,0.0,0.0,0.0,0.0,0.0,,0.0
Escherichia coli 29ef2e66-7bb9-11e9-a8d3-68b59976a384,562.10026,0.0,0.0,0.0,0.0,0.0,0.0,0.0,0.0,0.0,0.0
Escherichia coli 2a0d5b0c-7bb9-11e9-a8d3-68b59976a384,562.100259,1.0,0.0,0.0,0.0,0.0,0.0,0.0,0.0,0.0,0.0
Escherichia coli 2a290d2a-7bb9-11e9-a8d3-68b59976a384,562.100262,0.0,0.0,0.0,0.0,1.0,0.0,0.0,0.0,0.0,0.0
Escherichia coli 2a42ea92-7bb9-11e9-a8d3-68b59976a384,562.100603,1.0,0.0,0.0,0.0,0.0,0.0,0.0,1.0,0.0,1.0
Escherichia coli 2a5eec42-7bb9-11e9-a8d3-68b59976a384,562.100935,1.0,1.0,1.0,,0.0,1.0,0.0,1.0,0.0,1.0
Escherichia coli 2a797986-7bb9-11e9-a8d3-68b59976a384,562.100934,0.0,0.0,0.0,,0.0,0.0,0.0,0.0,0.0,0.0
Escherichia coli 2aaee2a6-7bb9-11e9-a8d3-68b59976a384,562.97927,1.0,,1.0,1.0,0.0,0.0,0.0,0.0,,0.0
Escherichia coli 2ac980f2-7bb9-11e9-a8d3-68b59976a384,562.100234,1.0,0.0,0.0,0.0,0.0,0.0,0.0,0.0,0.0,0.0
Escherichia coli 2ae41bd8-7bb9-11e9-a8d3-68b59976a384,562.100235,0.0,0.0,0.0,0.0,0.0,0.0,0.0,0.0,0.0,0.0
Escherichia coli 2aff03ee-7bb9-11e9-a8d3-68b59976a384,562.100236,1.0,0.0,0.0,0.0,0.0,1.0,0.0,0.0,0.0,1.0
Escherichia coli 2b19b2d4-7bb9-11e9-a8d3-68b59976a384,562.100578,0.0,0.0,0.0,0.0,0.0,0.0,0.0,0.0,0.0,1.0
Escherichia coli 2b346c64-7bb9-11e9-a8d3-68b59976a384,562.100904,0.0,0.0,0.0,,0.0,0.0,0.0,0.0,0.0,0.0
Escherichia coli 2b4eaf98-7bb9-11e9-a8d3-68b59976a384,562.100905,1.0,0.0,0.0,,0.0,0.0,0.0,0.0,0.0,0.0
Escherichia coli 2b68075e-7bb9-11e9-a8d3-68b59976a384,562.97835,1.0,,0.0,0.0,0.0,0.0,0.0,0.0,,1.0
Escherichia coli 2b824650-7bb9-11e9-a8d3-68b59976a384,562.97923,0.0,,0.0,0.0,0.0,0.0,0.0,0.0,,0.0
Escherichia coli 2b9c37f4-7bb9-11e9-a8d3-68b59976a384,562.100237,1.0,0.0,0.0,0.0,0.0,0.0,0.0,0.0,0.0,0.0
Escherichia coli 2bb71524-7bb9-11e9-a8d3-68b59976a384,562.100238,0.0,0.0,0.0,0.0,0.0,0.0,0.0,0.0,0.0,0.0
Escherichia coli 2bd0dea0-7bb9-11e9-a8d3-68b59976a384,562.100239,1.0,0.0,0.0,0.0,0.0,0.0,0.0,0.0,0.0,0.0
Escherichia coli 2be55c86-7bb9-11e9-a8d3-68b59976a384,562.100577,1.0,0.0,0.0,0.0,0.0,0.0,0.0,0.0,0.0,0.0
Escherichia coli 2bf2ca4c-7bb9-11e9-a8d3-68b59976a384,562.100906,1.0,0.0,0.0,,0.0,0.0,0.0,0.0,0.0,1.0
Escherichia coli 2bff137e-7bb9-11e9-a8d3-68b59976a384,562.100908,0.0,0.0,0.0,,0.0,0.0,0.0,0.0,0.0,1.0
Escherichia coli 2c19e848-7bb9-11e9-a8d3-68b59976a384,562.978,1.0,,0.0,1.0,0.0,0.0,0.0,0.0,,0.0
Escherichia coli 2c2863fa-7bb9-11e9-a8d3-68b59976a384,562.97932,0.0,,0.0,0.0,0.0,0.0,0.0,0.0,,0.0
Escherichia coli 2c3d4a04-7bb9-11e9-a8d3-68b59976a384,562.100242,0.0,0.0,0.0,0.0,0.0,0.0,0.0,0.0,0.0,0.0
Escherichia coli 2c510800-7bb9-11e9-a8d3-68b59976a384,562.100241,0.0,0.0,0.0,0.0,0.0,0.0,0.0,0.0,0.0,0.0
Escherichia coli 2c640612-7bb9-11e9-a8d3-68b59976a384,562.10024,1.0,0.0,0.0,0.0,0.0,0.0,0.0,0.0,0.0,0.0
Escherichia coli 2c760196-7bb9-11e9-a8d3-68b59976a384,562.100576,0.0,0.0,0.0,0.0,0.0,0.0,0.0,0.0,0.0,0.0
Escherichia coli 2c8a20ae-7bb9-11e9-a8d3-68b59976a384,562.100909,0.0,0.0,0.0,,0.0,0.0,0.0,0.0,0.0,0.0
Escherichia coli 2c9ea92a-7bb9-11e9-a8d3-68b59976a384,562.100913,0.0,0.0,0.0,,0.0,0.0,0.0,0.0,0.0,0.0
Escherichia coli 2cb3a492-7bb9-11e9-a8d3-68b59976a384,562.97811,0.0,,0.0,0.0,0.0,0.0,0.0,0.0,,0.0
Escherichia coli 2cc826d8-7bb9-11e9-a8d3-68b59976a384,562.97934,0.0,,0.0,0.0,0.0,0.0,0.0,0.0,,0.0
Escherichia coli 2cdc979e-7bb9-11e9-a8d3-68b59976a384,562.100245,1.0,0.0,0.0,0.0,0.0,0.0,0.0,1.0,0.0,1.0
Escherichia coli 2cf10e04-7bb9-11e9-a8d3-68b59976a384,562.100247,1.0,0.0,0.0,0.0,0.0,0.0,0.0,0.0,0.0,0.0
Escherichia coli 2d0bd72a-7bb9-11e9-a8d3-68b59976a384,562.100575,0.0,0.0,0.0,0.0,0.0,0.0,0.0,0.0,0.0,0.0
Escherichia coli 2d33e0d0-7bb9-11e9-a8d3-68b59976a384,562.100915,0.0,0.0,0.0,,0.0,0.0,0.0,0.0,0.0,0.0
Escherichia coli 2d48fdf8-7bb9-11e9-a8d3-68b59976a384,562.100916,1.0,0.0,0.0,,0.0,0.0,0.0,0.0,0.0,1.0
Escherichia coli 2d5ee73a-7bb9-11e9-a8d3-68b59976a384,562.97808,1.0,,1.0,1.0,0.0,0.0,0.0,0.0,,1.0
Escherichia coli 2d7424ec-7bb9-11e9-a8d3-68b59976a384,562.97954,0.0,,0.0,0.0,0.0,0.0,0.0,0.0,,0.0
Escherichia coli 2d88e080-7bb9-11e9-a8d3-68b59976a384,562.100243,0.0,0.0,0.0,0.0,0.0,0.0,0.0,0.0,0.0,0.0
Escherichia coli 2df31cf2-7bb9-11e9-a8d3-68b59976a384,562.100917,0.0,0.0,0.0,,1.0,0.0,0.0,0.0,0.0,0.0
Escherichia coli 2e07e6f0-7bb9-11e9-a8d3-68b59976a384,562.97803,0.0,,0.0,0.0,0.0,0.0,0.0,0.0,,0.0
Escherichia coli 2e1cfac2-7bb9-11e9-a8d3-68b59976a384,562.97969,1.0,,0.0,0.0,0.0,0.0,0.0,0.0,,0.0
Escherichia coli 2e320e44-7bb9-11e9-a8d3-68b59976a384,562.97955,0.0,,0.0,0.0,0.0,0.0,0.0,0.0,,0.0
Escherichia coli 2e46b56a-7bb9-11e9-a8d3-68b59976a384,562.98062,0.0,0.0,0.0,,0.0,0.0,0.0,0.0,,0.0
Escherichia coli 2e70de76-7bb9-11e9-a8d3-68b59976a384,562.9831,0.0,0.0,0.0,0.0,0.0,0.0,0.0,0.0,,0.0
Escherichia coli 2e884fac-7bb9-11e9-a8d3-68b59976a384,562.98439,0.0,0.0,0.0,0.0,0.0,0.0,0.0,0.0,,0.0
Escherichia coli 2e9d768e-7bb9-11e9-a8d3-68b59976a384,562.98584,1.0,0.0,0.0,0.0,0.0,0.0,,0.0,0.0,0.0
Escherichia coli 2eb26530-7bb9-11e9-a8d3-68b59976a384,562.98785,0.0,0.0,0.0,0.0,0.0,0.0,0.0,0.0,0.0,0.0
Escherichia coli 2ec77e70-7bb9-11e9-a8d3-68b59976a384,562.98996,0.0,0.0,0.0,0.0,0.0,0.0,0.0,0.0,0.0,0.0
Escherichia coli 2edcbd80-7bb9-11e9-a8d3-68b59976a384,562.97936,1.0,,0.0,0.0,0.0,0.0,0.0,0.0,,0.0
Escherichia coli 2ef26f7c-7bb9-11e9-a8d3-68b59976a384,562.98072,1.0,0.0,0.0,,0.0,0.0,0.0,0.0,,1.0
Escherichia coli 2f078efc-7bb9-11e9-a8d3-68b59976a384,562.98201,0.0,0.0,0.0,0.0,0.0,0.0,0.0,0.0,,0.0
Escherichia coli 2f32973c-7bb9-11e9-a8d3-68b59976a384,562.98429,0.0,0.0,0.0,0.0,0.0,0.0,0.0,0.0,,0.0
Escherichia coli 2f48884e-7bb9-11e9-a8d3-68b59976a384,562.98581,0.0,0.0,0.0,0.0,0.0,0.0,,0.0,0.0,0.0
Escherichia coli 2f5ef584-7bb9-11e9-a8d3-68b59976a384,562.98791,0.0,0.0,0.0,0.0,0.0,0.0,0.0,0.0,0.0,0.0
Escherichia coli 2f74eb00-7bb9-11e9-a8d3-68b59976a384,562.98997,0.0,0.0,0.0,0.0,0.0,0.0,0.0,0.0,0.0,0.0
Escherichia coli 2f8ae158-7bb9-11e9-a8d3-68b59976a384,562.97956,0.0,,0.0,0.0,0.0,0.0,0.0,0.0,,0.0
Escherichia coli 2fa1ee2a-7bb9-11e9-a8d3-68b59976a384,562.98071,0.0,0.0,0.0,,0.0,0.0,0.0,0.0,,0.0
Escherichia coli 2fb9124e-7bb9-11e9-a8d3-68b59976a384,562.98315,0.0,0.0,0.0,0.0,0.0,0.0,0.0,0.0,,0.0
Escherichia coli 2fd7c4b4-7bb9-11e9-a8d3-68b59976a384,562.98431,0.0,0.0,0.0,0.0,0.0,0.0,0.0,0.0,,0.0
Escherichia coli 2fed13aa-7bb9-11e9-a8d3-68b59976a384,562.9843,0.0,0.0,0.0,0.0,0.0,0.0,0.0,0.0,,0.0
Escherichia coli 300224a2-7bb9-11e9-a8d3-68b59976a384,562.98582,1.0,0.0,0.0,0.0,0.0,0.0,,0.0,0.0,1.0
Escherichia coli 30170278-7bb9-11e9-a8d3-68b59976a384,562.98788,0.0,0.0,0.0,0.0,0.0,0.0,0.0,0.0,0.0,0.0
Escherichia coli 302bedbe-7bb9-11e9-a8d3-68b59976a384,562.98988,1.0,0.0,0.0,0.0,0.0,0.0,0.0,0.0,0.0,1.0
Escherichia coli 304263c8-7bb9-11e9-a8d3-68b59976a384,562.97957,0.0,,0.0,0.0,0.0,0.0,0.0,0.0,,0.0
Escherichia coli 305ba252-7bb9-11e9-a8d3-68b59976a384,562.98198,0.0,0.0,0.0,0.0,0.0,0.0,0.0,0.0,,0.0
Escherichia coli 30738aca-7bb9-11e9-a8d3-68b59976a384,562.98318,0.0,0.0,0.0,0.0,0.0,0.0,0.0,0.0,,0.0
Escherichia coli 3089b39a-7bb9-11e9-a8d3-68b59976a384,562.98441,1.0,0.0,0.0,0.0,0.0,0.0,0.0,0.0,,1.0
Escherichia coli 30a149a6-7bb9-11e9-a8d3-68b59976a384,562.9858,0.0,0.0,0.0,0.0,0.0,0.0,,0.0,0.0,0.0
Escherichia coli 30b73f2c-7bb9-11e9-a8d3-68b59976a384,562.9859,0.0,0.0,0.0,0.0,0.0,0.0,,0.0,0.0,0.0
Escherichia coli 30cc3b02-7bb9-11e9-a8d3-68b59976a384,562.98767,0.0,0.0,0.0,0.0,0.0,0.0,0.0,0.0,0.0,0.0
Escherichia coli 30e1ca4e-7bb9-11e9-a8d3-68b59976a384,562.98982,1.0,0.0,0.0,0.0,0.0,0.0,0.0,0.0,0.0,1.0
Escherichia coli 30f67746-7bb9-11e9-a8d3-68b59976a384,562.98059,0.0,0.0,0.0,,0.0,0.0,0.0,0.0,,0.0
Escherichia coli 310d6550-7bb9-11e9-a8d3-68b59976a384,562.98178,0.0,0.0,0.0,0.0,0.0,0.0,0.0,0.0,,0.0
Escherichia coli 312269b4-7bb9-11e9-a8d3-68b59976a384,562.98314,0.0,0.0,0.0,0.0,0.0,0.0,0.0,0.0,,0.0
Escherichia coli 3136f302-7bb9-11e9-a8d3-68b59976a384,562.98446,1.0,0.0,0.0,0.0,0.0,0.0,0.0,0.0,,0.0
Escherichia coli 314c02c4-7bb9-11e9-a8d3-68b59976a384,562.98583,1.0,0.0,0.0,0.0,0.0,0.0,,0.0,0.0,1.0
Escherichia coli 316107c8-7bb9-11e9-a8d3-68b59976a384,562.98585,0.0,0.0,0.0,0.0,0.0,0.0,,0.0,0.0,0.0
Escherichia coli 317629d2-7bb9-11e9-a8d3-68b59976a384,562.98786,0.0,0.0,0.0,0.0,0.0,0.0,0.0,0.0,0.0,0.0
Escherichia coli 318b09c4-7bb9-11e9-a8d3-68b59976a384,562.98992,1.0,0.0,0.0,0.0,0.0,0.0,0.0,0.0,0.0,0.0
Escherichia coli 31ba8ee2-7bb9-11e9-a8d3-68b59976a384,562.98188,0.0,0.0,0.0,0.0,0.0,0.0,0.0,0.0,,0.0
Escherichia coli 31cea56c-7bb9-11e9-a8d3-68b59976a384,562.98316,1.0,0.0,0.0,0.0,0.0,0.0,0.0,0.0,,0.0
Escherichia coli 31e43102-7bb9-11e9-a8d3-68b59976a384,562.98433,0.0,0.0,0.0,0.0,0.0,0.0,0.0,0.0,,0.0
Escherichia coli 31f9b518-7bb9-11e9-a8d3-68b59976a384,562.98593,0.0,0.0,0.0,0.0,0.0,0.0,,0.0,0.0,0.0
Escherichia coli 3210adae-7bb9-11e9-a8d3-68b59976a384,562.98591,0.0,0.0,0.0,0.0,0.0,0.0,,0.0,0.0,0.0
Escherichia coli 322c5af4-7bb9-11e9-a8d3-68b59976a384,562.98798,0.0,0.0,0.0,0.0,0.0,0.0,0.0,0.0,0.0,0.0
Escherichia coli 32495f82-7bb9-11e9-a8d3-68b59976a384,562.98999,1.0,0.0,0.0,0.0,0.0,0.0,0.0,0.0,0.0,0.0
Escherichia coli 32651c36-7bb9-11e9-a8d3-68b59976a384,562.98056,0.0,0.0,0.0,,0.0,0.0,0.0,0.0,,0.0
Escherichia coli 327fedcc-7bb9-11e9-a8d3-68b59976a384,562.98192,0.0,0.0,0.0,0.0,0.0,0.0,0.0,0.0,,0.0
Escherichia coli 329b8640-7bb9-11e9-a8d3-68b59976a384,562.98347,0.0,0.0,0.0,0.0,0.0,0.0,0.0,0.0,,0.0
Escherichia coli 32b7bb62-7bb9-11e9-a8d3-68b59976a384,562.98445,0.0,0.0,0.0,0.0,0.0,0.0,0.0,0.0,,0.0
Escherichia coli 32d25e36-7bb9-11e9-a8d3-68b59976a384,562.98587,0.0,0.0,0.0,0.0,0.0,0.0,,0.0,0.0,0.0
Escherichia coli 32ed09fc-7bb9-11e9-a8d3-68b59976a384,562.98792,1.0,0.0,0.0,0.0,0.0,0.0,0.0,1.0,0.0,0.0
Escherichia coli 33166e64-7bb9-11e9-a8d3-68b59976a384,562.98776,0.0,0.0,0.0,0.0,0.0,0.0,0.0,0.0,0.0,0.0
Escherichia coli 3330c91c-7bb9-11e9-a8d3-68b59976a384,562.98981,0.0,0.0,0.0,0.0,0.0,0.0,0.0,0.0,0.0,0.0
Escherichia coli 334c6d0c-7bb9-11e9-a8d3-68b59976a384,562.98052,0.0,0.0,0.0,,0.0,0.0,0.0,0.0,,0.0
Escherichia coli 3367a842-7bb9-11e9-a8d3-68b59976a384,562.98169,1.0,0.0,0.0,0.0,0.0,0.0,0.0,0.0,,0.0
Escherichia coli 33833e72-7bb9-11e9-a8d3-68b59976a384,562.98296,0.0,0.0,0.0,0.0,0.0,0.0,0.0,0.0,,0.0
Escherichia coli 33a17d60-7bb9-11e9-a8d3-68b59976a384,562.98419,1.0,0.0,0.0,0.0,0.0,0.0,0.0,0.0,,1.0
Escherichia coli 33bd39ec-7bb9-11e9-a8d3-68b59976a384,562.98567,0.0,0.0,0.0,0.0,0.0,0.0,,0.0,0.0,0.0
Escherichia coli 33d93386-7bb9-11e9-a8d3-68b59976a384,562.9877,0.0,0.0,0.0,0.0,0.0,0.0,0.0,0.0,0.0,1.0
Escherichia coli 34012616-7bb9-11e9-a8d3-68b59976a384,562.98772,1.0,0.0,0.0,0.0,0.0,0.0,0.0,1.0,0.0,0.0
Escherichia coli 341cf22e-7bb9-11e9-a8d3-68b59976a384,562.98983,0.0,0.0,0.0,0.0,0.0,0.0,0.0,0.0,0.0,0.0
Escherichia coli 34396080-7bb9-11e9-a8d3-68b59976a384,562.98051,1.0,0.0,0.0,,0.0,0.0,0.0,0.0,,1.0
Escherichia coli 3455eab6-7bb9-11e9-a8d3-68b59976a384,562.98174,1.0,0.0,0.0,0.0,0.0,0.0,0.0,0.0,,0.0
Escherichia coli 3472bca4-7bb9-11e9-a8d3-68b59976a384,562.98302,1.0,1.0,1.0,1.0,0.0,0.0,0.0,0.0,,1.0
Escherichia coli 34aaa9de-7bb9-11e9-a8d3-68b59976a384,562.98577,0.0,0.0,0.0,0.0,0.0,0.0,,0.0,0.0,0.0
Escherichia coli 34c5fc02-7bb9-11e9-a8d3-68b59976a384,562.98774,1.0,0.0,0.0,0.0,0.0,0.0,0.0,0.0,0.0,0.0
Escherichia coli 34e1e91c-7bb9-11e9-a8d3-68b59976a384,562.98768,0.0,0.0,0.0,0.0,0.0,0.0,0.0,0.0,0.0,0.0
Escherichia coli 34fd9cac-7bb9-11e9-a8d3-68b59976a384,562.98985,0.0,0.0,0.0,0.0,0.0,0.0,0.0,0.0,0.0,0.0
Escherichia coli 351d313e-7bb9-11e9-a8d3-68b59976a384,562.98048,1.0,0.0,0.0,,0.0,0.0,0.0,0.0,,0.0
Escherichia coli 3539a490-7bb9-11e9-a8d3-68b59976a384,562.9818,0.0,0.0,0.0,0.0,0.0,0.0,0.0,0.0,,0.0
Escherichia coli 355631fa-7bb9-11e9-a8d3-68b59976a384,562.98305,1.0,0.0,0.0,1.0,0.0,0.0,0.0,0.0,,0.0
Escherichia coli 3579c1ba-7bb9-11e9-a8d3-68b59976a384,562.98428,0.0,0.0,0.0,0.0,0.0,0.0,0.0,0.0,,0.0
Escherichia coli 3596f2e4-7bb9-11e9-a8d3-68b59976a384,562.98579,0.0,0.0,0.0,0.0,0.0,0.0,,0.0,0.0,0.0
Escherichia coli 35d1ad9e-7bb9-11e9-a8d3-68b59976a384,562.98769,0.0,0.0,0.0,0.0,0.0,0.0,0.0,0.0,0.0,0.0
Escherichia coli 35f0b54a-7bb9-11e9-a8d3-68b59976a384,562.98984,0.0,0.0,0.0,0.0,0.0,0.0,0.0,0.0,0.0,0.0
Escherichia coli 36105f1c-7bb9-11e9-a8d3-68b59976a384,562.9805,0.0,0.0,0.0,,0.0,0.0,0.0,0.0,,0.0
Escherichia coli 363355c6-7bb9-11e9-a8d3-68b59976a384,562.98181,1.0,0.0,0.0,0.0,0.0,0.0,0.0,0.0,,1.0
Escherichia coli 365bb7e6-7bb9-11e9-a8d3-68b59976a384,562.98313,0.0,0.0,0.0,0.0,0.0,0.0,0.0,0.0,,0.0
Escherichia coli 368d3c12-7bb9-11e9-a8d3-68b59976a384,562.98426,0.0,0.0,0.0,0.0,0.0,0.0,0.0,0.0,,0.0
Escherichia coli 36b5b4bc-7bb9-11e9-a8d3-68b59976a384,562.98572,0.0,0.0,0.0,0.0,0.0,0.0,,0.0,0.0,0.0
Escherichia coli 36e0505a-7bb9-11e9-a8d3-68b59976a384,562.98775,0.0,0.0,0.0,0.0,0.0,0.0,0.0,0.0,0.0,0.0
Escherichia coli 3756faca-7bb9-11e9-a8d3-68b59976a384,562.98986,1.0,0.0,0.0,0.0,0.0,0.0,0.0,0.0,0.0,0.0
Escherichia coli 37854358-7bb9-11e9-a8d3-68b59976a384,562.9807,1.0,0.0,0.0,,0.0,0.0,0.0,0.0,,0.0
Escherichia coli 37a9c386-7bb9-11e9-a8d3-68b59976a384,562.98176,0.0,0.0,0.0,0.0,0.0,0.0,0.0,0.0,,0.0
Escherichia coli 37cec9b0-7bb9-11e9-a8d3-68b59976a384,562.98309,0.0,0.0,0.0,0.0,0.0,0.0,0.0,0.0,,1.0
Escherichia coli 37f460bc-7bb9-11e9-a8d3-68b59976a384,562.98425,0.0,0.0,0.0,0.0,0.0,0.0,0.0,0.0,,0.0
Escherichia coli 381d957c-7bb9-11e9-a8d3-68b59976a384,562.98574,1.0,0.0,0.0,0.0,1.0,0.0,,0.0,0.0,1.0
Escherichia coli 3843e6fa-7bb9-11e9-a8d3-68b59976a384,562.98789,0.0,0.0,0.0,0.0,0.0,0.0,0.0,0.0,0.0,0.0
Escherichia coli 3869ec06-7bb9-11e9-a8d3-68b59976a384,562.98994,0.0,0.0,0.0,0.0,0.0,0.0,0.0,0.0,0.0,0.0
Escherichia coli 388ddf6c-7bb9-11e9-a8d3-68b59976a384,562.98993,0.0,0.0,0.0,0.0,0.0,0.0,0.0,0.0,0.0,0.0
Escherichia coli 38b4e5da-7bb9-11e9-a8d3-68b59976a384,562.99208,0.0,0.0,0.0,0.0,0.0,0.0,0.0,0.0,0.0,0.0
Escherichia coli 38ee7728-7bb9-11e9-a8d3-68b59976a384,562.99207,1.0,0.0,0.0,0.0,0.0,0.0,0.0,0.0,0.0,1.0
Escherichia coli 3912ab7a-7bb9-11e9-a8d3-68b59976a384,562.99436,0.0,0.0,0.0,1.0,0.0,1.0,0.0,0.0,0.0,0.0
Escherichia coli 3937a13c-7bb9-11e9-a8d3-68b59976a384,562.99684,1.0,0.0,0.0,0.0,1.0,0.0,0.0,0.0,0.0,1.0
Escherichia coli 395c9a32-7bb9-11e9-a8d3-68b59976a384,562.99686,1.0,0.0,0.0,0.0,1.0,0.0,0.0,0.0,0.0,1.0
Escherichia coli 3980261e-7bb9-11e9-a8d3-68b59976a384,562.99919,0.0,0.0,0.0,0.0,0.0,0.0,0.0,0.0,0.0,0.0
Escherichia coli 39a422bc-7bb9-11e9-a8d3-68b59976a384,562.100251,0.0,0.0,0.0,0.0,0.0,0.0,0.0,0.0,0.0,0.0
Escherichia coli 39ea96ac-7bb9-11e9-a8d3-68b59976a384,562.10058,1.0,0.0,0.0,0.0,0.0,0.0,0.0,0.0,0.0,1.0
Escherichia coli 3a05190a-7bb9-11e9-a8d3-68b59976a384,562.99213,0.0,0.0,0.0,0.0,0.0,0.0,0.0,0.0,0.0,0.0
Escherichia coli 3a1ee722-7bb9-11e9-a8d3-68b59976a384,562.99211,0.0,0.0,0.0,0.0,0.0,0.0,0.0,0.0,0.0,0.0
Escherichia coli 3a389406-7bb9-11e9-a8d3-68b59976a384,562.99446,0.0,0.0,0.0,0.0,0.0,1.0,0.0,0.0,0.0,0.0
Escherichia coli 3a529d74-7bb9-11e9-a8d3-68b59976a384,562.9969,0.0,0.0,0.0,0.0,0.0,0.0,0.0,0.0,0.0,0.0
Escherichia coli 3a6c747e-7bb9-11e9-a8d3-68b59976a384,562.99925,0.0,0.0,0.0,0.0,0.0,0.0,0.0,0.0,0.0,0.0
Escherichia coli 3a86487c-7bb9-11e9-a8d3-68b59976a384,562.99921,0.0,0.0,0.0,0.0,0.0,0.0,0.0,0.0,0.0,0.0
Escherichia coli 3a9fb0c8-7bb9-11e9-a8d3-68b59976a384,562.100253,1.0,0.0,0.0,0.0,0.0,0.0,0.0,0.0,0.0,0.0
Escherichia coli 3aba494c-7bb9-11e9-a8d3-68b59976a384,562.100583,1.0,0.0,0.0,0.0,1.0,0.0,0.0,0.0,0.0,0.0
Escherichia coli 3ad501a6-7bb9-11e9-a8d3-68b59976a384,562.9921,0.0,0.0,0.0,0.0,0.0,0.0,0.0,0.0,0.0,0.0
Escherichia coli 3aeeb862-7bb9-11e9-a8d3-68b59976a384,562.99214,1.0,0.0,0.0,0.0,0.0,0.0,0.0,0.0,0.0,1.0
Escherichia coli 3b08b1d6-7bb9-11e9-a8d3-68b59976a384,562.99454,0.0,0.0,0.0,0.0,0.0,1.0,0.0,0.0,0.0,0.0
Escherichia coli 3b2299ca-7bb9-11e9-a8d3-68b59976a384,562.99694,0.0,0.0,0.0,0.0,0.0,0.0,0.0,0.0,0.0,0.0
Escherichia coli 3b3d4e64-7bb9-11e9-a8d3-68b59976a384,562.99923,0.0,0.0,0.0,0.0,0.0,0.0,0.0,0.0,0.0,0.0
Escherichia coli 3b57c2bc-7bb9-11e9-a8d3-68b59976a384,562.99922,0.0,0.0,0.0,0.0,0.0,0.0,0.0,0.0,0.0,0.0
Escherichia coli 3b71d364-7bb9-11e9-a8d3-68b59976a384,562.100255,0.0,0.0,0.0,0.0,0.0,0.0,0.0,0.0,0.0,0.0
Escherichia coli 3b8c214c-7bb9-11e9-a8d3-68b59976a384,562.100586,0.0,0.0,0.0,0.0,0.0,0.0,0.0,0.0,0.0,0.0
Escherichia coli 3ba81dfc-7bb9-11e9-a8d3-68b59976a384,562.99219,1.0,0.0,0.0,0.0,0.0,0.0,0.0,0.0,0.0,0.0
Escherichia coli 3bc27206-7bb9-11e9-a8d3-68b59976a384,562.9922,0.0,0.0,0.0,0.0,0.0,0.0,0.0,0.0,0.0,0.0
Escherichia coli 3bfd137a-7bb9-11e9-a8d3-68b59976a384,562.99444,0.0,0.0,0.0,0.0,0.0,1.0,0.0,0.0,0.0,0.0
Escherichia coli 3c098bc8-7bb9-11e9-a8d3-68b59976a384,562.99699,0.0,0.0,0.0,0.0,0.0,0.0,0.0,0.0,0.0,0.0
Escherichia coli 3c156c90-7bb9-11e9-a8d3-68b59976a384,562.99807,0.0,0.0,0.0,0.0,0.0,0.0,0.0,0.0,0.0,0.0
Escherichia coli 3c2313cc-7bb9-11e9-a8d3-68b59976a384,562.99817,0.0,0.0,0.0,0.0,0.0,0.0,0.0,0.0,0.0,0.0
Escherichia coli 3c315248-7bb9-11e9-a8d3-68b59976a384,562.100037,1.0,0.0,0.0,0.0,0.0,0.0,0.0,0.0,0.0,1.0
Escherichia coli 3c3ee840-7bb9-11e9-a8d3-68b59976a384,562.100328,0.0,0.0,0.0,0.0,0.0,0.0,0.0,0.0,0.0,0.0
Escherichia coli 3c4f06f8-7bb9-11e9-a8d3-68b59976a384,562.99077,0.0,0.0,0.0,0.0,0.0,0.0,0.0,0.0,0.0,0.0
Escherichia coli 3c5e978a-7bb9-11e9-a8d3-68b59976a384,562.99097,1.0,0.0,0.0,0.0,0.0,0.0,0.0,0.0,0.0,0.0
Escherichia coli 3c6eab2a-7bb9-11e9-a8d3-68b59976a384,562.99296,0.0,0.0,0.0,0.0,0.0,1.0,0.0,0.0,0.0,0.0
Escherichia coli 3c7f53e4-7bb9-11e9-a8d3-68b59976a384,562.99555,0.0,0.0,0.0,0.0,0.0,0.0,0.0,0.0,0.0,0.0
Escherichia coli 3c8f6158-7bb9-11e9-a8d3-68b59976a384,562.99809,0.0,0.0,0.0,0.0,0.0,0.0,0.0,0.0,0.0,0.0
Escherichia coli 3c9f25e8-7bb9-11e9-a8d3-68b59976a384,562.99812,0.0,0.0,0.0,0.0,0.0,0.0,0.0,0.0,0.0,0.0
Escherichia coli 3caf3b36-7bb9-11e9-a8d3-68b59976a384,562.100084,1.0,0.0,0.0,0.0,1.0,1.0,0.0,0.0,0.0,0.0
Escherichia coli 3cbfc370-7bb9-11e9-a8d3-68b59976a384,562.10037,0.0,0.0,0.0,0.0,0.0,0.0,0.0,0.0,0.0,0.0
Escherichia coli 3ccfefac-7bb9-11e9-a8d3-68b59976a384,562.9909,0.0,0.0,0.0,0.0,0.0,0.0,0.0,0.0,0.0,0.0
Escherichia coli 3ce00482-7bb9-11e9-a8d3-68b59976a384,562.99307,1.0,0.0,0.0,0.0,0.0,1.0,0.0,0.0,0.0,0.0
Escherichia coli 3cf01cc8-7bb9-11e9-a8d3-68b59976a384,562.99311,0.0,0.0,0.0,0.0,0.0,1.0,0.0,0.0,0.0,0.0
Escherichia coli 3d003d38-7bb9-11e9-a8d3-68b59976a384,562.9955,1.0,0.0,0.0,0.0,0.0,0.0,0.0,0.0,0.0,1.0
Escherichia coli 3d1033fa-7bb9-11e9-a8d3-68b59976a384,562.99813,1.0,0.0,0.0,0.0,0.0,0.0,0.0,0.0,0.0,0.0
Escherichia coli 3d20ad52-7bb9-11e9-a8d3-68b59976a384,562.99814,0.0,0.0,0.0,0.0,0.0,0.0,0.0,0.0,0.0,0.0
Escherichia coli 3d310f58-7bb9-11e9-a8d3-68b59976a384,562.100086,0.0,0.0,0.0,0.0,0.0,0.0,0.0,0.0,0.0,0.0
Escherichia coli 3d440a22-7bb9-11e9-a8d3-68b59976a384,562.100378,0.0,0.0,0.0,0.0,0.0,0.0,0.0,0.0,0.0,0.0
Escherichia coli 3d55b15a-7bb9-11e9-a8d3-68b59976a384,562.99082,0.0,0.0,0.0,0.0,0.0,0.0,0.0,0.0,0.0,0.0
Escherichia coli 3d6a1168-7bb9-11e9-a8d3-68b59976a384,562.99309,0.0,0.0,0.0,0.0,0.0,0.0,0.0,0.0,0.0,0.0
Escherichia coli 3d8264b6-7bb9-11e9-a8d3-68b59976a384,562.99298,0.0,0.0,0.0,0.0,0.0,1.0,0.0,0.0,0.0,0.0
Escherichia coli 3d967f32-7bb9-11e9-a8d3-68b59976a384,562.99551,0.0,0.0,0.0,0.0,0.0,0.0,0.0,0.0,0.0,0.0
Escherichia coli 3daabfb0-7bb9-11e9-a8d3-68b59976a384,562.99793,1.0,0.0,0.0,1.0,0.0,0.0,0.0,0.0,0.0,0.0
Escherichia coli 3dd3d5d0-7bb9-11e9-a8d3-68b59976a384,562.100036,0.0,0.0,0.0,0.0,0.0,0.0,0.0,0.0,0.0,0.0
Escherichia coli 3de7536c-7bb9-11e9-a8d3-68b59976a384,562.100322,1.0,0.0,0.0,0.0,0.0,0.0,0.0,0.0,0.0,0.0
Escherichia coli 3dfc51ea-7bb9-11e9-a8d3-68b59976a384,562.99073,1.0,0.0,0.0,0.0,0.0,0.0,0.0,0.0,0.0,0.0
Escherichia coli 3e109574-7bb9-11e9-a8d3-68b59976a384,562.99293,0.0,0.0,0.0,0.0,0.0,1.0,0.0,0.0,0.0,0.0
Escherichia coli 3e2d647e-7bb9-11e9-a8d3-68b59976a384,562.9929,0.0,0.0,0.0,0.0,0.0,1.0,0.0,0.0,0.0,0.0
Escherichia coli 3e41abaa-7bb9-11e9-a8d3-68b59976a384,562.99533,0.0,0.0,0.0,0.0,0.0,0.0,0.0,0.0,0.0,0.0
Escherichia coli 3e567cba-7bb9-11e9-a8d3-68b59976a384,562.99795,1.0,1.0,1.0,1.0,1.0,0.0,0.0,0.0,0.0,1.0
Escherichia coli 3e6b74d0-7bb9-11e9-a8d3-68b59976a384,562.100041,0.0,0.0,0.0,0.0,0.0,0.0,0.0,0.0,0.0,0.0
Escherichia coli 3e81c3de-7bb9-11e9-a8d3-68b59976a384,562.10004,0.0,0.0,0.0,0.0,0.0,0.0,0.0,0.0,0.0,1.0
Escherichia coli 3e9e56ac-7bb9-11e9-a8d3-68b59976a384,562.100325,0.0,0.0,0.0,0.0,0.0,0.0,0.0,0.0,0.0,0.0
Escherichia coli 3eb78712-7bb9-11e9-a8d3-68b59976a384,562.99067,0.0,0.0,0.0,0.0,0.0,0.0,0.0,0.0,0.0,0.0
Escherichia coli 3ed20740-7bb9-11e9-a8d3-68b59976a384,562.9931,0.0,0.0,0.0,0.0,0.0,1.0,0.0,0.0,0.0,0.0
Escherichia coli 3f065a18-7bb9-11e9-a8d3-68b59976a384,562.99529,0.0,0.0,0.0,0.0,0.0,0.0,0.0,0.0,0.0,0.0
Escherichia coli 3f200814-7bb9-11e9-a8d3-68b59976a384,562.99797,0.0,0.0,0.0,0.0,0.0,0.0,0.0,0.0,0.0,0.0
Escherichia coli 3f39ea18-7bb9-11e9-a8d3-68b59976a384,562.100046,0.0,0.0,0.0,0.0,0.0,0.0,0.0,0.0,0.0,0.0
Escherichia coli 3f54592a-7bb9-11e9-a8d3-68b59976a384,562.100048,1.0,0.0,0.0,0.0,0.0,0.0,0.0,0.0,0.0,1.0
Escherichia coli 3f6e1fc2-7bb9-11e9-a8d3-68b59976a384,562.100332,0.0,0.0,0.0,0.0,0.0,0.0,0.0,0.0,0.0,0.0
Escherichia coli 3f885e6e-7bb9-11e9-a8d3-68b59976a384,562.99065,0.0,0.0,0.0,0.0,0.0,0.0,0.0,0.0,0.0,0.0
Escherichia coli 3fbbb656-7bb9-11e9-a8d3-68b59976a384,562.99537,0.0,0.0,0.0,0.0,0.0,0.0,0.0,0.0,0.0,0.0
Escherichia coli 3fd5fdae-7bb9-11e9-a8d3-68b59976a384,562.9954,0.0,0.0,0.0,0.0,0.0,0.0,0.0,0.0,0.0,0.0
Escherichia coli 3fefbbfe-7bb9-11e9-a8d3-68b59976a384,562.998,1.0,1.0,1.0,1.0,0.0,1.0,0.0,1.0,0.0,1.0
Escherichia coli 4009b63a-7bb9-11e9-a8d3-68b59976a384,562.100053,0.0,0.0,0.0,0.0,0.0,0.0,0.0,0.0,0.0,0.0
Escherichia coli 40234c1c-7bb9-11e9-a8d3-68b59976a384,562.100055,1.0,0.0,0.0,0.0,1.0,0.0,0.0,0.0,0.0,0.0
Escherichia coli 403d7876-7bb9-11e9-a8d3-68b59976a384,562.100337,1.0,0.0,0.0,0.0,0.0,0.0,0.0,0.0,0.0,1.0
Escherichia coli 40575610-7bb9-11e9-a8d3-68b59976a384,562.99096,0.0,0.0,0.0,0.0,0.0,0.0,0.0,0.0,0.0,0.0
Escherichia coli 408a21f8-7bb9-11e9-a8d3-68b59976a384,562.99542,1.0,0.0,0.0,0.0,1.0,0.0,0.0,0.0,0.0,0.0
Escherichia coli 40a39d5e-7bb9-11e9-a8d3-68b59976a384,562.99539,0.0,0.0,0.0,0.0,0.0,0.0,0.0,0.0,0.0,0.0
Escherichia coli 40bd5f1e-7bb9-11e9-a8d3-68b59976a384,562.99802,0.0,0.0,0.0,0.0,0.0,0.0,0.0,0.0,0.0,0.0
Escherichia coli 40f3bffa-7bb9-11e9-a8d3-68b59976a384,562.100057,0.0,0.0,0.0,0.0,0.0,0.0,0.0,0.0,0.0,0.0
Escherichia coli 410e1a62-7bb9-11e9-a8d3-68b59976a384,562.100344,1.0,0.0,0.0,0.0,1.0,0.0,0.0,1.0,0.0,1.0
Escherichia coli 4127eba4-7bb9-11e9-a8d3-68b59976a384,562.99092,0.0,0.0,0.0,0.0,0.0,0.0,0.0,0.0,0.0,0.0
Escherichia coli 415e133c-7bb9-11e9-a8d3-68b59976a384,562.99546,0.0,0.0,0.0,0.0,0.0,0.0,0.0,0.0,0.0,0.0
Escherichia coli 4177db96-7bb9-11e9-a8d3-68b59976a384,562.99544,0.0,0.0,0.0,0.0,0.0,0.0,0.0,0.0,0.0,0.0
Escherichia coli 4191f922-7bb9-11e9-a8d3-68b59976a384,562.99806,1.0,0.0,0.0,0.0,1.0,0.0,0.0,0.0,0.0,1.0
Escherichia coli 41abb146-7bb9-11e9-a8d3-68b59976a384,562.100064,0.0,0.0,0.0,0.0,0.0,0.0,0.0,0.0,0.0,0.0
Escherichia coli 41deb096-7bb9-11e9-a8d3-68b59976a384,562.100347,1.0,1.0,0.0,1.0,0.0,0.0,0.0,0.0,0.0,0.0
Escherichia coli 41f8b09a-7bb9-11e9-a8d3-68b59976a384,562.100349,0.0,0.0,0.0,0.0,0.0,0.0,0.0,0.0,0.0,0.0
Escherichia coli 421271ec-7bb9-11e9-a8d3-68b59976a384,562.100631,0.0,0.0,0.0,,0.0,0.0,0.0,0.0,0.0,0.0
Escherichia coli 422c072e-7bb9-11e9-a8d3-68b59976a384,562.100634,0.0,0.0,0.0,,0.0,0.0,0.0,0.0,0.0,0.0
Escherichia coli 42464d50-7bb9-11e9-a8d3-68b59976a384,562.97872,0.0,,0.0,0.0,0.0,0.0,0.0,0.0,,0.0
Escherichia coli 4260a4e8-7bb9-11e9-a8d3-68b59976a384,562.98121,0.0,0.0,0.0,0.0,0.0,0.0,0.0,0.0,,0.0
Escherichia coli 427d6ec0-7bb9-11e9-a8d3-68b59976a384,562.9825,0.0,0.0,0.0,0.0,0.0,0.0,0.0,0.0,,0.0
Escherichia coli 42980b04-7bb9-11e9-a8d3-68b59976a384,562.98398,0.0,0.0,0.0,0.0,0.0,0.0,0.0,0.0,,0.0
Escherichia coli 42b2e3b6-7bb9-11e9-a8d3-68b59976a384,562.98397,1.0,0.0,0.0,0.0,1.0,1.0,0.0,0.0,,1.0
Escherichia coli 42ce1b18-7bb9-11e9-a8d3-68b59976a384,562.100359,1.0,0.0,0.0,0.0,0.0,0.0,0.0,0.0,0.0,0.0
Escherichia coli 42ebcda2-7bb9-11e9-a8d3-68b59976a384,562.100636,0.0,0.0,0.0,,0.0,0.0,0.0,0.0,0.0,0.0
Escherichia coli 43078a06-7bb9-11e9-a8d3-68b59976a384,562.100637,0.0,0.0,0.0,,0.0,0.0,0.0,0.0,0.0,1.0
Escherichia coli 43229e0e-7bb9-11e9-a8d3-68b59976a384,562.9781,1.0,,0.0,0.0,0.0,0.0,0.0,0.0,,1.0
Escherichia coli 433d87dc-7bb9-11e9-a8d3-68b59976a384,562.98119,0.0,0.0,0.0,0.0,0.0,0.0,0.0,0.0,,0.0
Escherichia coli 4358db4a-7bb9-11e9-a8d3-68b59976a384,562.98258,0.0,0.0,0.0,0.0,0.0,0.0,0.0,0.0,,0.0
Escherichia coli 43730358-7bb9-11e9-a8d3-68b59976a384,562.98393,0.0,0.0,0.0,0.0,0.0,0.0,0.0,0.0,,0.0
Escherichia coli 438e1756-7bb9-11e9-a8d3-68b59976a384,562.98389,0.0,0.0,0.0,0.0,0.0,0.0,0.0,0.0,,0.0
Escherichia coli 43a7d830-7bb9-11e9-a8d3-68b59976a384,562.100361,1.0,0.0,0.0,1.0,1.0,0.0,0.0,1.0,0.0,1.0
Escherichia coli 43c2c79e-7bb9-11e9-a8d3-68b59976a384,562.10064,1.0,0.0,0.0,,1.0,0.0,0.0,0.0,0.0,1.0
Escherichia coli 43dd6e50-7bb9-11e9-a8d3-68b59976a384,562.97775,1.0,,0.0,1.0,0.0,0.0,0.0,0.0,,0.0
Escherichia coli 43f7f3b0-7bb9-11e9-a8d3-68b59976a384,562.97998,1.0,0.0,0.0,,0.0,0.0,0.0,0.0,,0.0
Escherichia coli 44121de4-7bb9-11e9-a8d3-68b59976a384,562.98132,1.0,0.0,0.0,0.0,0.0,0.0,0.0,0.0,,0.0
Escherichia coli 442d19d2-7bb9-11e9-a8d3-68b59976a384,562.98259,0.0,0.0,0.0,0.0,0.0,0.0,0.0,0.0,,0.0
Escherichia coli 44480a94-7bb9-11e9-a8d3-68b59976a384,562.98391,0.0,0.0,0.0,0.0,0.0,0.0,0.0,0.0,,0.0
Escherichia coli 446306b4-7bb9-11e9-a8d3-68b59976a384,562.993,0.0,0.0,0.0,0.0,0.0,1.0,0.0,0.0,0.0,0.0
Escherichia coli 447decc2-7bb9-11e9-a8d3-68b59976a384,562.100369,1.0,0.0,0.0,0.0,0.0,0.0,0.0,0.0,0.0,0.0
Escherichia coli 4498ee96-7bb9-11e9-a8d3-68b59976a384,562.100617,0.0,0.0,0.0,,0.0,0.0,0.0,0.0,0.0,0.0
Escherichia coli 44b29e90-7bb9-11e9-a8d3-68b59976a384,562.97881,0.0,,0.0,0.0,0.0,0.0,0.0,0.0,,0.0
Escherichia coli 44cc583a-7bb9-11e9-a8d3-68b59976a384,562.98001,0.0,0.0,0.0,,0.0,0.0,0.0,0.0,,1.0
Escherichia coli 44e7005e-7bb9-11e9-a8d3-68b59976a384,562.98137,1.0,0.0,0.0,0.0,0.0,0.0,0.0,0.0,,0.0
Escherichia coli 45013938-7bb9-11e9-a8d3-68b59976a384,562.98253,0.0,0.0,0.0,0.0,0.0,0.0,0.0,0.0,,0.0
Escherichia coli 451b6df8-7bb9-11e9-a8d3-68b59976a384,562.98348,1.0,0.0,0.0,0.0,1.0,1.0,0.0,0.0,,1.0
Escherichia coli 4536ef60-7bb9-11e9-a8d3-68b59976a384,562.99412,0.0,0.0,0.0,0.0,0.0,1.0,0.0,0.0,0.0,0.0
Escherichia coli 4551aa08-7bb9-11e9-a8d3-68b59976a384,562.100585,0.0,0.0,0.0,0.0,0.0,0.0,0.0,0.0,0.0,0.0
Escherichia coli 456bf660-7bb9-11e9-a8d3-68b59976a384,562.10093,0.0,0.0,0.0,,0.0,0.0,0.0,0.0,0.0,0.0
Escherichia coli 45871350-7bb9-11e9-a8d3-68b59976a384,562.9792,0.0,,0.0,1.0,0.0,0.0,0.0,0.0,,0.0
Escherichia coli 45bb898c-7bb9-11e9-a8d3-68b59976a384,562.98126,0.0,0.0,0.0,,0.0,0.0,0.0,0.0,,0.0
Escherichia coli 45d565e6-7bb9-11e9-a8d3-68b59976a384,562.98177,0.0,0.0,0.0,0.0,0.0,0.0,0.0,0.0,,0.0
Escherichia coli 45ef0dd4-7bb9-11e9-a8d3-68b59976a384,562.98308,0.0,0.0,0.0,0.0,0.0,0.0,0.0,0.0,,0.0
Escherichia coli 46090acc-7bb9-11e9-a8d3-68b59976a384,562.98442,0.0,0.0,0.0,0.0,0.0,0.0,0.0,0.0,,0.0
Escherichia coli 4622e492-7bb9-11e9-a8d3-68b59976a384,562.99453,0.0,0.0,0.0,0.0,0.0,1.0,0.0,0.0,0.0,0.0
Escherichia coli 463f80f2-7bb9-11e9-a8d3-68b59976a384,562.100923,1.0,0.0,0.0,,0.0,0.0,0.0,0.0,0.0,1.0
Escherichia coli 46588f16-7bb9-11e9-a8d3-68b59976a384,562.100928,1.0,0.0,0.0,,0.0,0.0,0.0,0.0,0.0,0.0
Escherichia coli 4671ca4e-7bb9-11e9-a8d3-68b59976a384,562.97823,0.0,,0.0,0.0,0.0,0.0,0.0,0.0,,0.0
Escherichia coli 468ca7a6-7bb9-11e9-a8d3-68b59976a384,562.98065,0.0,0.0,0.0,,0.0,0.0,0.0,0.0,,0.0
Escherichia coli 46a99da2-7bb9-11e9-a8d3-68b59976a384,562.98196,0.0,0.0,0.0,0.0,0.0,0.0,0.0,0.0,,0.0
Escherichia coli 46c294d8-7bb9-11e9-a8d3-68b59976a384,562.98319,0.0,0.0,0.0,0.0,0.0,0.0,0.0,0.0,,0.0
Escherichia coli 46dbd2e0-7bb9-11e9-a8d3-68b59976a384,562.98438,1.0,0.0,0.0,0.0,0.0,0.0,0.0,0.0,,0.0
Escherichia coli 46f57cb8-7bb9-11e9-a8d3-68b59976a384,562.99456,0.0,0.0,0.0,0.0,0.0,1.0,0.0,0.0,0.0,0.0
Escherichia coli 470fca00-7bb9-11e9-a8d3-68b59976a384,562.100927,0.0,0.0,0.0,,0.0,0.0,0.0,0.0,0.0,0.0
Escherichia coli 4729b9ec-7bb9-11e9-a8d3-68b59976a384,562.100932,1.0,0.0,0.0,,0.0,0.0,0.0,0.0,0.0,0.0
Escherichia coli 4743b8ba-7bb9-11e9-a8d3-68b59976a384,562.97963,0.0,,0.0,0.0,0.0,0.0,0.0,0.0,,0.0
Escherichia coli 475d5a4a-7bb9-11e9-a8d3-68b59976a384,562.98057,0.0,0.0,0.0,,0.0,0.0,0.0,0.0,,0.0
Escherichia coli 4778db44-7bb9-11e9-a8d3-68b59976a384,562.98189,0.0,0.0,0.0,0.0,0.0,0.0,0.0,0.0,,0.0
Escherichia coli 4792ec64-7bb9-11e9-a8d3-68b59976a384,562.98324,1.0,0.0,0.0,0.0,1.0,0.0,0.0,0.0,,1.0
Escherichia coli 47ac7fe4-7bb9-11e9-a8d3-68b59976a384,562.98436,0.0,0.0,0.0,0.0,0.0,0.0,0.0,0.0,,0.0
Escherichia coli 47c57828-7bb9-11e9-a8d3-68b59976a384,562.99458,0.0,0.0,0.0,0.0,0.0,1.0,0.0,0.0,0.0,0.0
Escherichia coli 47df0b26-7bb9-11e9-a8d3-68b59976a384,562.100936,1.0,0.0,0.0,,0.0,0.0,0.0,0.0,0.0,0.0
Escherichia coli 4808da96-7bb9-11e9-a8d3-68b59976a384,562.100937,1.0,0.0,0.0,,0.0,0.0,0.0,0.0,0.0,1.0
Escherichia coli 4822ee7c-7bb9-11e9-a8d3-68b59976a384,562.97929,1.0,,0.0,0.0,0.0,0.0,0.0,0.0,,1.0
Escherichia coli 483fdab4-7bb9-11e9-a8d3-68b59976a384,562.98039,1.0,0.0,0.0,,0.0,0.0,0.0,0.0,,1.0
Escherichia coli 485960ba-7bb9-11e9-a8d3-68b59976a384,562.98172,0.0,0.0,0.0,0.0,0.0,0.0,0.0,0.0,,0.0
Escherichia coli 4872f75a-7bb9-11e9-a8d3-68b59976a384,562.98299,0.0,0.0,0.0,0.0,0.0,0.0,0.0,0.0,,0.0
Escherichia coli 488c9a66-7bb9-11e9-a8d3-68b59976a384,562.98418,0.0,0.0,0.0,0.0,0.0,0.0,0.0,0.0,,0.0
Escherichia coli 48a67990-7bb9-11e9-a8d3-68b59976a384,562.99429,0.0,0.0,0.0,0.0,0.0,1.0,0.0,0.0,0.0,0.0
Escherichia coli 48c0a6c6-7bb9-11e9-a8d3-68b59976a384,562.100902,0.0,0.0,0.0,,0.0,0.0,0.0,0.0,0.0,0.0
Escherichia coli 48da0d64-7bb9-11e9-a8d3-68b59976a384,562.100907,1.0,0.0,0.0,,0.0,0.0,0.0,0.0,0.0,1.0
Escherichia coli 48f42668-7bb9-11e9-a8d3-68b59976a384,562.97926,0.0,,0.0,0.0,0.0,0.0,0.0,0.0,,0.0
Escherichia coli 490d44c2-7bb9-11e9-a8d3-68b59976a384,562.98053,0.0,0.0,0.0,,0.0,0.0,0.0,0.0,,0.0
Escherichia coli 4927bd20-7bb9-11e9-a8d3-68b59976a384,562.9817,0.0,0.0,0.0,0.0,0.0,0.0,0.0,0.0,,0.0
Escherichia coli 4941e4c0-7bb9-11e9-a8d3-68b59976a384,562.983,1.0,0.0,0.0,0.0,0.0,0.0,0.0,1.0,,1.0
Escherichia coli 495d7b18-7bb9-11e9-a8d3-68b59976a384,562.98421,0.0,0.0,0.0,0.0,0.0,0.0,0.0,0.0,,0.0
Escherichia coli 49782daa-7bb9-11e9-a8d3-68b59976a384,562.99431,0.0,0.0,0.0,0.0,0.0,0.0,0.0,0.0,0.0,0.0
Escherichia coli 49ae1b7c-7bb9-11e9-a8d3-68b59976a384,562.10091,0.0,0.0,0.0,,0.0,0.0,0.0,0.0,0.0,0.0
Escherichia coli 49c91846-7bb9-11e9-a8d3-68b59976a384,562.97935,0.0,,0.0,0.0,0.0,0.0,0.0,0.0,,0.0
Escherichia coli 49e390fe-7bb9-11e9-a8d3-68b59976a384,562.98054,0.0,0.0,0.0,,0.0,0.0,0.0,0.0,,1.0
Escherichia coli 49fedba2-7bb9-11e9-a8d3-68b59976a384,562.98173,0.0,0.0,0.0,0.0,0.0,0.0,0.0,0.0,,0.0
Escherichia coli 4a187be8-7bb9-11e9-a8d3-68b59976a384,562.98303,0.0,0.0,0.0,0.0,0.0,0.0,0.0,0.0,,0.0
Escherichia coli 4a324d02-7bb9-11e9-a8d3-68b59976a384,562.9842,0.0,0.0,0.0,0.0,0.0,0.0,0.0,0.0,,0.0
Escherichia coli 4a65bf3e-7bb9-11e9-a8d3-68b59976a384,562.100911,0.0,0.0,0.0,,0.0,0.0,0.0,0.0,0.0,1.0
Escherichia coli 4a800a88-7bb9-11e9-a8d3-68b59976a384,562.100912,1.0,0.0,0.0,,0.0,0.0,0.0,0.0,0.0,1.0
Escherichia coli 4a9a2f3a-7bb9-11e9-a8d3-68b59976a384,562.9793,1.0,,0.0,0.0,0.0,0.0,0.0,0.0,,0.0
Escherichia coli 4ab40810-7bb9-11e9-a8d3-68b59976a384,562.98047,1.0,0.0,0.0,,0.0,0.0,0.0,0.0,,1.0
Escherichia coli 4acddfba-7bb9-11e9-a8d3-68b59976a384,562.98182,0.0,0.0,0.0,0.0,0.0,0.0,0.0,0.0,,0.0
Escherichia coli 4ae723f8-7bb9-11e9-a8d3-68b59976a384,562.98312,0.0,0.0,0.0,0.0,0.0,0.0,0.0,0.0,,0.0
Escherichia coli 4b019ea4-7bb9-11e9-a8d3-68b59976a384,562.98424,0.0,0.0,0.0,0.0,0.0,0.0,0.0,0.0,,0.0
Escherichia coli 4b1b7766-7bb9-11e9-a8d3-68b59976a384,562.99433,1.0,1.0,1.0,1.0,0.0,1.0,0.0,0.0,0.0,1.0
Escherichia coli 4b3652e8-7bb9-11e9-a8d3-68b59976a384,562.100914,0.0,0.0,0.0,,0.0,0.0,0.0,0.0,0.0,0.0
Escherichia coli 4b4fa374-7bb9-11e9-a8d3-68b59976a384,562.100919,0.0,0.0,0.0,,0.0,0.0,0.0,0.0,0.0,0.0
Escherichia coli 4b69333e-7bb9-11e9-a8d3-68b59976a384,562.97933,1.0,,0.0,0.0,0.0,0.0,0.0,0.0,,1.0
Escherichia coli 4b82de1a-7bb9-11e9-a8d3-68b59976a384,562.98061,0.0,0.0,0.0,,0.0,0.0,0.0,0.0,,0.0
Escherichia coli 4b9c5bd8-7bb9-11e9-a8d3-68b59976a384,562.98179,0.0,0.0,0.0,0.0,0.0,0.0,0.0,0.0,,0.0
Escherichia coli 4bb6bb40-7bb9-11e9-a8d3-68b59976a384,562.98427,1.0,0.0,0.0,0.0,0.0,0.0,0.0,0.0,,1.0
Escherichia coli 4bd0349e-7bb9-11e9-a8d3-68b59976a384,562.98423,0.0,0.0,0.0,0.0,0.0,0.0,0.0,0.0,,1.0
Escherichia coli 4c044fc2-7bb9-11e9-a8d3-68b59976a384,562.99435,1.0,1.0,1.0,1.0,1.0,1.0,0.0,0.0,0.0,1.0
Escherichia coli 4c1e7758-7bb9-11e9-a8d3-68b59976a384,562.99439,0.0,0.0,0.0,0.0,0.0,1.0,0.0,0.0,0.0,0.0
Escherichia coli 4c390a8c-7bb9-11e9-a8d3-68b59976a384,562.99688,0.0,0.0,0.0,0.0,0.0,0.0,0.0,0.0,0.0,0.0
Escherichia coli 4c5cdaf2-7bb9-11e9-a8d3-68b59976a384,562.99679,0.0,0.0,0.0,0.0,0.0,0.0,0.0,0.0,0.0,0.0
Escherichia coli 4c92559c-7bb9-11e9-a8d3-68b59976a384,562.98058,0.0,0.0,0.0,,0.0,0.0,0.0,0.0,,0.0
Escherichia coli 4cabfe02-7bb9-11e9-a8d3-68b59976a384,562.98185,1.0,0.0,0.0,0.0,1.0,0.0,0.0,0.0,,0.0
Escherichia coli 4cc5a820-7bb9-11e9-a8d3-68b59976a384,562.98311,1.0,0.0,0.0,1.0,1.0,0.0,0.0,0.0,,1.0
Escherichia coli 4ce2b352-7bb9-11e9-a8d3-68b59976a384,562.99438,1.0,0.0,0.0,0.0,0.0,1.0,0.0,0.0,0.0,0.0
Escherichia coli 4cfcc814-7bb9-11e9-a8d3-68b59976a384,562.99441,0.0,0.0,0.0,0.0,0.0,1.0,0.0,0.0,0.0,0.0
Escherichia coli 4d177cae-7bb9-11e9-a8d3-68b59976a384,562.99685,0.0,0.0,0.0,0.0,0.0,0.0,0.0,0.0,0.0,0.0
Escherichia coli 4d327932-7bb9-11e9-a8d3-68b59976a384,562.99689,0.0,0.0,0.0,0.0,0.0,0.0,0.0,0.0,0.0,0.0
Escherichia coli 4d4ca53c-7bb9-11e9-a8d3-68b59976a384,562.97802,1.0,,0.0,1.0,0.0,0.0,0.0,0.0,,0.0
Escherichia coli 4d658eb2-7bb9-11e9-a8d3-68b59976a384,562.98063,1.0,0.0,0.0,,0.0,0.0,0.0,0.0,,1.0
Escherichia coli 4d803fbe-7bb9-11e9-a8d3-68b59976a384,562.98184,0.0,0.0,0.0,0.0,0.0,0.0,0.0,0.0,,0.0
Escherichia coli 4db2b674-7bb9-11e9-a8d3-68b59976a384,562.99445,0.0,0.0,0.0,0.0,0.0,1.0,0.0,0.0,0.0,0.0
Escherichia coli 4dcbcfec-7bb9-11e9-a8d3-68b59976a384,562.99455,0.0,0.0,0.0,0.0,0.0,1.0,0.0,0.0,0.0,0.0
Escherichia coli 4de53748-7bb9-11e9-a8d3-68b59976a384,562.99692,1.0,1.0,1.0,1.0,1.0,0.0,0.0,0.0,0.0,0.0
Escherichia coli 4dfff3d0-7bb9-11e9-a8d3-68b59976a384,562.99695,1.0,0.0,0.0,0.0,0.0,0.0,0.0,0.0,0.0,1.0
Escherichia coli 4e1d395e-7bb9-11e9-a8d3-68b59976a384,562.97937,0.0,,0.0,0.0,0.0,0.0,0.0,0.0,,1.0
Escherichia coli 4e392d8a-7bb9-11e9-a8d3-68b59976a384,562.98064,0.0,0.0,0.0,,0.0,0.0,0.0,0.0,,0.0
Escherichia coli 4e54182a-7bb9-11e9-a8d3-68b59976a384,562.98199,1.0,0.0,0.0,0.0,0.0,0.0,0.0,0.0,,0.0
Escherichia coli 4e8ede88-7bb9-11e9-a8d3-68b59976a384,562.99452,0.0,0.0,0.0,0.0,0.0,1.0,0.0,0.0,0.0,0.0
Escherichia coli 4ea86f4c-7bb9-11e9-a8d3-68b59976a384,562.99442,0.0,0.0,0.0,0.0,0.0,1.0,0.0,0.0,0.0,0.0
Escherichia coli 4ec28ecc-7bb9-11e9-a8d3-68b59976a384,562.99697,0.0,0.0,0.0,0.0,0.0,0.0,0.0,0.0,0.0,0.0
Escherichia coli 4edc3b56-7bb9-11e9-a8d3-68b59976a384,562.99698,0.0,0.0,0.0,0.0,0.0,0.0,0.0,0.0,0.0,0.0
Escherichia coli 4ef681fa-7bb9-11e9-a8d3-68b59976a384,562.9796,0.0,,0.0,0.0,0.0,0.0,0.0,0.0,,1.0
Escherichia coli 4f1240f2-7bb9-11e9-a8d3-68b59976a384,562.98075,0.0,0.0,0.0,,0.0,0.0,0.0,0.0,,0.0
Escherichia coli 4f2ecf42-7bb9-11e9-a8d3-68b59976a384,562.982,1.0,0.0,0.0,0.0,0.0,1.0,0.0,0.0,,1.0
Escherichia coli 4f4ac382-7bb9-11e9-a8d3-68b59976a384,562.98317,0.0,0.0,0.0,0.0,0.0,0.0,0.0,0.0,,0.0
Escherichia coli 4f6472aa-7bb9-11e9-a8d3-68b59976a384,562.9945,0.0,0.0,0.0,0.0,0.0,0.0,0.0,0.0,0.0,0.0
Escherichia coli 4f7f24ce-7bb9-11e9-a8d3-68b59976a384,562.99243,0.0,0.0,0.0,0.0,0.0,1.0,0.0,0.0,0.0,0.0
Escherichia coli 4fb3e8ee-7bb9-11e9-a8d3-68b59976a384,562.99701,1.0,1.0,1.0,1.0,1.0,0.0,0.0,1.0,0.0,1.0
Escherichia coli 4fce22ae-7bb9-11e9-a8d3-68b59976a384,562.97928,0.0,,0.0,0.0,0.0,0.0,0.0,0.0,,0.0
Escherichia coli 4fe7cd80-7bb9-11e9-a8d3-68b59976a384,562.98049,1.0,0.0,0.0,,0.0,0.0,0.0,0.0,,0.0
Escherichia coli 50046076-7bb9-11e9-a8d3-68b59976a384,562.98175,0.0,0.0,0.0,0.0,0.0,0.0,0.0,0.0,,0.0
Escherichia coli 501db102-7bb9-11e9-a8d3-68b59976a384,562.98306,0.0,0.0,0.0,0.0,0.0,0.0,0.0,0.0,,0.0
Escherichia coli 5051a3ea-7bb9-11e9-a8d3-68b59976a384,562.99437,0.0,0.0,0.0,0.0,0.0,0.0,0.0,0.0,0.0,0.0
Escherichia coli 506baf88-7bb9-11e9-a8d3-68b59976a384,562.99691,0.0,0.0,0.0,0.0,0.0,0.0,0.0,0.0,0.0,0.0
Escherichia coli 50860b94-7bb9-11e9-a8d3-68b59976a384,562.997,1.0,0.0,0.0,0.0,0.0,0.0,0.0,0.0,0.0,0.0
Escherichia coli 509ff086-7bb9-11e9-a8d3-68b59976a384,562.97959,0.0,,0.0,0.0,0.0,0.0,0.0,0.0,,0.0
Escherichia coli 50b9a436-7bb9-11e9-a8d3-68b59976a384,562.98066,1.0,1.0,0.0,,0.0,1.0,0.0,0.0,,0.0
Escherichia coli 50d3ca3c-7bb9-11e9-a8d3-68b59976a384,562.98191,0.0,0.0,0.0,0.0,0.0,0.0,0.0,0.0,,0.0
Escherichia coli 50edafa6-7bb9-11e9-a8d3-68b59976a384,562.98588,1.0,0.0,0.0,0.0,0.0,0.0,,1.0,0.0,0.0
Escherichia coli 51083cc2-7bb9-11e9-a8d3-68b59976a384,562.99451,1.0,1.0,1.0,1.0,1.0,1.0,0.0,1.0,0.0,1.0
Escherichia coli 51231ff6-7bb9-11e9-a8d3-68b59976a384,562.99448,0.0,0.0,0.0,0.0,0.0,1.0,0.0,0.0,0.0,0.0
Escherichia coli 51580978-7bb9-11e9-a8d3-68b59976a384,562.99702,0.0,0.0,0.0,0.0,1.0,0.0,0.0,0.0,0.0,1.0
Escherichia coli 5173c1ea-7bb9-11e9-a8d3-68b59976a384,562.97961,0.0,,0.0,0.0,,0.0,0.0,0.0,,0.0
Escherichia coli 518e7472-7bb9-11e9-a8d3-68b59976a384,562.98067,0.0,0.0,0.0,,0.0,0.0,0.0,0.0,,0.0
Escherichia coli 51a97010-7bb9-11e9-a8d3-68b59976a384,562.98323,0.0,0.0,0.0,0.0,0.0,0.0,0.0,0.0,,0.0
Escherichia coli 51c41fbe-7bb9-11e9-a8d3-68b59976a384,562.98595,1.0,0.0,0.0,0.0,0.0,0.0,,0.0,0.0,0.0
Escherichia coli 51def5f0-7bb9-11e9-a8d3-68b59976a384,562.99447,0.0,0.0,0.0,0.0,0.0,1.0,0.0,0.0,0.0,0.0
Escherichia coli 51fa7d8e-7bb9-11e9-a8d3-68b59976a384,562.99449,1.0,0.0,0.0,0.0,0.0,1.0,0.0,0.0,0.0,0.0
Escherichia coli 521df232-7bb9-11e9-a8d3-68b59976a384,562.99704,1.0,0.0,0.0,0.0,0.0,0.0,0.0,0.0,0.0,0.0
Escherichia coli 52389b82-7bb9-11e9-a8d3-68b59976a384,562.99703,1.0,0.0,0.0,0.0,0.0,0.0,0.0,1.0,0.0,0.0
Escherichia coli 5254d0b8-7bb9-11e9-a8d3-68b59976a384,562.97924,0.0,,0.0,0.0,0.0,0.0,0.0,0.0,,0.0
Escherichia coli 52768348-7bb9-11e9-a8d3-68b59976a384,562.98037,0.0,0.0,0.0,,0.0,0.0,0.0,0.0,,0.0
Escherichia coli 52920528-7bb9-11e9-a8d3-68b59976a384,562.98298,0.0,0.0,0.0,0.0,0.0,0.0,0.0,0.0,,0.0
Escherichia coli 52bdef9e-7bb9-11e9-a8d3-68b59976a384,562.9857,0.0,0.0,0.0,0.0,0.0,0.0,,0.0,0.0,0.0
Escherichia coli 52edba30-7bb9-11e9-a8d3-68b59976a384,562.99403,0.0,0.0,1.0,0.0,0.0,1.0,0.0,0.0,0.0,0.0
Escherichia coli 531b810e-7bb9-11e9-a8d3-68b59976a384,562.99677,0.0,0.0,0.0,0.0,0.0,0.0,0.0,0.0,0.0,0.0
Escherichia coli 5338df10-7bb9-11e9-a8d3-68b59976a384,562.99678,1.0,0.0,0.0,0.0,1.0,0.0,0.0,0.0,0.0,1.0
Escherichia coli 53579f04-7bb9-11e9-a8d3-68b59976a384,562.9967,1.0,0.0,0.0,0.0,0.0,0.0,0.0,0.0,0.0,1.0
Escherichia coli 53885694-7bb9-11e9-a8d3-68b59976a384,562.97925,0.0,,0.0,0.0,0.0,0.0,0.0,0.0,,0.0
Escherichia coli 53a37744-7bb9-11e9-a8d3-68b59976a384,562.98044,1.0,0.0,0.0,,0.0,0.0,0.0,0.0,,0.0
Escherichia coli 53cd86ba-7bb9-11e9-a8d3-68b59976a384,562.98297,0.0,0.0,0.0,0.0,0.0,0.0,0.0,0.0,,0.0
Escherichia coli 540aa392-7bb9-11e9-a8d3-68b59976a384,562.98569,0.0,0.0,0.0,0.0,0.0,0.0,,0.0,0.0,0.0
Escherichia coli 543e4ecc-7bb9-11e9-a8d3-68b59976a384,562.9943,0.0,0.0,0.0,0.0,0.0,1.0,0.0,0.0,0.0,0.0
Escherichia coli 5477873c-7bb9-11e9-a8d3-68b59976a384,562.99671,1.0,0.0,0.0,0.0,0.0,0.0,0.0,0.0,0.0,0.0
Escherichia coli 54a41608-7bb9-11e9-a8d3-68b59976a384,562.9968,0.0,0.0,1.0,0.0,1.0,1.0,0.0,0.0,0.0,0.0
Escherichia coli 54c0b9a2-7bb9-11e9-a8d3-68b59976a384,562.99681,1.0,1.0,1.0,1.0,1.0,0.0,0.0,0.0,0.0,0.0
Escherichia coli 54dcbecc-7bb9-11e9-a8d3-68b59976a384,562.97921,0.0,,0.0,0.0,0.0,0.0,0.0,0.0,,0.0
Escherichia coli 54f85ba0-7bb9-11e9-a8d3-68b59976a384,562.98171,0.0,0.0,0.0,0.0,0.0,0.0,0.0,0.0,,0.0
Escherichia coli 5513f248-7bb9-11e9-a8d3-68b59976a384,562.98304,1.0,0.0,0.0,0.0,0.0,0.0,0.0,0.0,,1.0
Escherichia coli 552f97aa-7bb9-11e9-a8d3-68b59976a384,562.98571,0.0,0.0,0.0,0.0,0.0,0.0,,0.0,0.0,0.0
Escherichia coli 554af446-7bb9-11e9-a8d3-68b59976a384,562.99427,0.0,0.0,0.0,0.0,0.0,1.0,0.0,0.0,0.0,0.0
Escherichia coli 556699f8-7bb9-11e9-a8d3-68b59976a384,562.99683,0.0,0.0,0.0,0.0,0.0,0.0,0.0,0.0,0.0,0.0
Escherichia coli 55829310-7bb9-11e9-a8d3-68b59976a384,562.99682,1.0,0.0,0.0,0.0,0.0,0.0,0.0,0.0,0.0,1.0
Escherichia coli 559df75e-7bb9-11e9-a8d3-68b59976a384,562.99687,1.0,0.0,0.0,0.0,0.0,0.0,0.0,0.0,0.0,1.0
Escherichia coli 55b9303c-7bb9-11e9-a8d3-68b59976a384,562.97931,1.0,,0.0,0.0,1.0,0.0,0.0,0.0,,1.0
Escherichia coli 55d55884-7bb9-11e9-a8d3-68b59976a384,562.98183,1.0,0.0,0.0,0.0,1.0,1.0,0.0,0.0,,1.0
Escherichia coli 55f13784-7bb9-11e9-a8d3-68b59976a384,562.98307,0.0,0.0,0.0,0.0,0.0,0.0,0.0,0.0,,0.0
Escherichia coli 560d0540-7bb9-11e9-a8d3-68b59976a384,562.98578,0.0,0.0,0.0,0.0,0.0,0.0,,0.0,0.0,0.0
Escherichia coli 5628de32-7bb9-11e9-a8d3-68b59976a384,562.99434,0.0,0.0,0.0,1.0,0.0,1.0,0.0,0.0,0.0,0.0
Escherichia coli 56f1d62a-7bb9-11e9-a8d3-68b59976a384,562.98576,1.0,0.0,0.0,0.0,0.0,0.0,,0.0,0.0,0.0
Escherichia coli 570cfcb6-7bb9-11e9-a8d3-68b59976a384,562.98575,1.0,0.0,0.0,0.0,1.0,0.0,,0.0,0.0,1.0
Escherichia coli 572908de-7bb9-11e9-a8d3-68b59976a384,562.98987,0.0,0.0,0.0,0.0,0.0,0.0,0.0,0.0,0.0,0.0
Escherichia coli 5743e58c-7bb9-11e9-a8d3-68b59976a384,562.99206,0.0,0.0,0.0,0.0,1.0,0.0,0.0,0.0,0.0,0.0
Escherichia coli 575f2a72-7bb9-11e9-a8d3-68b59976a384,562.9944,1.0,0.0,0.0,0.0,0.0,0.0,0.0,0.0,0.0,0.0
Escherichia coli 577a1ed6-7bb9-11e9-a8d3-68b59976a384,562.99918,0.0,0.0,0.0,0.0,0.0,0.0,0.0,0.0,0.0,0.0
Escherichia coli 57976d88-7bb9-11e9-a8d3-68b59976a384,562.100244,1.0,0.0,0.0,0.0,0.0,0.0,0.0,1.0,0.0,0.0
Escherichia coli 57b31150-7bb9-11e9-a8d3-68b59976a384,562.100579,0.0,0.0,0.0,0.0,0.0,0.0,0.0,0.0,0.0,0.0
Escherichia coli 57ce398a-7bb9-11e9-a8d3-68b59976a384,562.100921,1.0,0.0,0.0,,0.0,0.0,0.0,0.0,0.0,1.0
Escherichia coli 57e972c2-7bb9-11e9-a8d3-68b59976a384,562.98573,1.0,0.0,0.0,0.0,0.0,0.0,,0.0,0.0,0.0
Escherichia coli 58051c20-7bb9-11e9-a8d3-68b59976a384,562.98998,0.0,0.0,0.0,0.0,0.0,0.0,0.0,0.0,0.0,0.0
Escherichia coli 5820de6a-7bb9-11e9-a8d3-68b59976a384,562.99209,1.0,0.0,0.0,0.0,1.0,1.0,0.0,0.0,0.0,0.0
Escherichia coli 583c8188-7bb9-11e9-a8d3-68b59976a384,562.99443,0.0,0.0,0.0,0.0,0.0,0.0,0.0,0.0,0.0,0.0
Escherichia coli 585745f4-7bb9-11e9-a8d3-68b59976a384,562.9992,1.0,0.0,0.0,0.0,0.0,0.0,0.0,0.0,0.0,1.0
Escherichia coli 58723580-7bb9-11e9-a8d3-68b59976a384,562.10025,0.0,0.0,0.0,0.0,0.0,0.0,0.0,0.0,0.0,0.0
Escherichia coli 588cd8e0-7bb9-11e9-a8d3-68b59976a384,562.100581,0.0,0.0,0.0,0.0,0.0,0.0,0.0,0.0,0.0,0.0
Escherichia coli 58a7c40c-7bb9-11e9-a8d3-68b59976a384,562.10092,0.0,0.0,0.0,,0.0,0.0,0.0,0.0,0.0,0.0
Escherichia coli 58e9246a-7bb9-11e9-a8d3-68b59976a384,562.98991,0.0,0.0,0.0,0.0,0.0,0.0,0.0,0.0,0.0,0.0
Escherichia coli 59056ec2-7bb9-11e9-a8d3-68b59976a384,562.99212,0.0,0.0,0.0,0.0,0.0,0.0,0.0,0.0,0.0,1.0
Escherichia coli 5921994e-7bb9-11e9-a8d3-68b59976a384,562.99693,1.0,1.0,1.0,1.0,1.0,1.0,0.0,1.0,1.0,1.0
Escherichia coli 59402012-7bb9-11e9-a8d3-68b59976a384,562.99924,0.0,0.0,0.0,0.0,0.0,0.0,0.0,0.0,0.0,0.0
Escherichia coli 595c733e-7bb9-11e9-a8d3-68b59976a384,562.100252,1.0,0.0,0.0,0.0,0.0,0.0,0.0,0.0,0.0,1.0
Escherichia coli 596059-1,562.115073,1.0,0.0,0.0,1.0,0.0,0.0,1.0,,,
Escherichia coli 597d8bdc-7bb9-11e9-a8d3-68b59976a384,562.100582,0.0,0.0,0.0,0.0,0.0,0.0,0.0,0.0,0.0,0.0
Escherichia coli 599d9968-7bb9-11e9-a8d3-68b59976a384,562.100922,1.0,0.0,0.0,,0.0,0.0,0.0,0.0,0.0,0.0
Escherichia coli 59bd2e4a-7bb9-11e9-a8d3-68b59976a384,562.9879,0.0,0.0,0.0,0.0,0.0,0.0,0.0,0.0,0.0,0.0
Escherichia coli 59db8778-7bb9-11e9-a8d3-68b59976a384,562.98989,0.0,0.0,0.0,0.0,0.0,0.0,0.0,0.0,0.0,1.0
Escherichia coli 59faed3e-7bb9-11e9-a8d3-68b59976a384,562.99221,0.0,0.0,0.0,0.0,0.0,0.0,0.0,0.0,0.0,0.0
Escherichia coli 5a1d6030-7bb9-11e9-a8d3-68b59976a384,562.99696,0.0,0.0,0.0,0.0,0.0,0.0,0.0,0.0,0.0,0.0
Escherichia coli 5a3bf5ae-7bb9-11e9-a8d3-68b59976a384,562.99926,0.0,0.0,0.0,0.0,0.0,0.0,0.0,0.0,0.0,0.0
Escherichia coli 5a5a3dfc-7bb9-11e9-a8d3-68b59976a384,562.100258,0.0,0.0,0.0,0.0,0.0,0.0,0.0,0.0,0.0,0.0
Escherichia coli 5a78905e-7bb9-11e9-a8d3-68b59976a384,562.100588,1.0,0.0,0.0,0.0,0.0,0.0,0.0,0.0,0.0,0.0
Escherichia coli 5a969c84-7bb9-11e9-a8d3-68b59976a384,562.100924,1.0,0.0,0.0,,0.0,0.0,0.0,0.0,0.0,1.0
Escherichia coli 5ab5c4d8-7bb9-11e9-a8d3-68b59976a384,562.98787,1.0,0.0,0.0,0.0,0.0,0.0,0.0,0.0,0.0,1.0
Escherichia coli 5ad44318-7bb9-11e9-a8d3-68b59976a384,562.9899,1.0,0.0,0.0,0.0,0.0,0.0,0.0,0.0,0.0,1.0
Escherichia coli 5aee229c-7bb9-11e9-a8d3-68b59976a384,562.99248,1.0,0.0,0.0,0.0,0.0,0.0,0.0,0.0,0.0,0.0
Escherichia coli 5b2964ce-7bb9-11e9-a8d3-68b59976a384,562.99726,1.0,0.0,0.0,0.0,1.0,1.0,0.0,0.0,0.0,0.0
Escherichia coli 5b558630-7bb9-11e9-a8d3-68b59976a384,562.99927,1.0,0.0,0.0,0.0,1.0,1.0,0.0,0.0,0.0,0.0
Escherichia coli 5b65847c-7bb9-11e9-a8d3-68b59976a384,562.100263,1.0,1.0,1.0,1.0,1.0,1.0,0.0,0.0,0.0,1.0
Escherichia coli 5b75f37a-7bb9-11e9-a8d3-68b59976a384,562.100587,1.0,0.0,0.0,0.0,0.0,0.0,0.0,0.0,0.0,0.0
Escherichia coli 5b862bf0-7bb9-11e9-a8d3-68b59976a384,562.100948,1.0,0.0,0.0,,0.0,0.0,0.0,0.0,0.0,1.0
Escherichia coli 5b99f590-7bb9-11e9-a8d3-68b59976a384,562.98822,1.0,0.0,0.0,0.0,0.0,0.0,0.0,0.0,0.0,0.0
Escherichia coli 5babc8a6-7bb9-11e9-a8d3-68b59976a384,562.99008,1.0,0.0,0.0,0.0,1.0,1.0,0.0,1.0,0.0,1.0
Escherichia coli 5bc0402e-7bb9-11e9-a8d3-68b59976a384,562.99498,0.0,0.0,0.0,0.0,0.0,1.0,0.0,0.0,0.0,0.0
Escherichia coli 5bd1f44a-7bb9-11e9-a8d3-68b59976a384,562.99722,1.0,0.0,0.0,0.0,0.0,0.0,0.0,0.0,0.0,0.0
Escherichia coli 5be6820c-7bb9-11e9-a8d3-68b59976a384,562.100277,0.0,0.0,0.0,0.0,0.0,0.0,0.0,0.0,0.0,0.0
Escherichia coli 5bfc76b6-7bb9-11e9-a8d3-68b59976a384,562.100598,0.0,0.0,0.0,0.0,0.0,0.0,0.0,0.0,0.0,0.0
Escherichia coli 5c0e91de-7bb9-11e9-a8d3-68b59976a384,562.100599,0.0,0.0,0.0,0.0,0.0,0.0,0.0,0.0,0.0,0.0
Escherichia coli 5c216a52-7bb9-11e9-a8d3-68b59976a384,562.100962,0.0,0.0,0.0,,0.0,0.0,0.0,0.0,0.0,1.0
Escherichia coli 5c34a464-7bb9-11e9-a8d3-68b59976a384,562.98825,1.0,0.0,0.0,0.0,1.0,0.0,0.0,1.0,0.0,1.0
Escherichia coli 5c47b734-7bb9-11e9-a8d3-68b59976a384,562.99006,1.0,0.0,0.0,0.0,0.0,0.0,0.0,1.0,0.0,0.0
Escherichia coli 5c5b4ea2-7bb9-11e9-a8d3-68b59976a384,562.9948,1.0,0.0,0.0,0.0,0.0,1.0,0.0,0.0,0.0,1.0
Escherichia coli 5c6fcea4-7bb9-11e9-a8d3-68b59976a384,562.99723,0.0,0.0,0.0,1.0,0.0,0.0,0.0,0.0,0.0,0.0
Escherichia coli 5c837814-7bb9-11e9-a8d3-68b59976a384,562.100279,0.0,0.0,0.0,0.0,0.0,0.0,0.0,0.0,0.0,0.0
Escherichia coli 5c99d514-7bb9-11e9-a8d3-68b59976a384,562.100597,0.0,0.0,0.0,0.0,0.0,0.0,0.0,0.0,0.0,0.0
Escherichia coli 5cb2090e-7bb9-11e9-a8d3-68b59976a384,562.100596,1.0,0.0,0.0,0.0,0.0,0.0,0.0,0.0,0.0,1.0
Escherichia coli 5cd7c0cc-7bb9-11e9-a8d3-68b59976a384,562.100964,0.0,0.0,0.0,,0.0,0.0,0.0,0.0,0.0,0.0
Escherichia coli 5d2570ba-7bb9-11e9-a8d3-68b59976a384,562.98831,1.0,0.0,0.0,0.0,0.0,0.0,0.0,1.0,0.0,0.0
Escherichia coli 5d575bc0-7bb9-11e9-a8d3-68b59976a384,562.9901,1.0,0.0,0.0,0.0,0.0,1.0,0.0,0.0,0.0,1.0
Escherichia coli 5d8436a4-7bb9-11e9-a8d3-68b59976a384,562.99491,1.0,0.0,0.0,0.0,0.0,0.0,0.0,0.0,0.0,0.0
Escherichia coli 5dc45400-7bb9-11e9-a8d3-68b59976a384,562.99705,0.0,0.0,0.0,0.0,0.0,0.0,0.0,0.0,1.0,0.0
Escherichia coli 5e153640-7bb9-11e9-a8d3-68b59976a384,562.100261,1.0,0.0,0.0,0.0,0.0,0.0,0.0,1.0,0.0,0.0
Escherichia coli 5e4d67a4-7bb9-11e9-a8d3-68b59976a384,562.100584,0.0,0.0,0.0,0.0,0.0,0.0,0.0,0.0,0.0,0.0
Escherichia coli 5e8da15c-7bb9-11e9-a8d3-68b59976a384,562.100938,1.0,0.0,0.0,,0.0,0.0,0.0,0.0,0.0,0.0
Escherichia coli 5eb6b998-7bb9-11e9-a8d3-68b59976a384,562.10094,0.0,0.0,0.0,,0.0,0.0,0.0,0.0,0.0,0.0
Escherichia coli 5ed639c6-7bb9-11e9-a8d3-68b59976a384,562.98794,0.0,0.0,0.0,0.0,1.0,0.0,0.0,0.0,0.0,1.0
Escherichia coli 5ef3f4a2-7bb9-11e9-a8d3-68b59976a384,562.99001,1.0,0.0,0.0,0.0,0.0,0.0,0.0,0.0,0.0,0.0
Escherichia coli 5f11146a-7bb9-11e9-a8d3-68b59976a384,562.99459,0.0,0.0,0.0,0.0,0.0,1.0,0.0,0.0,0.0,1.0
Escherichia coli 5f2f9886-7bb9-11e9-a8d3-68b59976a384,562.99707,1.0,1.0,1.0,1.0,1.0,1.0,0.0,0.0,0.0,0.0
Escherichia coli 5f4d2928-7bb9-11e9-a8d3-68b59976a384,562.100266,1.0,0.0,0.0,0.0,0.0,0.0,0.0,0.0,0.0,1.0
Escherichia coli 5f6bce82-7bb9-11e9-a8d3-68b59976a384,562.100589,0.0,0.0,0.0,0.0,0.0,0.0,0.0,0.0,0.0,0.0
Escherichia coli 5fb8b9b8-7bb9-11e9-a8d3-68b59976a384,562.100942,0.0,0.0,0.0,,0.0,0.0,0.0,0.0,0.0,0.0
Escherichia coli 5fc71fbc-7bb9-11e9-a8d3-68b59976a384,562.100943,1.0,0.0,0.0,,0.0,0.0,0.0,0.0,0.0,0.0
Escherichia coli 5fd4c4c8-7bb9-11e9-a8d3-68b59976a384,562.98804,0.0,0.0,0.0,0.0,0.0,0.0,0.0,0.0,0.0,0.0
Escherichia coli 5fe2228a-7bb9-11e9-a8d3-68b59976a384,562.99216,1.0,0.0,0.0,0.0,0.0,0.0,0.0,0.0,0.0,1.0
Escherichia coli 5ff1217c-7bb9-11e9-a8d3-68b59976a384,562.99457,1.0,0.0,0.0,1.0,0.0,1.0,0.0,0.0,0.0,0.0
Escherichia coli 6001b9a6-7bb9-11e9-a8d3-68b59976a384,562.99933,0.0,0.0,0.0,0.0,0.0,0.0,0.0,0.0,0.0,0.0
Escherichia coli 60141920-7bb9-11e9-a8d3-68b59976a384,562.100267,0.0,0.0,0.0,0.0,0.0,0.0,0.0,0.0,0.0,0.0
Escherichia coli 6027bffc-7bb9-11e9-a8d3-68b59976a384,562.100591,0.0,0.0,0.0,0.0,0.0,0.0,0.0,0.0,0.0,0.0
Escherichia coli 603d223e-7bb9-11e9-a8d3-68b59976a384,562.100945,0.0,0.0,0.0,,0.0,0.0,0.0,0.0,0.0,0.0
Escherichia coli 6057d82c-7bb9-11e9-a8d3-68b59976a384,562.100946,1.0,0.0,0.0,,0.0,0.0,0.0,0.0,0.0,1.0
Escherichia coli 6075f096-7bb9-11e9-a8d3-68b59976a384,562.98816,0.0,0.0,0.0,0.0,0.0,0.0,0.0,0.0,0.0,0.0
Escherichia coli 60912e42-7bb9-11e9-a8d3-68b59976a384,562.99215,1.0,0.0,0.0,0.0,0.0,0.0,0.0,0.0,0.0,1.0
Escherichia coli 60ae8f32-7bb9-11e9-a8d3-68b59976a384,562.99465,0.0,0.0,0.0,0.0,0.0,1.0,0.0,0.0,0.0,0.0
Escherichia coli 60cbe762-7bb9-11e9-a8d3-68b59976a384,562.99936,1.0,0.0,0.0,0.0,1.0,0.0,0.0,0.0,0.0,0.0
Escherichia coli 60e69d3c-7bb9-11e9-a8d3-68b59976a384,562.10027,0.0,0.0,0.0,0.0,0.0,0.0,0.0,0.0,0.0,1.0
Escherichia coli 6101b2a2-7bb9-11e9-a8d3-68b59976a384,562.10059,1.0,0.0,0.0,0.0,0.0,0.0,0.0,0.0,0.0,0.0
Escherichia coli 611d458a-7bb9-11e9-a8d3-68b59976a384,562.100949,0.0,0.0,0.0,,0.0,0.0,0.0,0.0,0.0,0.0
Escherichia coli 613ebde6-7bb9-11e9-a8d3-68b59976a384,562.99941,0.0,0.0,0.0,0.0,0.0,0.0,0.0,0.0,0.0,0.0
Escherichia coli 615994b8-7bb9-11e9-a8d3-68b59976a384,562.99015,0.0,0.0,0.0,0.0,0.0,0.0,0.0,0.0,0.0,1.0
Escherichia coli 617432c8-7bb9-11e9-a8d3-68b59976a384,562.99217,0.0,0.0,0.0,0.0,0.0,0.0,0.0,0.0,0.0,0.0
Escherichia coli 61a9a52a-7bb9-11e9-a8d3-68b59976a384,562.99939,0.0,0.0,0.0,0.0,1.0,0.0,0.0,0.0,0.0,0.0
Escherichia coli 61c492d6-7bb9-11e9-a8d3-68b59976a384,562.100273,0.0,0.0,0.0,0.0,0.0,0.0,0.0,0.0,0.0,0.0
Escherichia coli 61dfa724-7bb9-11e9-a8d3-68b59976a384,562.100592,1.0,1.0,1.0,1.0,1.0,0.0,0.0,1.0,0.0,1.0
Escherichia coli 61fb23fa-7bb9-11e9-a8d3-68b59976a384,562.10095,0.0,0.0,0.0,,0.0,0.0,0.0,0.0,0.0,0.0
Escherichia coli 623003fe-7bb9-11e9-a8d3-68b59976a384,562.99942,0.0,0.0,0.0,0.0,0.0,0.0,0.0,0.0,0.0,0.0
Escherichia coli 624b13c4-7bb9-11e9-a8d3-68b59976a384,562.99943,0.0,0.0,0.0,0.0,0.0,0.0,0.0,0.0,0.0,0.0
Escherichia coli 6265c566-7bb9-11e9-a8d3-68b59976a384,562.99946,1.0,1.0,1.0,1.0,1.0,0.0,0.0,1.0,0.0,0.0
Escherichia coli 629bc2d8-7bb9-11e9-a8d3-68b59976a384,562.98613,0.0,0.0,0.0,0.0,0.0,0.0,,0.0,0.0,0.0
Escherichia coli 62b642fc-7bb9-11e9-a8d3-68b59976a384,562.97821,0.0,,0.0,0.0,0.0,0.0,0.0,0.0,,0.0
Escherichia coli 62d02aa0-7bb9-11e9-a8d3-68b59976a384,562.98212,1.0,0.0,0.0,0.0,1.0,0.0,0.0,0.0,,1.0
Escherichia coli 62eaabfa-7bb9-11e9-a8d3-68b59976a384,562.98458,0.0,0.0,0.0,0.0,0.0,0.0,0.0,0.0,,0.0
Escherichia coli 630641da-7bb9-11e9-a8d3-68b59976a384,562.99948,1.0,1.0,1.0,1.0,1.0,1.0,0.0,1.0,0.0,1.0
Escherichia coli 6321cd10-7bb9-11e9-a8d3-68b59976a384,562.99945,1.0,1.0,0.0,1.0,1.0,0.0,0.0,1.0,0.0,1.0
Escherichia coli 633ec82a-7bb9-11e9-a8d3-68b59976a384,562.99951,1.0,0.0,0.0,0.0,0.0,0.0,0.0,0.0,0.0,1.0
Escherichia coli 6358f48e-7bb9-11e9-a8d3-68b59976a384,562.98459,1.0,0.0,0.0,0.0,0.0,0.0,0.0,0.0,,1.0
Escherichia coli 6373052c-7bb9-11e9-a8d3-68b59976a384,562.98623,0.0,0.0,0.0,0.0,0.0,0.0,,0.0,0.0,0.0
Escherichia coli 638e80cc-7bb9-11e9-a8d3-68b59976a384,562.97964,1.0,,0.0,0.0,0.0,0.0,0.0,0.0,,0.0
Escherichia coli 63a89700-7bb9-11e9-a8d3-68b59976a384,562.98217,0.0,0.0,0.0,0.0,0.0,0.0,0.0,0.0,,0.0
Escherichia coli 63c20758-7bb9-11e9-a8d3-68b59976a384,562.98461,0.0,0.0,0.0,0.0,0.0,0.0,0.0,0.0,,1.0
Escherichia coli 63dea458-7bb9-11e9-a8d3-68b59976a384,562.99953,0.0,0.0,0.0,0.0,0.0,0.0,0.0,0.0,0.0,0.0
Escherichia coli 63fa8998-7bb9-11e9-a8d3-68b59976a384,562.99954,0.0,0.0,0.0,0.0,0.0,0.0,0.0,0.0,0.0,0.0
Escherichia coli 641511d2-7bb9-11e9-a8d3-68b59976a384,562.99958,1.0,1.0,1.0,1.0,0.0,0.0,0.0,0.0,0.0,0.0
Escherichia coli 64300690-7bb9-11e9-a8d3-68b59976a384,562.98467,0.0,0.0,0.0,0.0,0.0,0.0,0.0,0.0,,0.0
Escherichia coli 644b3f3c-7bb9-11e9-a8d3-68b59976a384,562.98624,0.0,0.0,0.0,0.0,0.0,0.0,,0.0,0.0,0.0
Escherichia coli 6466b96a-7bb9-11e9-a8d3-68b59976a384,562.97962,1.0,,0.0,0.0,0.0,0.0,0.0,0.0,,0.0
Escherichia coli 64819f8c-7bb9-11e9-a8d3-68b59976a384,562.98218,1.0,0.0,0.0,0.0,0.0,0.0,0.0,0.0,,1.0
Escherichia coli 649cd9dc-7bb9-11e9-a8d3-68b59976a384,562.98473,1.0,0.0,0.0,0.0,0.0,0.0,0.0,0.0,,0.0
Escherichia coli 64b83a4c-7bb9-11e9-a8d3-68b59976a384,562.99959,1.0,0.0,0.0,0.0,0.0,0.0,0.0,0.0,0.0,0.0
Escherichia coli 64d25f12-7bb9-11e9-a8d3-68b59976a384,562.9996,0.0,0.0,0.0,0.0,0.0,0.0,0.0,0.0,0.0,0.0
Escherichia coli 64edea0c-7bb9-11e9-a8d3-68b59976a384,562.99961,0.0,0.0,0.0,0.0,0.0,0.0,0.0,0.0,0.0,0.0
Escherichia coli 65090a1c-7bb9-11e9-a8d3-68b59976a384,562.98474,0.0,0.0,0.0,0.0,0.0,0.0,0.0,0.0,,0.0
Escherichia coli 652524a4-7bb9-11e9-a8d3-68b59976a384,562.98622,0.0,0.0,0.0,0.0,0.0,0.0,,0.0,0.0,0.0
Escherichia coli 65445810-7bb9-11e9-a8d3-68b59976a384,562.97967,0.0,,0.0,0.0,0.0,0.0,0.0,0.0,,1.0
Escherichia coli 656054ca-7bb9-11e9-a8d3-68b59976a384,562.98202,1.0,0.0,0.0,0.0,0.0,0.0,0.0,0.0,,0.0
Escherichia coli 657b0a0e-7bb9-11e9-a8d3-68b59976a384,562.98637,0.0,0.0,0.0,0.0,0.0,0.0,,0.0,0.0,0.0
Escherichia coli 6595c8b2-7bb9-11e9-a8d3-68b59976a384,562.99963,0.0,0.0,0.0,0.0,0.0,0.0,0.0,0.0,0.0,0.0
Escherichia coli 65b0bffa-7bb9-11e9-a8d3-68b59976a384,562.99965,0.0,0.0,0.0,0.0,0.0,0.0,0.0,0.0,0.0,0.0
Escherichia coli 65cb97da-7bb9-11e9-a8d3-68b59976a384,562.98455,0.0,0.0,0.0,0.0,0.0,0.0,0.0,0.0,,0.0
Escherichia coli 65e67708-7bb9-11e9-a8d3-68b59976a384,562.98479,0.0,0.0,0.0,0.0,0.0,0.0,0.0,0.0,,0.0
Escherichia coli 660181d8-7bb9-11e9-a8d3-68b59976a384,562.98596,0.0,0.0,0.0,0.0,0.0,0.0,,0.0,0.0,0.0
Escherichia coli 661d2c3a-7bb9-11e9-a8d3-68b59976a384,562.97965,1.0,,0.0,0.0,0.0,0.0,0.0,0.0,,1.0
Escherichia coli 6639c61a-7bb9-11e9-a8d3-68b59976a384,562.98187,0.0,0.0,0.0,0.0,0.0,0.0,0.0,0.0,,0.0
Escherichia coli 6655066e-7bb9-11e9-a8d3-68b59976a384,562.9861,0.0,0.0,0.0,0.0,0.0,0.0,,0.0,0.0,0.0
Escherichia coli 66716a48-7bb9-11e9-a8d3-68b59976a384,562.99947,0.0,0.0,0.0,0.0,0.0,0.0,0.0,0.0,0.0,0.0
Escherichia coli 668ccacc-7bb9-11e9-a8d3-68b59976a384,562.99955,1.0,0.0,0.0,0.0,0.0,0.0,0.0,0.0,0.0,1.0
Escherichia coli 66a95ec6-7bb9-11e9-a8d3-68b59976a384,562.9847,1.0,0.0,0.0,1.0,0.0,0.0,0.0,0.0,,1.0
Escherichia coli 66c41374-7bb9-11e9-a8d3-68b59976a384,562.98638,1.0,0.0,0.0,0.0,0.0,0.0,,0.0,0.0,1.0
Escherichia coli 66dfdabe-7bb9-11e9-a8d3-68b59976a384,562.98636,0.0,0.0,0.0,0.0,0.0,0.0,,0.0,0.0,0.0
Escherichia coli 66ffa33a-7bb9-11e9-a8d3-68b59976a384,562.97968,1.0,,0.0,0.0,0.0,0.0,0.0,0.0,,0.0
Escherichia coli 671c06ba-7bb9-11e9-a8d3-68b59976a384,562.98331,0.0,0.0,0.0,0.0,0.0,0.0,0.0,0.0,,0.0
Escherichia coli 6737e9ca-7bb9-11e9-a8d3-68b59976a384,562.98618,1.0,1.0,1.0,1.0,0.0,0.0,,0.0,0.0,1.0
Escherichia coli 675293d8-7bb9-11e9-a8d3-68b59976a384,562.99967,0.0,0.0,0.0,0.0,0.0,0.0,0.0,0.0,0.0,0.0
Escherichia coli 676d5f2e-7bb9-11e9-a8d3-68b59976a384,562.99966,0.0,0.0,0.0,0.0,0.0,0.0,0.0,0.0,0.0,0.0
Escherichia coli 6787fa6e-7bb9-11e9-a8d3-68b59976a384,562.98477,0.0,0.0,0.0,0.0,0.0,0.0,0.0,0.0,,0.0
Escherichia coli 67a5fc76-7bb9-11e9-a8d3-68b59976a384,562.98632,0.0,0.0,0.0,0.0,0.0,0.0,,0.0,0.0,0.0
Escherichia coli 67bffdec-7bb9-11e9-a8d3-68b59976a384,562.9862,1.0,0.0,0.0,1.0,0.0,0.0,,0.0,0.0,0.0
Escherichia coli 67db1366-7bb9-11e9-a8d3-68b59976a384,562.98077,0.0,0.0,0.0,,0.0,0.0,0.0,0.0,,0.0
Escherichia coli 67f58e94-7bb9-11e9-a8d3-68b59976a384,562.98332,1.0,0.0,0.0,0.0,0.0,0.0,0.0,0.0,,1.0
Escherichia coli 68105210-7bb9-11e9-a8d3-68b59976a384,562.9863,0.0,0.0,0.0,0.0,0.0,0.0,,0.0,0.0,0.0
Escherichia coli 682be9c6-7bb9-11e9-a8d3-68b59976a384,562.99968,1.0,1.0,1.0,1.0,0.0,0.0,0.0,1.0,0.0,0.0
Escherichia coli 6846b8aa-7bb9-11e9-a8d3-68b59976a384,562.99971,1.0,0.0,0.0,0.0,0.0,0.0,0.0,0.0,0.0,1.0
Escherichia coli 6863567c-7bb9-11e9-a8d3-68b59976a384,562.98432,0.0,0.0,0.0,0.0,0.0,0.0,0.0,0.0,,0.0
Escherichia coli 687ea86e-7bb9-11e9-a8d3-68b59976a384,562.98589,0.0,0.0,0.0,0.0,0.0,0.0,,0.0,0.0,0.0
Escherichia coli 689a65ea-7bb9-11e9-a8d3-68b59976a384,562.98592,0.0,0.0,0.0,0.0,0.0,0.0,,0.0,0.0,0.0
Escherichia coli 68b67e2e-7bb9-11e9-a8d3-68b59976a384,562.98074,0.0,0.0,0.0,,0.0,0.0,0.0,0.0,,0.0
Escherichia coli 68d2082e-7bb9-11e9-a8d3-68b59976a384,562.9832,0.0,0.0,0.0,0.0,0.0,0.0,0.0,0.0,,0.0
Escherichia coli 68ee67a8-7bb9-11e9-a8d3-68b59976a384,562.98599,0.0,0.0,0.0,0.0,0.0,0.0,,0.0,0.0,0.0
Escherichia coli 690b387e-7bb9-11e9-a8d3-68b59976a384,562.99929,1.0,0.0,0.0,0.0,1.0,0.0,0.0,0.0,0.0,0.0
Escherichia coli 6926d9bc-7bb9-11e9-a8d3-68b59976a384,562.99928,1.0,0.0,0.0,0.0,0.0,0.0,0.0,1.0,0.0,1.0
Escherichia coli 69428e5a-7bb9-11e9-a8d3-68b59976a384,562.98437,1.0,0.0,0.0,0.0,1.0,1.0,0.0,0.0,,1.0
Escherichia coli 695e400a-7bb9-11e9-a8d3-68b59976a384,562.986,0.0,0.0,0.0,0.0,0.0,0.0,,0.0,0.0,0.0
Escherichia coli 698b15bc-7bb9-11e9-a8d3-68b59976a384,562.97799,1.0,,0.0,0.0,1.0,0.0,0.0,0.0,,1.0
Escherichia coli 69a5a2b0-7bb9-11e9-a8d3-68b59976a384,562.98069,0.0,0.0,0.0,,0.0,0.0,0.0,0.0,,0.0
Escherichia coli 69c05c9a-7bb9-11e9-a8d3-68b59976a384,562.98321,1.0,0.0,0.0,0.0,0.0,0.0,0.0,0.0,,0.0
Escherichia coli 69f5c33a-7bb9-11e9-a8d3-68b59976a384,562.9993,0.0,0.0,0.0,0.0,0.0,0.0,0.0,0.0,0.0,0.0
Escherichia coli 6a107eaa-7bb9-11e9-a8d3-68b59976a384,562.99931,1.0,1.0,1.0,1.0,1.0,1.0,0.0,1.0,0.0,0.0
Escherichia coli 6a2bb2b0-7bb9-11e9-a8d3-68b59976a384,562.98444,0.0,0.0,0.0,0.0,0.0,0.0,0.0,0.0,,0.0
Escherichia coli 6a63ee50-7bb9-11e9-a8d3-68b59976a384,562.97794,0.0,,0.0,0.0,0.0,0.0,0.0,0.0,,0.0
Escherichia coli 6a7e4a7a-7bb9-11e9-a8d3-68b59976a384,562.98073,0.0,0.0,0.0,,0.0,0.0,0.0,0.0,,0.0
Escherichia coli 6a98b82e-7bb9-11e9-a8d3-68b59976a384,562.98328,0.0,0.0,0.0,0.0,0.0,0.0,0.0,0.0,,0.0
Escherichia coli 6ace51dc-7bb9-11e9-a8d3-68b59976a384,562.99934,0.0,0.0,0.0,0.0,0.0,0.0,0.0,0.0,0.0,0.0
Escherichia coli 6aeb4a94-7bb9-11e9-a8d3-68b59976a384,562.99935,1.0,0.0,0.0,0.0,0.0,0.0,0.0,0.0,0.0,0.0
Escherichia coli 6b05902a-7bb9-11e9-a8d3-68b59976a384,562.9845,0.0,0.0,0.0,0.0,0.0,0.0,0.0,0.0,,0.0
Escherichia coli 6b201508-7bb9-11e9-a8d3-68b59976a384,562.98611,1.0,0.0,0.0,0.0,1.0,1.0,,0.0,0.0,0.0
Escherichia coli 6b399438-7bb9-11e9-a8d3-68b59976a384,562.97805,1.0,,0.0,0.0,0.0,0.0,0.0,0.0,,0.0
Escherichia coli 6b54f73c-7bb9-11e9-a8d3-68b59976a384,562.98068,0.0,0.0,0.0,,0.0,0.0,0.0,0.0,,0.0
Escherichia coli 6b6ec144-7bb9-11e9-a8d3-68b59976a384,562.98453,1.0,0.0,0.0,0.0,0.0,0.0,0.0,0.0,,1.0
Escherichia coli 6b88c18e-7bb9-11e9-a8d3-68b59976a384,562.98812,0.0,0.0,0.0,0.0,0.0,0.0,0.0,0.0,0.0,1.0
Escherichia coli 6ba5570e-7bb9-11e9-a8d3-68b59976a384,562.9994,1.0,0.0,0.0,0.0,0.0,0.0,0.0,0.0,0.0,1.0
Escherichia coli 6bbfa370-7bb9-11e9-a8d3-68b59976a384,562.99938,1.0,0.0,0.0,0.0,1.0,1.0,0.0,0.0,0.0,1.0
Escherichia coli 6bd9c3a4-7bb9-11e9-a8d3-68b59976a384,562.98457,1.0,0.0,0.0,0.0,0.0,0.0,0.0,0.0,,0.0
Escherichia coli 6bf3e338-7bb9-11e9-a8d3-68b59976a384,562.98612,1.0,0.0,0.0,0.0,0.0,0.0,,0.0,0.0,0.0
Escherichia coli 6c0e64a6-7bb9-11e9-a8d3-68b59976a384,562.97812,1.0,,0.0,0.0,0.0,0.0,0.0,0.0,,0.0
Escherichia coli 6c290964-7bb9-11e9-a8d3-68b59976a384,562.98076,0.0,0.0,0.0,,0.0,0.0,0.0,0.0,,0.0
Escherichia coli 6c432c0e-7bb9-11e9-a8d3-68b59976a384,562.98463,1.0,0.0,0.0,0.0,0.0,0.0,0.0,0.0,,1.0
Escherichia coli 6c5ca058-7bb9-11e9-a8d3-68b59976a384,562.98809,0.0,0.0,0.0,0.0,0.0,0.0,0.0,0.0,0.0,0.0
Escherichia coli 6cd06d76-7bb9-11e9-a8d3-68b59976a384,562.99944,0.0,0.0,0.0,0.0,0.0,0.0,0.0,0.0,0.0,0.0
Escherichia coli 6cea743c-7bb9-11e9-a8d3-68b59976a384,562.100953,0.0,0.0,0.0,,0.0,0.0,0.0,0.0,0.0,0.0
Escherichia coli 6d04a168-7bb9-11e9-a8d3-68b59976a384,562.98221,0.0,0.0,0.0,0.0,0.0,0.0,0.0,0.0,,0.0
Escherichia coli 6d1f02d8-7bb9-11e9-a8d3-68b59976a384,562.98335,0.0,0.0,0.0,0.0,0.0,0.0,0.0,0.0,,0.0
Escherichia coli 6d39b1d2-7bb9-11e9-a8d3-68b59976a384,562.98462,0.0,0.0,0.0,0.0,0.0,0.0,0.0,0.0,,0.0
Escherichia coli 6d533242-7bb9-11e9-a8d3-68b59976a384,562.98609,0.0,0.0,0.0,0.0,0.0,0.0,,0.0,0.0,0.0
Escherichia coli 6d6e0112-7bb9-11e9-a8d3-68b59976a384,562.99004,1.0,0.0,0.0,1.0,0.0,1.0,0.0,0.0,0.0,0.0
Escherichia coli 6d8891ee-7bb9-11e9-a8d3-68b59976a384,562.99469,0.0,1.0,1.0,0.0,1.0,0.0,0.0,0.0,0.0,1.0
Escherichia coli 6da3c248-7bb9-11e9-a8d3-68b59976a384,562.9995,1.0,0.0,0.0,0.0,0.0,0.0,0.0,0.0,0.0,1.0
Escherichia coli 6dbe1512-7bb9-11e9-a8d3-68b59976a384,562.100954,1.0,0.0,0.0,,0.0,0.0,0.0,0.0,0.0,0.0
Escherichia coli 6dd8ec0c-7bb9-11e9-a8d3-68b59976a384,562.98216,1.0,0.0,0.0,0.0,0.0,0.0,0.0,0.0,,0.0
Escherichia coli 6e07fe02-7bb9-11e9-a8d3-68b59976a384,562.98334,1.0,0.0,0.0,0.0,0.0,0.0,1.0,0.0,,1.0
Escherichia coli 6e292622-7bb9-11e9-a8d3-68b59976a384,562.98454,0.0,0.0,0.0,0.0,0.0,0.0,0.0,0.0,,0.0
Escherichia coli 6e4b9cfc-7bb9-11e9-a8d3-68b59976a384,562.98824,0.0,0.0,0.0,0.0,0.0,0.0,0.0,0.0,0.0,0.0
Escherichia coli 6e6a0390-7bb9-11e9-a8d3-68b59976a384,562.99014,1.0,0.0,0.0,0.0,0.0,0.0,0.0,0.0,0.0,1.0
Escherichia coli 6e873b22-7bb9-11e9-a8d3-68b59976a384,562.99497,0.0,1.0,1.0,0.0,0.0,0.0,1.0,0.0,0.0,1.0
Escherichia coli 6ed73636-7bb9-11e9-a8d3-68b59976a384,562.99956,1.0,0.0,0.0,0.0,0.0,0.0,0.0,0.0,0.0,0.0
Escherichia coli 6efecb60-7bb9-11e9-a8d3-68b59976a384,562.100957,0.0,0.0,0.0,,0.0,0.0,0.0,0.0,0.0,0.0
Escherichia coli 6f1d3758-7bb9-11e9-a8d3-68b59976a384,562.9822,0.0,0.0,0.0,0.0,0.0,0.0,0.0,0.0,,0.0
Escherichia coli 6f404e82-7bb9-11e9-a8d3-68b59976a384,562.98337,0.0,0.0,0.0,0.0,0.0,0.0,0.0,0.0,,0.0
Escherichia coli 6f5eae68-7bb9-11e9-a8d3-68b59976a384,562.98466,0.0,0.0,0.0,0.0,0.0,0.0,0.0,0.0,,0.0
Escherichia coli 6f7ac148-7bb9-11e9-a8d3-68b59976a384,562.98823,1.0,0.0,0.0,0.0,0.0,0.0,0.0,0.0,0.0,1.0
Escherichia coli 6f95798e-7bb9-11e9-a8d3-68b59976a384,562.99003,0.0,0.0,0.0,0.0,0.0,0.0,0.0,0.0,0.0,0.0
Escherichia coli 6fb02ba8-7bb9-11e9-a8d3-68b59976a384,562.99499,1.0,1.0,1.0,0.0,0.0,0.0,0.0,0.0,0.0,1.0
Escherichia coli 6fca54a6-7bb9-11e9-a8d3-68b59976a384,562.99962,0.0,0.0,0.0,0.0,1.0,0.0,0.0,0.0,0.0,0.0
Escherichia coli 6fe47e4e-7bb9-11e9-a8d3-68b59976a384,562.100956,1.0,0.0,0.0,,0.0,0.0,0.0,0.0,0.0,0.0
Escherichia coli 6fff693e-7bb9-11e9-a8d3-68b59976a384,562.98214,0.0,0.0,0.0,0.0,0.0,0.0,0.0,0.0,,0.0
Escherichia coli 701a41a0-7bb9-11e9-a8d3-68b59976a384,562.98333,1.0,0.0,0.0,0.0,0.0,0.0,0.0,0.0,,0.0
Escherichia coli 7034ddee-7bb9-11e9-a8d3-68b59976a384,562.98471,0.0,0.0,0.0,0.0,0.0,0.0,0.0,0.0,,0.0
Escherichia coli 704f4774-7bb9-11e9-a8d3-68b59976a384,562.98818,0.0,0.0,0.0,0.0,0.0,0.0,0.0,0.0,0.0,0.0
Escherichia coli 7069d2a6-7bb9-11e9-a8d3-68b59976a384,562.99251,0.0,0.0,0.0,0.0,0.0,0.0,0.0,0.0,0.0,0.0
Escherichia coli 7084fb58-7bb9-11e9-a8d3-68b59976a384,562.99479,1.0,0.0,1.0,0.0,0.0,0.0,0.0,0.0,0.0,1.0
Escherichia coli 709fabba-7bb9-11e9-a8d3-68b59976a384,562.100269,1.0,0.0,0.0,0.0,0.0,1.0,0.0,0.0,0.0,1.0
Escherichia coli 70ba943e-7bb9-11e9-a8d3-68b59976a384,562.100961,1.0,1.0,1.0,,0.0,0.0,0.0,0.0,0.0,1.0
Escherichia coli 70d52d30-7bb9-11e9-a8d3-68b59976a384,562.98194,0.0,0.0,0.0,1.0,0.0,0.0,0.0,0.0,,0.0
Escherichia coli 70f08a3a-7bb9-11e9-a8d3-68b59976a384,562.98326,1.0,0.0,0.0,0.0,0.0,0.0,0.0,0.0,,1.0
Escherichia coli 710c1f20-7bb9-11e9-a8d3-68b59976a384,562.98447,0.0,0.0,0.0,0.0,0.0,0.0,0.0,0.0,,0.0
Escherichia coli 7126d7de-7bb9-11e9-a8d3-68b59976a384,562.98808,1.0,0.0,0.0,0.0,0.0,0.0,0.0,0.0,0.0,0.0
Escherichia coli 7142f4e6-7bb9-11e9-a8d3-68b59976a384,562.99235,1.0,0.0,0.0,0.0,0.0,0.0,0.0,0.0,0.0,1.0
Escherichia coli 715d8b94-7bb9-11e9-a8d3-68b59976a384,562.99718,1.0,0.0,0.0,0.0,1.0,0.0,0.0,0.0,0.0,1.0
Escherichia coli 71784c22-7bb9-11e9-a8d3-68b59976a384,562.100275,1.0,0.0,0.0,0.0,0.0,0.0,0.0,0.0,0.0,1.0
Escherichia coli 71937916-7bb9-11e9-a8d3-68b59976a384,562.10096,1.0,0.0,0.0,,0.0,0.0,0.0,0.0,0.0,0.0
Escherichia coli 71ada43a-7bb9-11e9-a8d3-68b59976a384,562.98219,1.0,0.0,0.0,0.0,1.0,0.0,0.0,1.0,,1.0
Escherichia coli 71c7c612-7bb9-11e9-a8d3-68b59976a384,562.98329,0.0,0.0,0.0,0.0,0.0,0.0,0.0,0.0,,0.0
Escherichia coli 71e28e3e-7bb9-11e9-a8d3-68b59976a384,562.98468,0.0,0.0,0.0,0.0,0.0,0.0,0.0,0.0,,0.0
Escherichia coli 72003088-7bb9-11e9-a8d3-68b59976a384,562.9882,0.0,0.0,0.0,0.0,0.0,0.0,0.0,0.0,0.0,0.0
Escherichia coli 721a5d32-7bb9-11e9-a8d3-68b59976a384,562.99237,1.0,0.0,0.0,0.0,1.0,1.0,0.0,0.0,0.0,1.0
Escherichia coli 72356da2-7bb9-11e9-a8d3-68b59976a384,562.99724,1.0,1.0,1.0,1.0,0.0,0.0,0.0,0.0,0.0,1.0
Escherichia coli 7250d31c-7bb9-11e9-a8d3-68b59976a384,562.100278,1.0,1.0,1.0,1.0,1.0,1.0,0.0,0.0,0.0,1.0
Escherichia coli 726bf3ae-7bb9-11e9-a8d3-68b59976a384,562.100963,1.0,0.0,0.0,,1.0,0.0,0.0,0.0,0.0,1.0
Escherichia coli 72874906-7bb9-11e9-a8d3-68b59976a384,562.98215,0.0,0.0,0.0,0.0,0.0,0.0,0.0,0.0,,0.0
Escherichia coli 72a24b84-7bb9-11e9-a8d3-68b59976a384,562.9833,1.0,0.0,0.0,0.0,0.0,0.0,0.0,1.0,,0.0
Escherichia coli 72c04670-7bb9-11e9-a8d3-68b59976a384,562.98628,1.0,0.0,0.0,0.0,0.0,0.0,,0.0,0.0,0.0
Escherichia coli 72df6c58-7bb9-11e9-a8d3-68b59976a384,562.9883,1.0,0.0,0.0,0.0,0.0,0.0,0.0,0.0,0.0,0.0
Escherichia coli 72fb2ae2-7bb9-11e9-a8d3-68b59976a384,562.99242,1.0,0.0,0.0,0.0,1.0,1.0,0.0,0.0,0.0,1.0
Escherichia coli 731711e4-7bb9-11e9-a8d3-68b59976a384,562.99727,1.0,1.0,1.0,1.0,1.0,1.0,0.0,0.0,0.0,1.0
Escherichia coli 7332592c-7bb9-11e9-a8d3-68b59976a384,562.10028,0.0,0.0,0.0,0.0,0.0,0.0,0.0,0.0,0.0,0.0
Escherichia coli 734e34f8-7bb9-11e9-a8d3-68b59976a384,562.100939,0.0,0.0,0.0,,0.0,0.0,0.0,0.0,0.0,0.0
Escherichia coli 736a0872-7bb9-11e9-a8d3-68b59976a384,562.98186,0.0,0.0,0.0,0.0,0.0,0.0,0.0,0.0,,0.0
Escherichia coli 73855280-7bb9-11e9-a8d3-68b59976a384,562.98325,1.0,0.0,0.0,0.0,0.0,0.0,0.0,0.0,,1.0
Escherichia coli 73b21658-7bb9-11e9-a8d3-68b59976a384,562.98598,1.0,0.0,0.0,1.0,1.0,0.0,,0.0,0.0,1.0
Escherichia coli 73ce23f2-7bb9-11e9-a8d3-68b59976a384,562.98793,0.0,0.0,0.0,0.0,0.0,0.0,0.0,0.0,0.0,0.0
Escherichia coli 73e789c8-7bb9-11e9-a8d3-68b59976a384,562.9946,1.0,1.0,1.0,1.0,1.0,0.0,0.0,1.0,0.0,1.0
Escherichia coli 74051c9a-7bb9-11e9-a8d3-68b59976a384,562.99706,1.0,0.0,0.0,0.0,0.0,0.0,0.0,0.0,0.0,1.0
Escherichia coli 741eefda-7bb9-11e9-a8d3-68b59976a384,562.100265,0.0,0.0,0.0,0.0,0.0,0.0,0.0,0.0,0.0,0.0
Escherichia coli 74393066-7bb9-11e9-a8d3-68b59976a384,562.100941,1.0,0.0,0.0,,0.0,1.0,0.0,0.0,0.0,1.0
Escherichia coli 74544464-7bb9-11e9-a8d3-68b59976a384,562.98193,0.0,0.0,0.0,0.0,0.0,0.0,0.0,0.0,,0.0
Escherichia coli 746e19d4-7bb9-11e9-a8d3-68b59976a384,562.98322,0.0,0.0,0.0,0.0,0.0,0.0,0.0,0.0,,0.0
Escherichia coli 7488385a-7bb9-11e9-a8d3-68b59976a384,562.98605,0.0,0.0,0.0,0.0,0.0,0.0,,0.0,0.0,0.0
Escherichia coli 74a26dce-7bb9-11e9-a8d3-68b59976a384,562.98805,1.0,1.0,1.0,1.0,0.0,0.0,0.0,0.0,0.0,0.0
Escherichia coli 74d66778-7bb9-11e9-a8d3-68b59976a384,562.99708,0.0,0.0,0.0,0.0,0.0,0.0,0.0,0.0,0.0,0.0
Escherichia coli 74f1367a-7bb9-11e9-a8d3-68b59976a384,562.100264,1.0,0.0,0.0,0.0,1.0,1.0,0.0,0.0,0.0,1.0
Escherichia coli 750d351e-7bb9-11e9-a8d3-68b59976a384,562.100944,0.0,0.0,0.0,,0.0,0.0,0.0,0.0,0.0,0.0
Escherichia coli 7527e3aa-7bb9-11e9-a8d3-68b59976a384,562.98195,0.0,0.0,0.0,0.0,0.0,0.0,0.0,0.0,,0.0
Escherichia coli 754212a2-7bb9-11e9-a8d3-68b59976a384,562.98327,0.0,0.0,0.0,0.0,0.0,0.0,0.0,0.0,,0.0
Escherichia coli 755b8caa-7bb9-11e9-a8d3-68b59976a384,562.98617,0.0,0.0,0.0,0.0,0.0,0.0,,0.0,0.0,0.0
Escherichia coli 75753b3c-7bb9-11e9-a8d3-68b59976a384,562.98806,1.0,0.0,0.0,0.0,0.0,0.0,0.0,0.0,0.0,0.0
Escherichia coli 758fa7ba-7bb9-11e9-a8d3-68b59976a384,562.99464,1.0,1.0,0.0,0.0,0.0,0.0,0.0,1.0,0.0,1.0
Escherichia coli 75aa3968-7bb9-11e9-a8d3-68b59976a384,562.99932,0.0,0.0,0.0,0.0,0.0,0.0,0.0,0.0,0.0,1.0
Escherichia coli 75c4f06e-7bb9-11e9-a8d3-68b59976a384,562.100268,1.0,0.0,0.0,0.0,0.0,0.0,0.0,0.0,0.0,1.0
Escherichia coli 75dffeea-7bb9-11e9-a8d3-68b59976a384,562.100947,1.0,0.0,0.0,,1.0,1.0,0.0,0.0,0.0,1.0
Escherichia coli 75fae886-7bb9-11e9-a8d3-68b59976a384,562.9819,0.0,0.0,0.0,0.0,0.0,0.0,0.0,0.0,,0.0
Escherichia coli 7615ca7a-7bb9-11e9-a8d3-68b59976a384,562.98449,1.0,0.0,0.0,0.0,0.0,0.0,0.0,0.0,,0.0
Escherichia coli 76303f90-7bb9-11e9-a8d3-68b59976a384,562.98608,0.0,0.0,0.0,0.0,0.0,0.0,,0.0,0.0,0.0
Escherichia coli 764bd890-7bb9-11e9-a8d3-68b59976a384,562.98814,0.0,0.0,0.0,0.0,0.0,0.0,0.0,0.0,0.0,0.0
Escherichia coli 7666d686-7bb9-11e9-a8d3-68b59976a384,562.99466,1.0,1.0,1.0,0.0,1.0,1.0,0.0,0.0,0.0,1.0
Escherichia coli 76815a42-7bb9-11e9-a8d3-68b59976a384,562.99937,1.0,0.0,0.0,0.0,0.0,0.0,0.0,0.0,0.0,0.0
Escherichia coli 769c6206-7bb9-11e9-a8d3-68b59976a384,562.100951,0.0,0.0,0.0,,0.0,0.0,0.0,0.0,0.0,0.0
Escherichia coli 76bae262-7bb9-11e9-a8d3-68b59976a384,562.98197,0.0,0.0,0.0,0.0,0.0,0.0,0.0,0.0,,0.0
Escherichia coli 76d687b0-7bb9-11e9-a8d3-68b59976a384,562.98336,1.0,0.0,0.0,0.0,0.0,0.0,0.0,0.0,,0.0
Escherichia coli 76f6216a-7bb9-11e9-a8d3-68b59976a384,562.9846,1.0,0.0,0.0,0.0,0.0,0.0,0.0,1.0,,0.0
Escherichia coli 771095ae-7bb9-11e9-a8d3-68b59976a384,562.98615,0.0,0.0,0.0,0.0,0.0,0.0,,0.0,0.0,0.0
Escherichia coli 772bfc36-7bb9-11e9-a8d3-68b59976a384,562.99007,0.0,0.0,0.0,0.0,0.0,0.0,0.0,0.0,0.0,0.0
Escherichia coli 7747bb74-7bb9-11e9-a8d3-68b59976a384,562.99016,0.0,0.0,0.0,0.0,0.0,0.0,0.0,0.0,0.0,0.0
Escherichia coli 7762b3d4-7bb9-11e9-a8d3-68b59976a384,562.99227,0.0,0.0,0.0,0.0,0.0,0.0,0.0,0.0,0.0,0.0
Escherichia coli 777d75fc-7bb9-11e9-a8d3-68b59976a384,562.99463,1.0,1.0,1.0,1.0,0.0,0.0,0.0,1.0,0.0,0.0
Escherichia coli 7798cd84-7bb9-11e9-a8d3-68b59976a384,562.99709,0.0,0.0,0.0,0.0,0.0,0.0,0.0,0.0,0.0,0.0
Escherichia coli 77b5b458-7bb9-11e9-a8d3-68b59976a384,562.99949,0.0,0.0,0.0,0.0,0.0,0.0,0.0,0.0,0.0,0.0
Escherichia coli 77d0f9ca-7bb9-11e9-a8d3-68b59976a384,562.100272,0.0,0.0,0.0,0.0,0.0,0.0,0.0,0.0,0.0,0.0
Escherichia coli 77ec5044-7bb9-11e9-a8d3-68b59976a384,562.100593,0.0,0.0,0.0,0.0,0.0,0.0,0.0,0.0,0.0,0.0
Escherichia coli 7807b1fe-7bb9-11e9-a8d3-68b59976a384,562.100952,0.0,0.0,0.0,,0.0,0.0,0.0,0.0,0.0,0.0
Escherichia coli 7822f996-7bb9-11e9-a8d3-68b59976a384,562.99005,0.0,0.0,0.0,0.0,0.0,0.0,0.0,0.0,0.0,0.0
Escherichia coli 7842d3ec-7bb9-11e9-a8d3-68b59976a384,562.99232,1.0,0.0,0.0,0.0,0.0,0.0,0.0,1.0,0.0,1.0
Escherichia coli 785d87d2-7bb9-11e9-a8d3-68b59976a384,562.99468,1.0,0.0,0.0,0.0,0.0,0.0,0.0,0.0,0.0,0.0
Escherichia coli 78787fec-7bb9-11e9-a8d3-68b59976a384,562.99711,1.0,0.0,0.0,0.0,0.0,0.0,0.0,0.0,0.0,0.0
Escherichia coli 7892e8be-7bb9-11e9-a8d3-68b59976a384,562.99952,0.0,0.0,0.0,0.0,0.0,0.0,0.0,0.0,0.0,0.0
Escherichia coli 78ad8e9e-7bb9-11e9-a8d3-68b59976a384,562.100271,0.0,0.0,0.0,0.0,0.0,0.0,0.0,0.0,0.0,0.0
Escherichia coli 78c800d0-7bb9-11e9-a8d3-68b59976a384,562.100594,0.0,0.0,0.0,0.0,0.0,0.0,0.0,0.0,0.0,0.0
Escherichia coli 78e3d1de-7bb9-11e9-a8d3-68b59976a384,562.100955,1.0,0.0,0.0,,0.0,0.0,0.0,0.0,0.0,0.0
Escherichia coli 7904d9e2-7bb9-11e9-a8d3-68b59976a384,562.9902,0.0,0.0,0.0,0.0,0.0,0.0,0.0,0.0,0.0,0.0
Escherichia coli 791f5786-7bb9-11e9-a8d3-68b59976a384,562.9923,0.0,0.0,0.0,0.0,0.0,0.0,0.0,0.0,0.0,0.0
Escherichia coli 7939d692-7bb9-11e9-a8d3-68b59976a384,562.99493,1.0,0.0,0.0,0.0,0.0,1.0,0.0,0.0,0.0,1.0
Escherichia coli 7954b110-7bb9-11e9-a8d3-68b59976a384,562.99719,0.0,0.0,0.0,0.0,0.0,0.0,0.0,0.0,0.0,0.0
Escherichia coli 796f78d8-7bb9-11e9-a8d3-68b59976a384,562.99957,0.0,0.0,0.0,0.0,0.0,0.0,0.0,0.0,0.0,0.0
Escherichia coli 7988de2c-7bb9-11e9-a8d3-68b59976a384,562.100274,0.0,0.0,0.0,0.0,0.0,0.0,0.0,0.0,0.0,0.0
Escherichia coli 79bdc75e-7bb9-11e9-a8d3-68b59976a384,562.100958,0.0,0.0,0.0,,0.0,0.0,0.0,0.0,0.0,0.0
Escherichia coli 79d7819e-7bb9-11e9-a8d3-68b59976a384,562.99011,0.0,0.0,0.0,0.0,0.0,0.0,0.0,0.0,0.0,0.0
Escherichia coli 79f208d4-7bb9-11e9-a8d3-68b59976a384,562.99225,0.0,0.0,0.0,0.0,0.0,0.0,0.0,0.0,0.0,0.0
Escherichia coli 7a0c78f4-7bb9-11e9-a8d3-68b59976a384,562.995,0.0,0.0,0.0,0.0,0.0,0.0,0.0,0.0,0.0,0.0
Escherichia coli 7a273f86-7bb9-11e9-a8d3-68b59976a384,562.99717,0.0,0.0,0.0,0.0,0.0,0.0,0.0,0.0,0.0,0.0
Escherichia coli 7a42ece0-7bb9-11e9-a8d3-68b59976a384,562.99964,1.0,0.0,0.0,0.0,0.0,0.0,0.0,0.0,0.0,0.0
Escherichia coli 7a5dfb98-7bb9-11e9-a8d3-68b59976a384,562.100276,0.0,0.0,0.0,0.0,0.0,0.0,0.0,0.0,0.0,0.0
Escherichia coli 7a7c0cb4-7bb9-11e9-a8d3-68b59976a384,562.100595,0.0,0.0,0.0,0.0,0.0,0.0,0.0,0.0,0.0,0.0
Escherichia coli 7a9b745a-7bb9-11e9-a8d3-68b59976a384,562.100959,1.0,0.0,0.0,,0.0,0.0,0.0,0.0,0.0,1.0
Escherichia coli 7ab9fb64-7bb9-11e9-a8d3-68b59976a384,562.99002,0.0,0.0,0.0,0.0,0.0,0.0,0.0,0.0,0.0,0.0
Escherichia coli 7ad5b0c0-7bb9-11e9-a8d3-68b59976a384,562.99249,0.0,0.0,0.0,0.0,0.0,0.0,0.0,0.0,0.0,0.0
Escherichia coli 7af4cef6-7bb9-11e9-a8d3-68b59976a384,562.99325,0.0,0.0,0.0,0.0,0.0,0.0,0.0,0.0,0.0,0.0
Escherichia coli 7b0f18d8-7bb9-11e9-a8d3-68b59976a384,562.99824,0.0,0.0,0.0,0.0,0.0,0.0,0.0,0.0,0.0,0.0
Escherichia coli 7b2de15a-7bb9-11e9-a8d3-68b59976a384,562.99816,0.0,0.0,0.0,0.0,0.0,0.0,0.0,0.0,0.0,0.0
Escherichia coli 7b49145c-7bb9-11e9-a8d3-68b59976a384,562.100092,0.0,0.0,0.0,0.0,0.0,0.0,0.0,0.0,0.0,1.0
Escherichia coli 7b63d1ca-7bb9-11e9-a8d3-68b59976a384,562.1006,0.0,0.0,0.0,0.0,0.0,0.0,0.0,0.0,0.0,0.0
Escherichia coli 7b7f6020-7bb9-11e9-a8d3-68b59976a384,562.100965,1.0,0.0,0.0,,1.0,1.0,0.0,0.0,0.0,1.0
Escherichia coli 7b9b7760-7bb9-11e9-a8d3-68b59976a384,562.99009,0.0,0.0,0.0,0.0,0.0,0.0,0.0,0.0,0.0,0.0
Escherichia coli 7bd25cd0-7bb9-11e9-a8d3-68b59976a384,562.99315,0.0,0.0,0.0,0.0,0.0,1.0,0.0,0.0,0.0,0.0
Escherichia coli 7bee83ce-7bb9-11e9-a8d3-68b59976a384,562.99822,0.0,0.0,0.0,0.0,0.0,0.0,0.0,0.0,0.0,0.0
Escherichia coli 7c0a3470-7bb9-11e9-a8d3-68b59976a384,562.100104,1.0,0.0,0.0,0.0,0.0,0.0,0.0,0.0,0.0,0.0
Escherichia coli 7c27c4d6-7bb9-11e9-a8d3-68b59976a384,562.100106,0.0,0.0,0.0,0.0,0.0,0.0,0.0,0.0,0.0,0.0
Escherichia coli 7c427754-7bb9-11e9-a8d3-68b59976a384,562.100404,0.0,0.0,0.0,1.0,0.0,0.0,0.0,0.0,0.0,0.0
Escherichia coli 7c5d2a4a-7bb9-11e9-a8d3-68b59976a384,562.100747,1.0,0.0,0.0,,1.0,1.0,0.0,0.0,0.0,0.0
Escherichia coli 7c77c1b2-7bb8-11e9-a8d3-68b59976a384,562.97756,1.0,,0.0,1.0,0.0,0.0,0.0,0.0,,1.0
Escherichia coli 7c78beb8-7bb9-11e9-a8d3-68b59976a384,562.99019,0.0,0.0,0.0,0.0,0.0,0.0,0.0,0.0,0.0,0.0
Escherichia coli 7c93f5b6-7bb9-11e9-a8d3-68b59976a384,562.9924,0.0,0.0,0.0,0.0,0.0,0.0,0.0,0.0,0.0,0.0
Escherichia coli 7c981dd6-7bb8-11e9-a8d3-68b59976a384,562.97814,0.0,,0.0,0.0,0.0,0.0,0.0,0.0,,0.0
Escherichia coli 7caf381c-7bb9-11e9-a8d3-68b59976a384,562.99326,0.0,0.0,0.0,0.0,0.0,1.0,0.0,0.0,0.0,0.0
Escherichia coli 7cb1d78a-7bb8-11e9-a8d3-68b59976a384,562.97944,0.0,0.0,0.0,,0.0,0.0,0.0,0.0,,0.0
Escherichia coli 7ccb5f92-7bb9-11e9-a8d3-68b59976a384,562.99823,0.0,0.0,0.0,0.0,0.0,0.0,0.0,0.0,0.0,0.0
Escherichia coli 7ccd4ff6-7bb8-11e9-a8d3-68b59976a384,562.98083,0.0,0.0,0.0,0.0,0.0,0.0,0.0,0.0,,0.0
Escherichia coli 7ce8315e-7bb8-11e9-a8d3-68b59976a384,562.98489,0.0,0.0,0.0,0.0,0.0,0.0,,0.0,0.0,0.0
Escherichia coli 7cf6b444-7bb9-11e9-a8d3-68b59976a384,562.100107,0.0,0.0,0.0,0.0,0.0,0.0,0.0,0.0,0.0,0.0
Escherichia coli 7d0201d8-7bb8-11e9-a8d3-68b59976a384,562.98651,0.0,0.0,0.0,0.0,0.0,0.0,0.0,0.0,0.0,0.0
Escherichia coli 7d114d5e-7bb9-11e9-a8d3-68b59976a384,562.100412,0.0,0.0,0.0,0.0,0.0,0.0,0.0,0.0,0.0,0.0
Escherichia coli 7d1c8e22-7bb8-11e9-a8d3-68b59976a384,562.9885,1.0,0.0,0.0,0.0,0.0,0.0,0.0,0.0,0.0,0.0
Escherichia coli 7d2cd880-7bb9-11e9-a8d3-68b59976a384,562.100413,0.0,0.0,0.0,0.0,0.0,0.0,0.0,0.0,0.0,0.0
Escherichia coli 7d3a4ab6-7bb8-11e9-a8d3-68b59976a384,562.99042,0.0,0.0,0.0,0.0,0.0,0.0,0.0,0.0,0.0,0.0
Escherichia coli 7d47f282-7bb9-11e9-a8d3-68b59976a384,562.10076,0.0,0.0,0.0,,0.0,0.0,0.0,0.0,0.0,0.0
Escherichia coli 7d6272c4-7bb9-11e9-a8d3-68b59976a384,562.98949,0.0,0.0,0.0,0.0,0.0,0.0,0.0,0.0,0.0,0.0
Escherichia coli 7d6f7ae2-7bb8-11e9-a8d3-68b59976a384,562.97825,0.0,,0.0,0.0,0.0,0.0,0.0,0.0,,0.0
Escherichia coli 7d8d0648-7bb8-11e9-a8d3-68b59976a384,562.97942,0.0,0.0,0.0,,0.0,0.0,0.0,0.0,,0.0
Escherichia coli 7d968fb4-7bb9-11e9-a8d3-68b59976a384,562.99565,1.0,0.0,0.0,0.0,0.0,0.0,0.0,1.0,0.0,0.0
Escherichia coli 7da82360-7bb8-11e9-a8d3-68b59976a384,562.98081,0.0,0.0,0.0,0.0,0.0,0.0,0.0,0.0,,0.0
Escherichia coli 7db127ac-7bb9-11e9-a8d3-68b59976a384,562.99826,1.0,0.0,0.0,0.0,0.0,0.0,0.0,0.0,0.0,0.0
Escherichia coli 7dc1e52a-7bb8-11e9-a8d3-68b59976a384,562.9849,0.0,0.0,0.0,0.0,0.0,0.0,,0.0,0.0,0.0
Escherichia coli 7dcb2030-7bb9-11e9-a8d3-68b59976a384,562.100091,0.0,0.0,0.0,0.0,0.0,0.0,0.0,0.0,0.0,0.0
Escherichia coli 7ddb5dfc-7bb8-11e9-a8d3-68b59976a384,562.98649,0.0,0.0,0.0,0.0,0.0,0.0,0.0,0.0,0.0,0.0
Escherichia coli 7de5050e-7bb9-11e9-a8d3-68b59976a384,562.100379,0.0,0.0,0.0,0.0,0.0,0.0,0.0,0.0,0.0,0.0
Escherichia coli 7df87590-7bb8-11e9-a8d3-68b59976a384,562.98845,1.0,0.0,0.0,1.0,1.0,0.0,0.0,1.0,0.0,1.0
Escherichia coli 7dffdd3e-7bb9-11e9-a8d3-68b59976a384,562.100382,0.0,0.0,0.0,0.0,0.0,0.0,0.0,0.0,0.0,0.0
Escherichia coli 7e12f5dc-7bb8-11e9-a8d3-68b59976a384,562.99047,0.0,0.0,0.0,0.0,0.0,0.0,0.0,0.0,0.0,0.0
Escherichia coli 7e1a293c-7bb9-11e9-a8d3-68b59976a384,562.100652,1.0,0.0,0.0,,0.0,1.0,0.0,0.0,0.0,1.0
Escherichia coli 7e2d6c0a-7bb8-11e9-a8d3-68b59976a384,562.97759,0.0,,0.0,0.0,0.0,0.0,0.0,0.0,,0.0
Escherichia coli 7e37091c-7bb9-11e9-a8d3-68b59976a384,562.98904,0.0,0.0,0.0,0.0,0.0,0.0,0.0,0.0,0.0,0.0
Escherichia coli 7e477cc6-7bb8-11e9-a8d3-68b59976a384,562.97817,0.0,,0.0,0.0,0.0,0.0,0.0,0.0,,0.0
Escherichia coli 7e518f4e-7bb9-11e9-a8d3-68b59976a384,562.99297,0.0,0.0,0.0,0.0,0.0,0.0,0.0,0.0,0.0,0.0
Escherichia coli 7e6c8a1a-7bb9-11e9-a8d3-68b59976a384,562.99553,0.0,0.0,0.0,0.0,0.0,0.0,0.0,0.0,0.0,0.0
Escherichia coli 7e7dcb28-7bb8-11e9-a8d3-68b59976a384,562.97966,0.0,0.0,0.0,,0.0,0.0,0.0,0.0,,0.0
Escherichia coli 7e87264a-7bb9-11e9-a8d3-68b59976a384,562.99818,0.0,0.0,0.0,0.0,1.0,0.0,0.0,0.0,0.0,0.0
Escherichia coli 7e94a668-7bb8-11e9-a8d3-68b59976a384,562.9806,0.0,0.0,0.0,0.0,0.0,0.0,0.0,0.0,,0.0
Escherichia coli 7ea11ace-7bb8-11e9-a8d3-68b59976a384,562.98476,0.0,0.0,0.0,0.0,0.0,0.0,,0.0,0.0,0.0
Escherichia coli 7ea2dfde-7bb9-11e9-a8d3-68b59976a384,562.100097,0.0,0.0,0.0,0.0,0.0,0.0,0.0,0.0,0.0,0.0
Escherichia coli 7eb0cb86-7bb8-11e9-a8d3-68b59976a384,562.98626,1.0,0.0,0.0,0.0,0.0,0.0,0.0,0.0,0.0,0.0
Escherichia coli 7ec06a3c-7bb8-11e9-a8d3-68b59976a384,562.98828,1.0,0.0,0.0,0.0,0.0,0.0,0.0,0.0,0.0,1.0
Escherichia coli 7ec42982-7bb9-11e9-a8d3-68b59976a384,562.100384,1.0,0.0,0.0,0.0,0.0,0.0,0.0,0.0,0.0,1.0
Escherichia coli 7edcebb2-7bb8-11e9-a8d3-68b59976a384,562.99033,1.0,0.0,0.0,0.0,0.0,0.0,0.0,0.0,0.0,0.0
Escherichia coli 7edee510-7bb9-11e9-a8d3-68b59976a384,562.100661,1.0,0.0,0.0,,1.0,0.0,0.0,0.0,0.0,0.0
Escherichia coli 7ef1773a-7bb8-11e9-a8d3-68b59976a384,562.97749,0.0,,0.0,0.0,0.0,0.0,0.0,0.0,,0.0
Escherichia coli 7ef9a9ea-7bb9-11e9-a8d3-68b59976a384,562.97822,0.0,,0.0,0.0,0.0,0.0,0.0,0.0,,0.0
Escherichia coli 7f067ad6-7bb8-11e9-a8d3-68b59976a384,562.97815,1.0,,0.0,0.0,0.0,0.0,0.0,0.0,,1.0
Escherichia coli 7f13efda-7bb9-11e9-a8d3-68b59976a384,562.99081,1.0,0.0,0.0,0.0,0.0,0.0,0.0,0.0,0.0,0.0
Escherichia coli 7f1b8e76-7bb8-11e9-a8d3-68b59976a384,562.97938,0.0,0.0,0.0,,0.0,0.0,0.0,0.0,,0.0
Escherichia coli 7f2dd95e-7bb9-11e9-a8d3-68b59976a384,562.99304,0.0,0.0,0.0,0.0,0.0,0.0,0.0,0.0,0.0,0.0
Escherichia coli 7f340bae-7bb8-11e9-a8d3-68b59976a384,562.98085,0.0,0.0,0.0,0.0,0.0,0.0,0.0,0.0,,0.0
Escherichia coli 7f47e2a4-7bb9-11e9-a8d3-68b59976a384,562.99554,1.0,0.0,0.0,0.0,0.0,0.0,0.0,0.0,0.0,1.0
Escherichia coli 7f48a5d2-7bb8-11e9-a8d3-68b59976a384,562.98486,0.0,0.0,0.0,0.0,0.0,0.0,,0.0,0.0,0.0
Escherichia coli 7f5d5964-7bb8-11e9-a8d3-68b59976a384,562.98629,1.0,0.0,0.0,0.0,0.0,0.0,0.0,0.0,0.0,0.0
Escherichia coli 7f62382a-7bb9-11e9-a8d3-68b59976a384,562.99819,0.0,0.0,0.0,0.0,0.0,0.0,0.0,0.0,0.0,0.0
Escherichia coli 7f72664c-7bb8-11e9-a8d3-68b59976a384,562.98833,0.0,0.0,0.0,0.0,0.0,0.0,0.0,0.0,0.0,1.0
Escherichia coli 7f7c502a-7bb9-11e9-a8d3-68b59976a384,562.100094,0.0,0.0,0.0,0.0,0.0,0.0,0.0,0.0,0.0,0.0
Escherichia coli 7f87a5a2-7bb8-11e9-a8d3-68b59976a384,562.99029,0.0,0.0,0.0,0.0,0.0,0.0,0.0,0.0,0.0,0.0
Escherichia coli 7f9702c6-7bb9-11e9-a8d3-68b59976a384,562.100387,1.0,0.0,0.0,0.0,0.0,0.0,0.0,0.0,0.0,1.0
Escherichia coli 7f9cb3fc-7bb8-11e9-a8d3-68b59976a384,562.97751,1.0,,0.0,0.0,0.0,0.0,0.0,0.0,,1.0
Escherichia coli 7fb148da-7bb8-11e9-a8d3-68b59976a384,562.97816,0.0,,0.0,0.0,0.0,0.0,0.0,0.0,,0.0
Escherichia coli 7fb1a1d0-7bb9-11e9-a8d3-68b59976a384,562.100674,0.0,0.0,0.0,,0.0,0.0,0.0,0.0,0.0,0.0
Escherichia coli 7fc72128-7bb8-11e9-a8d3-68b59976a384,562.97946,0.0,0.0,0.0,,0.0,0.0,0.0,0.0,,0.0
Escherichia coli 7fcc6f60-7bb9-11e9-a8d3-68b59976a384,562.97818,0.0,,0.0,0.0,0.0,0.0,0.0,0.0,,0.0
Escherichia coli 7fdcf5c0-7bb8-11e9-a8d3-68b59976a384,562.98093,0.0,0.0,0.0,0.0,0.0,0.0,0.0,0.0,,0.0
Escherichia coli 7fe814c2-7bb9-11e9-a8d3-68b59976a384,562.99075,0.0,0.0,0.0,0.0,0.0,0.0,0.0,0.0,0.0,1.0
Escherichia coli 7ff2236e-7bb8-11e9-a8d3-68b59976a384,562.98484,0.0,0.0,0.0,0.0,0.0,0.0,,0.0,0.0,0.0
Escherichia coli 80036204-7bb9-11e9-a8d3-68b59976a384,562.99308,1.0,0.0,0.0,0.0,0.0,0.0,0.0,0.0,0.0,0.0
Escherichia coli 8007453c-7bb8-11e9-a8d3-68b59976a384,562.98643,0.0,0.0,0.0,0.0,0.0,0.0,0.0,0.0,0.0,0.0
Escherichia coli 801e7058-7bb9-11e9-a8d3-68b59976a384,562.99567,1.0,0.0,0.0,0.0,0.0,0.0,0.0,1.0,0.0,0.0
Escherichia coli 80310d90-7bb8-11e9-a8d3-68b59976a384,562.9903,0.0,0.0,0.0,0.0,0.0,0.0,0.0,0.0,0.0,0.0
Escherichia coli 803924b6-7bb9-11e9-a8d3-68b59976a384,562.9982,0.0,0.0,0.0,0.0,0.0,0.0,0.0,0.0,0.0,0.0
Escherichia coli 80490288-7bb8-11e9-a8d3-68b59976a384,562.97758,0.0,,0.0,0.0,0.0,0.0,0.0,0.0,,0.0
Escherichia coli 8053517e-7bb9-11e9-a8d3-68b59976a384,562.100013,0.0,0.0,0.0,0.0,0.0,0.0,0.0,0.0,0.0,0.0
Escherichia coli 80602422-7bb8-11e9-a8d3-68b59976a384,562.97813,0.0,,0.0,0.0,0.0,0.0,0.0,0.0,,0.0
Escherichia coli 806d97a0-7bb9-11e9-a8d3-68b59976a384,562.100391,1.0,0.0,0.0,0.0,0.0,0.0,0.0,0.0,0.0,1.0
Escherichia coli 8088347a-7bb9-11e9-a8d3-68b59976a384,562.100675,0.0,0.0,0.0,,0.0,0.0,0.0,0.0,0.0,0.0
Escherichia coli 80a2e856-7bb9-11e9-a8d3-68b59976a384,562.97788,0.0,,0.0,0.0,0.0,0.0,0.0,0.0,,0.0
Escherichia coli 80ac8c04-7bb8-11e9-a8d3-68b59976a384,562.97945,1.0,0.0,0.0,,0.0,0.0,0.0,0.0,,0.0
Escherichia coli 80bdbe60-7bb9-11e9-a8d3-68b59976a384,562.9908,0.0,0.0,0.0,0.0,0.0,0.0,0.0,0.0,0.0,0.0
Escherichia coli 80c6b2a0-7bb8-11e9-a8d3-68b59976a384,562.9809,0.0,0.0,0.0,0.0,0.0,0.0,0.0,0.0,,0.0
Escherichia coli 80d811fc-7bb9-11e9-a8d3-68b59976a384,562.99314,0.0,0.0,0.0,0.0,0.0,0.0,0.0,0.0,0.0,0.0
Escherichia coli 80e37b6a-7bb8-11e9-a8d3-68b59976a384,562.98488,1.0,0.0,0.0,0.0,0.0,0.0,,0.0,0.0,1.0
Escherichia coli 80f2c344-7bb9-11e9-a8d3-68b59976a384,562.99557,0.0,0.0,0.0,0.0,0.0,0.0,0.0,0.0,0.0,0.0
Escherichia coli 80fdd0c8-7bb8-11e9-a8d3-68b59976a384,562.98646,0.0,0.0,0.0,0.0,0.0,0.0,0.0,0.0,0.0,0.0
Escherichia coli 810d7824-7bb9-11e9-a8d3-68b59976a384,562.99821,0.0,0.0,0.0,0.0,0.0,0.0,0.0,0.0,0.0,1.0
Escherichia coli 81183468-7bb8-11e9-a8d3-68b59976a384,562.98835,1.0,0.0,0.0,0.0,0.0,1.0,0.0,1.0,0.0,1.0
Escherichia coli 81278f84-7bb9-11e9-a8d3-68b59976a384,562.100103,1.0,0.0,0.0,0.0,0.0,0.0,0.0,0.0,0.0,0.0
Escherichia coli 813a79b0-7bb8-11e9-a8d3-68b59976a384,562.99038,1.0,0.0,0.0,0.0,1.0,0.0,0.0,0.0,0.0,1.0
Escherichia coli 8141f13a-7bb9-11e9-a8d3-68b59976a384,562.100395,0.0,0.0,0.0,0.0,1.0,0.0,0.0,0.0,0.0,0.0
Escherichia coli 8155e15a-7bb8-11e9-a8d3-68b59976a384,562.97753,1.0,,0.0,0.0,0.0,0.0,0.0,0.0,,0.0
Escherichia coli 815c04a8-7bb9-11e9-a8d3-68b59976a384,562.100696,0.0,0.0,0.0,,0.0,0.0,0.0,0.0,0.0,0.0
Escherichia coli 81702632-7bb8-11e9-a8d3-68b59976a384,562.97809,0.0,,0.0,0.0,0.0,0.0,0.0,0.0,,0.0
Escherichia coli 817792ae-7bb9-11e9-a8d3-68b59976a384,562.9779,0.0,,0.0,0.0,0.0,0.0,0.0,0.0,,0.0
Escherichia coli 818ba790-7bb8-11e9-a8d3-68b59976a384,562.97943,0.0,0.0,0.0,,0.0,0.0,0.0,0.0,,0.0
Escherichia coli 819252f6-7bb9-11e9-a8d3-68b59976a384,562.97846,1.0,,0.0,1.0,1.0,1.0,0.0,0.0,,0.0
Escherichia coli 81a67b92-7bb8-11e9-a8d3-68b59976a384,562.98088,1.0,0.0,0.0,0.0,0.0,0.0,0.0,0.0,,0.0
Escherichia coli 81aca48a-7bb9-11e9-a8d3-68b59976a384,562.97884,0.0,,0.0,0.0,0.0,0.0,0.0,0.0,,1.0
Escherichia coli 81c24124-7bb8-11e9-a8d3-68b59976a384,562.98487,0.0,0.0,0.0,0.0,0.0,0.0,,0.0,0.0,0.0
Escherichia coli 81c6d4a4-7bb9-11e9-a8d3-68b59976a384,562.98007,0.0,0.0,0.0,,0.0,0.0,0.0,0.0,,0.0
Escherichia coli 81dc6ed2-7bb8-11e9-a8d3-68b59976a384,562.98644,1.0,0.0,0.0,0.0,0.0,0.0,0.0,0.0,0.0,1.0
Escherichia coli 81e12e9e-7bb9-11e9-a8d3-68b59976a384,562.99079,0.0,0.0,0.0,0.0,0.0,0.0,0.0,0.0,0.0,0.0
Escherichia coli 81f65e1e-7bb8-11e9-a8d3-68b59976a384,562.98836,0.0,0.0,0.0,0.0,0.0,0.0,0.0,0.0,0.0,0.0
Escherichia coli 81fbc52e-7bb9-11e9-a8d3-68b59976a384,562.98256,0.0,0.0,0.0,0.0,0.0,0.0,0.0,0.0,,0.0
Escherichia coli 82112f8c-7bb8-11e9-a8d3-68b59976a384,562.99035,0.0,0.0,0.0,0.0,0.0,0.0,0.0,0.0,0.0,0.0
Escherichia coli 8215f778-7bb9-11e9-a8d3-68b59976a384,562.98723,0.0,0.0,0.0,0.0,0.0,0.0,0.0,0.0,0.0,0.0
Escherichia coli 822b3d3c-7bb8-11e9-a8d3-68b59976a384,562.97752,0.0,,0.0,0.0,0.0,0.0,0.0,0.0,,0.0
Escherichia coli 82384d00-7bb9-11e9-a8d3-68b59976a384,562.98926,1.0,0.0,0.0,0.0,0.0,0.0,0.0,0.0,0.0,0.0
Escherichia coli 824574fe-7bb8-11e9-a8d3-68b59976a384,562.97806,0.0,,0.0,0.0,0.0,0.0,0.0,0.0,,0.0
Escherichia coli 82549a46-7bb9-11e9-a8d3-68b59976a384,562.98928,0.0,0.0,0.0,0.0,0.0,0.0,0.0,0.0,0.0,0.0
Escherichia coli 825f92e4-7bb8-11e9-a8d3-68b59976a384,562.98089,0.0,0.0,0.0,0.0,0.0,0.0,0.0,0.0,,1.0
Escherichia coli 826f5a3e-7bb9-11e9-a8d3-68b59976a384,562.9784,0.0,,0.0,0.0,0.0,0.0,,0.0,,1.0
Escherichia coli 8279edb0-7bb8-11e9-a8d3-68b59976a384,562.98346,1.0,0.0,0.0,0.0,0.0,1.0,0.0,0.0,,1.0
Escherichia coli 8289ff06-7bb9-11e9-a8d3-68b59976a384,562.9789,0.0,,0.0,0.0,0.0,0.0,0.0,0.0,,0.0
Escherichia coli 8295712a-7bb8-11e9-a8d3-68b59976a384,562.98645,0.0,0.0,0.0,0.0,0.0,0.0,0.0,0.0,0.0,0.0
Escherichia coli 82a58640-7bb9-11e9-a8d3-68b59976a384,562.98013,0.0,0.0,0.0,,0.0,0.0,0.0,0.0,,0.0
Escherichia coli 82b18298-7bb8-11e9-a8d3-68b59976a384,562.98647,0.0,0.0,0.0,0.0,0.0,0.0,0.0,0.0,0.0,0.0
Escherichia coli 82bf5778-7bb9-11e9-a8d3-68b59976a384,562.99083,0.0,0.0,0.0,0.0,0.0,0.0,0.0,0.0,0.0,0.0
Escherichia coli 82cd48f2-7bb8-11e9-a8d3-68b59976a384,562.98839,1.0,0.0,0.0,0.0,1.0,0.0,0.0,0.0,0.0,1.0
Escherichia coli 82d92ef0-7bb9-11e9-a8d3-68b59976a384,562.98261,0.0,0.0,0.0,0.0,0.0,0.0,0.0,0.0,,0.0
Escherichia coli 82f3c206-7bb9-11e9-a8d3-68b59976a384,562.98724,0.0,0.0,0.0,0.0,0.0,0.0,0.0,0.0,0.0,0.0
Escherichia coli 82f62f92-7bb8-11e9-a8d3-68b59976a384,562.99036,1.0,0.0,0.0,0.0,0.0,0.0,0.0,0.0,0.0,1.0
Escherichia coli 8311f8da-7bb8-11e9-a8d3-68b59976a384,562.9775,0.0,,0.0,0.0,0.0,0.0,0.0,0.0,,0.0
Escherichia coli 832dbdae-7bb8-11e9-a8d3-68b59976a384,562.97801,0.0,,0.0,0.0,0.0,0.0,0.0,0.0,,0.0
Escherichia coli 8332b6f0-7bb9-11e9-a8d3-68b59976a384,562.9893,0.0,0.0,0.0,0.0,0.0,0.0,0.0,0.0,0.0,0.0
Escherichia coli 834a0874-7bb8-11e9-a8d3-68b59976a384,562.9795,0.0,0.0,0.0,,0.0,0.0,0.0,0.0,,0.0
Escherichia coli 834c73c4-7bb9-11e9-a8d3-68b59976a384,562.97836,0.0,,0.0,0.0,0.0,0.0,0.0,0.0,,0.0
Escherichia coli 83650a66-7bb8-11e9-a8d3-68b59976a384,562.98345,0.0,0.0,0.0,0.0,0.0,0.0,0.0,0.0,,0.0
Escherichia coli 8366320a-7bb9-11e9-a8d3-68b59976a384,562.97897,0.0,,0.0,0.0,0.0,0.0,0.0,0.0,,0.0
Escherichia coli 83803006-7bb9-11e9-a8d3-68b59976a384,562.98018,0.0,0.0,0.0,,0.0,0.0,0.0,0.0,,0.0
Escherichia coli 83827902-7bb8-11e9-a8d3-68b59976a384,562.98641,0.0,0.0,0.0,0.0,0.0,0.0,0.0,0.0,0.0,1.0
Escherichia coli 8399c8c2-7bb9-11e9-a8d3-68b59976a384,562.98146,0.0,0.0,0.0,0.0,0.0,0.0,0.0,0.0,,0.0
Escherichia coli 83a084e2-7bb8-11e9-a8d3-68b59976a384,562.9864,0.0,0.0,0.0,0.0,0.0,0.0,0.0,0.0,0.0,1.0
Escherichia coli 83b49314-7bb9-11e9-a8d3-68b59976a384,562.98263,0.0,0.0,0.0,0.0,0.0,0.0,0.0,0.0,,1.0
Escherichia coli 83bc6ac2-7bb8-11e9-a8d3-68b59976a384,562.98846,0.0,0.0,0.0,0.0,0.0,0.0,0.0,0.0,0.0,0.0
Escherichia coli 83cf6f5e-7bb9-11e9-a8d3-68b59976a384,562.98725,0.0,0.0,0.0,0.0,0.0,1.0,0.0,0.0,0.0,1.0
Escherichia coli 83d8166e-7bb8-11e9-a8d3-68b59976a384,562.99037,1.0,1.0,1.0,1.0,1.0,0.0,0.0,0.0,0.0,0.0
Escherichia coli 83e9e852-7bb9-11e9-a8d3-68b59976a384,562.98912,1.0,0.0,0.0,0.0,0.0,0.0,0.0,0.0,0.0,1.0
Escherichia coli 83f3f618-7bb8-11e9-a8d3-68b59976a384,562.97755,0.0,,0.0,0.0,0.0,0.0,0.0,0.0,,0.0
Escherichia coli 8403ae4a-7bb9-11e9-a8d3-68b59976a384,562.98909,0.0,0.0,0.0,0.0,0.0,0.0,0.0,0.0,0.0,0.0
Escherichia coli 84184482-7bb8-11e9-a8d3-68b59976a384,562.97951,0.0,0.0,0.0,,0.0,0.0,0.0,0.0,,0.0
Escherichia coli 841dc4d8-7bb9-11e9-a8d3-68b59976a384,562.97829,0.0,,0.0,0.0,0.0,0.0,0.0,0.0,,0.0
Escherichia coli 84381c52-7bb9-11e9-a8d3-68b59976a384,562.97892,0.0,,0.0,0.0,0.0,0.0,0.0,0.0,,0.0
Escherichia coli 843d8170-7bb8-11e9-a8d3-68b59976a384,562.98092,1.0,0.0,0.0,0.0,0.0,0.0,0.0,0.0,,1.0
Escherichia coli 8454d658-7bb9-11e9-a8d3-68b59976a384,562.98021,1.0,0.0,0.0,,0.0,0.0,0.0,0.0,,1.0
Escherichia coli 84611dc4-7bb8-11e9-a8d3-68b59976a384,562.98339,0.0,0.0,0.0,0.0,0.0,0.0,0.0,0.0,,0.0
Escherichia coli 8473d8fa-7bb9-11e9-a8d3-68b59976a384,562.98142,0.0,0.0,0.0,0.0,0.0,0.0,0.0,0.0,,0.0
Escherichia coli 848e3a24-7bb9-11e9-a8d3-68b59976a384,562.98264,0.0,0.0,0.0,0.0,0.0,0.0,0.0,0.0,,0.0
Escherichia coli 84aac456-7bb8-11e9-a8d3-68b59976a384,562.98642,0.0,0.0,0.0,0.0,0.0,0.0,0.0,0.0,0.0,0.0
Escherichia coli 84ab303e-7bb9-11e9-a8d3-68b59976a384,562.98733,1.0,0.0,0.0,0.0,0.0,0.0,0.0,0.0,0.0,0.0
Escherichia coli 84c5dee8-7bb9-11e9-a8d3-68b59976a384,562.98924,0.0,0.0,0.0,0.0,0.0,0.0,0.0,0.0,0.0,0.0
Escherichia coli 84ce2a22-7bb8-11e9-a8d3-68b59976a384,562.98838,1.0,0.0,0.0,0.0,0.0,0.0,0.0,0.0,0.0,0.0
Escherichia coli 84e03162-7bb9-11e9-a8d3-68b59976a384,562.98913,0.0,0.0,0.0,0.0,0.0,0.0,0.0,0.0,0.0,0.0
Escherichia coli 84f27ae4-7bb8-11e9-a8d3-68b59976a384,562.99043,0.0,0.0,0.0,0.0,0.0,0.0,0.0,0.0,0.0,0.0
Escherichia coli 84fa4250-7bb9-11e9-a8d3-68b59976a384,562.97833,0.0,,0.0,0.0,0.0,0.0,0.0,0.0,,0.0
Escherichia coli 8506bfa4-7bb8-11e9-a8d3-68b59976a384,562.97757,1.0,,0.0,0.0,0.0,0.0,0.0,0.0,,1.0
Escherichia coli 8514b09a-7bb9-11e9-a8d3-68b59976a384,562.979,0.0,,0.0,0.0,0.0,0.0,0.0,0.0,,0.0
Escherichia coli 85191a64-7bb8-11e9-a8d3-68b59976a384,562.97941,0.0,0.0,0.0,,0.0,0.0,0.0,0.0,,0.0
Escherichia coli 852e5b94-7bb9-11e9-a8d3-68b59976a384,562.98017,0.0,0.0,0.0,,0.0,0.0,0.0,0.0,,0.0
Escherichia coli 852eaa14-7bb8-11e9-a8d3-68b59976a384,562.98091,1.0,0.0,0.0,0.0,0.0,0.0,0.0,0.0,,1.0
Escherichia coli 8541d8be-7bb8-11e9-a8d3-68b59976a384,562.98491,0.0,0.0,0.0,0.0,0.0,0.0,,0.0,0.0,0.0
Escherichia coli 85488c76-7bb9-11e9-a8d3-68b59976a384,562.98156,0.0,0.0,0.0,0.0,0.0,0.0,0.0,0.0,,0.0
Escherichia coli 8558da8c-7bb8-11e9-a8d3-68b59976a384,562.98654,0.0,0.0,0.0,0.0,0.0,0.0,0.0,0.0,0.0,0.0
Escherichia coli 85635812-7bb9-11e9-a8d3-68b59976a384,562.98279,1.0,0.0,0.0,0.0,1.0,0.0,0.0,0.0,,1.0
Escherichia coli 856c5378-7bb8-11e9-a8d3-68b59976a384,562.98656,1.0,0.0,0.0,0.0,0.0,0.0,0.0,0.0,0.0,0.0
Escherichia coli 857d3382-7bb8-11e9-a8d3-68b59976a384,562.98842,0.0,0.0,0.0,0.0,0.0,0.0,0.0,0.0,0.0,0.0
Escherichia coli 858d313c-7bb9-11e9-a8d3-68b59976a384,562.98741,0.0,0.0,0.0,0.0,0.0,0.0,0.0,0.0,0.0,1.0
Escherichia coli 858e74ee-7bb8-11e9-a8d3-68b59976a384,562.99039,0.0,0.0,0.0,0.0,0.0,0.0,0.0,0.0,0.0,0.0
Escherichia coli 859f3400-7bb8-11e9-a8d3-68b59976a384,562.97824,1.0,,0.0,0.0,1.0,0.0,0.0,0.0,,1.0
Escherichia coli 85a7788a-7bb9-11e9-a8d3-68b59976a384,562.98941,0.0,0.0,0.0,0.0,0.0,0.0,0.0,0.0,0.0,0.0
Escherichia coli 85b07382-7bb8-11e9-a8d3-68b59976a384,562.97947,0.0,0.0,0.0,,0.0,0.0,0.0,0.0,,0.0
Escherichia coli 85c156a2-7bb8-11e9-a8d3-68b59976a384,562.98084,0.0,0.0,0.0,0.0,0.0,0.0,0.0,0.0,,0.0
Escherichia coli 85c22298-7bb9-11e9-a8d3-68b59976a384,562.99137,0.0,0.0,0.0,0.0,0.0,0.0,0.0,0.0,0.0,0.0
Escherichia coli 85d2b1ae-7bb8-11e9-a8d3-68b59976a384,562.98492,1.0,0.0,0.0,0.0,0.0,1.0,,0.0,0.0,1.0
Escherichia coli 85dc3bec-7bb9-11e9-a8d3-68b59976a384,562.9783,0.0,,0.0,0.0,0.0,0.0,0.0,0.0,,1.0
Escherichia coli 85e386e6-7bb8-11e9-a8d3-68b59976a384,562.98655,1.0,0.0,0.0,0.0,0.0,0.0,0.0,1.0,0.0,1.0
Escherichia coli 85f50916-7bb8-11e9-a8d3-68b59976a384,562.98837,1.0,0.0,0.0,0.0,0.0,0.0,0.0,0.0,0.0,0.0
Escherichia coli 85f617ba-7bb9-11e9-a8d3-68b59976a384,562.9791,1.0,,0.0,0.0,0.0,0.0,0.0,0.0,,0.0
Escherichia coli 86053df4-7bb8-11e9-a8d3-68b59976a384,562.99044,0.0,0.0,0.0,0.0,0.0,0.0,0.0,0.0,0.0,0.0
Escherichia coli 86113ab8-7bb9-11e9-a8d3-68b59976a384,562.98035,0.0,0.0,0.0,,0.0,0.0,0.0,0.0,,0.0
Escherichia coli 86167eb6-7bb8-11e9-a8d3-68b59976a384,562.99041,0.0,0.0,0.0,0.0,0.0,0.0,0.0,0.0,0.0,0.0
Escherichia coli 86271938-7bb8-11e9-a8d3-68b59976a384,562.99026,0.0,0.0,0.0,0.0,0.0,0.0,0.0,0.0,0.0,0.0
Escherichia coli 862af85e-7bb9-11e9-a8d3-68b59976a384,562.9816,0.0,0.0,0.0,0.0,0.0,0.0,0.0,0.0,,0.0
Escherichia coli 86388ac4-7bb8-11e9-a8d3-68b59976a384,562.99244,0.0,0.0,0.0,0.0,0.0,1.0,0.0,0.0,0.0,0.0
Escherichia coli 8643c460-7bb9-11e9-a8d3-68b59976a384,562.98283,0.0,0.0,0.0,0.0,0.0,0.0,0.0,0.0,,0.0
Escherichia coli 864969ac-7bb8-11e9-a8d3-68b59976a384,562.99265,1.0,0.0,0.0,0.0,0.0,1.0,0.0,0.0,0.0,1.0
Escherichia coli 865a9c58-7bb9-11e9-a8d3-68b59976a384,562.98759,0.0,0.0,0.0,0.0,0.0,0.0,0.0,0.0,0.0,0.0
Escherichia coli 865b9b4a-7bb8-11e9-a8d3-68b59976a384,562.99488,0.0,0.0,0.0,0.0,0.0,0.0,0.0,0.0,0.0,0.0
Escherichia coli 866cbe70-7bb8-11e9-a8d3-68b59976a384,562.99489,0.0,0.0,0.0,0.0,0.0,0.0,0.0,0.0,0.0,0.0
Escherichia coli 8673d6be-7bb9-11e9-a8d3-68b59976a384,562.98963,0.0,0.0,0.0,0.0,0.0,0.0,0.0,0.0,0.0,0.0
Escherichia coli 867ed7ea-7bb8-11e9-a8d3-68b59976a384,562.99757,0.0,0.0,0.0,0.0,0.0,0.0,0.0,0.0,0.0,0.0
Escherichia coli 868ca1bc-7bb9-11e9-a8d3-68b59976a384,562.99148,0.0,0.0,0.0,0.0,0.0,0.0,0.0,0.0,0.0,0.0
Escherichia coli 86900254-7bb8-11e9-a8d3-68b59976a384,562.99763,0.0,0.0,0.0,0.0,0.0,0.0,0.0,0.0,0.0,0.0
Escherichia coli 86a2c1a0-7bb8-11e9-a8d3-68b59976a384,562.100028,1.0,0.0,0.0,0.0,0.0,0.0,0.0,0.0,0.0,0.0
Escherichia coli 86a66052-7bb9-11e9-a8d3-68b59976a384,562.97832,0.0,,0.0,0.0,0.0,0.0,0.0,0.0,,0.0
Escherichia coli 86b37ebe-7bb8-11e9-a8d3-68b59976a384,562.99045,0.0,0.0,0.0,0.0,0.0,0.0,0.0,0.0,0.0,0.0
Escherichia coli 86d69ba6-7bb8-11e9-a8d3-68b59976a384,562.99272,1.0,1.0,1.0,1.0,1.0,1.0,0.0,1.0,0.0,1.0
Escherichia coli 86d9e800-7bb9-11e9-a8d3-68b59976a384,562.98161,1.0,0.0,0.0,0.0,0.0,0.0,0.0,0.0,,0.0
Escherichia coli 86e7af7c-7bb8-11e9-a8d3-68b59976a384,562.99511,1.0,0.0,0.0,0.0,0.0,0.0,0.0,0.0,0.0,0.0
Escherichia coli 86f8d298-7bb8-11e9-a8d3-68b59976a384,562.99762,1.0,0.0,0.0,1.0,0.0,0.0,0.0,0.0,0.0,0.0
Escherichia coli 870a0810-7bb8-11e9-a8d3-68b59976a384,562.99764,1.0,0.0,0.0,0.0,1.0,0.0,0.0,0.0,0.0,0.0
Escherichia coli 870d7d5a-7bb9-11e9-a8d3-68b59976a384,562.98285,1.0,0.0,0.0,0.0,0.0,0.0,0.0,0.0,,1.0
Escherichia coli 871b3784-7bb8-11e9-a8d3-68b59976a384,562.99767,0.0,0.0,0.0,0.0,0.0,0.0,0.0,0.0,0.0,0.0
Escherichia coli 8726e39e-7bb9-11e9-a8d3-68b59976a384,562.98765,1.0,0.0,0.0,0.0,0.0,0.0,0.0,0.0,0.0,0.0
Escherichia coli 872d5fcc-7bb8-11e9-a8d3-68b59976a384,562.100031,1.0,0.0,0.0,0.0,0.0,0.0,0.0,0.0,0.0,1.0
Escherichia coli 873e4a26-7bb8-11e9-a8d3-68b59976a384,562.99046,0.0,0.0,0.0,0.0,0.0,0.0,0.0,0.0,0.0,0.0
Escherichia coli 8740b314-7bb9-11e9-a8d3-68b59976a384,562.98954,0.0,0.0,0.0,0.0,0.0,0.0,0.0,0.0,0.0,0.0
Escherichia coli 8750441a-7bb8-11e9-a8d3-68b59976a384,562.99279,0.0,0.0,0.0,0.0,0.0,1.0,0.0,0.0,0.0,0.0
Escherichia coli 875a62e6-7bb9-11e9-a8d3-68b59976a384,562.99153,0.0,0.0,0.0,0.0,0.0,0.0,0.0,0.0,0.0,0.0
Escherichia coli 8761c30c-7bb8-11e9-a8d3-68b59976a384,562.99273,0.0,0.0,0.0,0.0,0.0,1.0,0.0,0.0,0.0,0.0
Escherichia coli 8774040e-7bb8-11e9-a8d3-68b59976a384,562.99516,0.0,0.0,0.0,0.0,0.0,0.0,0.0,0.0,0.0,0.0
Escherichia coli 87744a6c-7bb9-11e9-a8d3-68b59976a384,562.97843,0.0,,0.0,0.0,0.0,0.0,0.0,0.0,,0.0
Escherichia coli 8785d7ec-7bb8-11e9-a8d3-68b59976a384,562.99766,0.0,0.0,0.0,1.0,0.0,0.0,0.0,0.0,0.0,0.0
Escherichia coli 878e54de-7bb9-11e9-a8d3-68b59976a384,562.98033,0.0,0.0,0.0,,0.0,0.0,0.0,0.0,,0.0
Escherichia coli 879abba8-7bb8-11e9-a8d3-68b59976a384,562.99765,1.0,0.0,0.0,0.0,0.0,1.0,0.0,0.0,0.0,1.0
Escherichia coli 87a9ce80-7bb9-11e9-a8d3-68b59976a384,562.98162,1.0,0.0,0.0,0.0,0.0,0.0,0.0,0.0,,1.0
Escherichia coli 87b5ee14-7bb8-11e9-a8d3-68b59976a384,562.10003,1.0,0.0,0.0,0.0,0.0,0.0,0.0,0.0,0.0,0.0
Escherichia coli 87c376e6-7bb9-11e9-a8d3-68b59976a384,562.98143,1.0,0.0,0.0,0.0,0.0,0.0,0.0,0.0,,1.0
Escherichia coli 87cd86fa-7bb8-11e9-a8d3-68b59976a384,562.100006,1.0,0.0,0.0,0.0,0.0,0.0,0.0,1.0,0.0,0.0
Escherichia coli 87dd7992-7bb9-11e9-a8d3-68b59976a384,562.98736,1.0,0.0,0.0,0.0,0.0,0.0,0.0,0.0,0.0,0.0
Escherichia coli 87eb6dfa-7bb8-11e9-a8d3-68b59976a384,562.99027,0.0,0.0,0.0,0.0,0.0,0.0,0.0,0.0,0.0,0.0
Escherichia coli 87f6cece-7bb9-11e9-a8d3-68b59976a384,562.98743,1.0,1.0,1.0,1.0,1.0,1.0,0.0,0.0,0.0,1.0
Escherichia coli 88074fca-7bb8-11e9-a8d3-68b59976a384,562.99239,1.0,0.0,0.0,0.0,0.0,1.0,0.0,1.0,0.0,1.0
Escherichia coli 88108d5a-7bb9-11e9-a8d3-68b59976a384,562.98952,0.0,0.0,0.0,0.0,0.0,0.0,0.0,0.0,0.0,1.0
Escherichia coli 8822d45c-7bb8-11e9-a8d3-68b59976a384,562.99481,0.0,0.0,0.0,0.0,0.0,0.0,0.0,0.0,0.0,0.0
Escherichia coli 882a1176-7bb9-11e9-a8d3-68b59976a384,562.99116,1.0,0.0,0.0,0.0,0.0,0.0,0.0,0.0,0.0,0.0
Escherichia coli 883e9390-7bb8-11e9-a8d3-68b59976a384,562.99483,1.0,0.0,0.0,0.0,0.0,0.0,0.0,0.0,0.0,1.0
Escherichia coli 8843934e-7bb9-11e9-a8d3-68b59976a384,562.97904,1.0,,0.0,0.0,0.0,0.0,0.0,0.0,,0.0
Escherichia coli 8859b292-7bb8-11e9-a8d3-68b59976a384,562.99741,0.0,0.0,0.0,0.0,0.0,0.0,0.0,0.0,0.0,0.0
Escherichia coli 885d5b4e-7bb9-11e9-a8d3-68b59976a384,562.98022,0.0,0.0,0.0,,0.0,0.0,0.0,0.0,,0.0
Escherichia coli 8874eda0-7bb8-11e9-a8d3-68b59976a384,562.99743,1.0,1.0,1.0,1.0,1.0,1.0,0.0,0.0,0.0,1.0
Escherichia coli 88769dac-7bb9-11e9-a8d3-68b59976a384,562.98135,0.0,0.0,0.0,0.0,0.0,0.0,0.0,0.0,,0.0
Escherichia coli 888f8c46-7bb8-11e9-a8d3-68b59976a384,562.100007,1.0,0.0,0.0,0.0,0.0,0.0,0.0,0.0,0.0,1.0
Escherichia coli 8890e1e4-7bb9-11e9-a8d3-68b59976a384,562.9827,0.0,0.0,0.0,0.0,0.0,0.0,0.0,0.0,,0.0
Escherichia coli 88aa2550-7bb9-11e9-a8d3-68b59976a384,562.98746,1.0,0.0,0.0,0.0,0.0,0.0,0.0,0.0,0.0,0.0
Escherichia coli 88af15d4-7bb8-11e9-a8d3-68b59976a384,562.100009,1.0,1.0,0.0,1.0,0.0,0.0,0.0,0.0,0.0,1.0
Escherichia coli 88c3ea3a-7bb9-11e9-a8d3-68b59976a384,562.98935,0.0,0.0,0.0,0.0,0.0,0.0,0.0,0.0,0.0,0.0
Escherichia coli 88ca5574-7bb8-11e9-a8d3-68b59976a384,562.99032,1.0,0.0,0.0,0.0,0.0,0.0,0.0,0.0,0.0,1.0
Escherichia coli 88de05fa-7bb9-11e9-a8d3-68b59976a384,562.98931,1.0,1.0,1.0,1.0,1.0,1.0,0.0,0.0,0.0,1.0
Escherichia coli 88f6ccb6-7bb9-11e9-a8d3-68b59976a384,562.99128,1.0,0.0,0.0,0.0,0.0,0.0,0.0,0.0,0.0,0.0
Escherichia coli 88ff22f4-7bb8-11e9-a8d3-68b59976a384,562.99487,1.0,0.0,0.0,0.0,0.0,0.0,0.0,0.0,0.0,1.0
Escherichia coli 890fc8ba-7bb9-11e9-a8d3-68b59976a384,562.97906,0.0,,0.0,0.0,0.0,0.0,0.0,0.0,,0.0
Escherichia coli 8919c398-7bb8-11e9-a8d3-68b59976a384,562.99484,1.0,0.0,0.0,0.0,0.0,0.0,0.0,0.0,0.0,0.0
Escherichia coli 892a0914-7bb9-11e9-a8d3-68b59976a384,562.98025,0.0,0.0,0.0,,0.0,0.0,0.0,0.0,,0.0
Escherichia coli 89344236-7bb8-11e9-a8d3-68b59976a384,562.99742,1.0,0.0,0.0,0.0,1.0,0.0,0.0,0.0,0.0,0.0
Escherichia coli 89431062-7bb9-11e9-a8d3-68b59976a384,562.98148,0.0,0.0,0.0,0.0,0.0,0.0,0.0,0.0,,0.0
Escherichia coli 894e0446-7bb8-11e9-a8d3-68b59976a384,562.99745,0.0,0.0,0.0,0.0,0.0,0.0,0.0,0.0,0.0,0.0
Escherichia coli 895bba0e-7bb9-11e9-a8d3-68b59976a384,562.98268,0.0,0.0,0.0,0.0,0.0,0.0,0.0,0.0,,0.0
Escherichia coli 8968ec34-7bb8-11e9-a8d3-68b59976a384,562.10001,0.0,0.0,0.0,0.0,0.0,0.0,0.0,0.0,0.0,0.0
Escherichia coli 89753c18-7bb9-11e9-a8d3-68b59976a384,562.98745,1.0,0.0,0.0,0.0,0.0,0.0,0.0,0.0,0.0,0.0
Escherichia coli 898385e4-7bb8-11e9-a8d3-68b59976a384,562.100012,0.0,0.0,0.0,0.0,0.0,0.0,0.0,0.0,0.0,0.0
Escherichia coli 898e8ca4-7bb9-11e9-a8d3-68b59976a384,562.98944,0.0,0.0,0.0,0.0,0.0,0.0,0.0,0.0,0.0,0.0
Escherichia coli 899e4c8a-7bb8-11e9-a8d3-68b59976a384,562.99031,1.0,0.0,0.0,0.0,0.0,0.0,0.0,0.0,0.0,1.0
Escherichia coli 89a7d010-7bb9-11e9-a8d3-68b59976a384,562.98946,0.0,0.0,0.0,0.0,0.0,0.0,0.0,0.0,0.0,0.0
Escherichia coli 89b85724-7bb8-11e9-a8d3-68b59976a384,562.99256,0.0,0.0,0.0,0.0,0.0,1.0,0.0,0.0,0.0,1.0
Escherichia coli 89c19694-7bb9-11e9-a8d3-68b59976a384,562.9913,0.0,0.0,0.0,0.0,0.0,0.0,0.0,0.0,0.0,0.0
Escherichia coli 89d2980a-7bb8-11e9-a8d3-68b59976a384,562.99496,0.0,0.0,0.0,0.0,0.0,0.0,0.0,0.0,0.0,0.0
Escherichia coli 89dbafc0-7bb9-11e9-a8d3-68b59976a384,562.97909,0.0,,0.0,0.0,0.0,0.0,0.0,0.0,,0.0
Escherichia coli 89ed9254-7bb8-11e9-a8d3-68b59976a384,562.99477,0.0,0.0,0.0,0.0,0.0,0.0,0.0,0.0,0.0,0.0
Escherichia coli 89f48f18-7bb9-11e9-a8d3-68b59976a384,562.98015,0.0,0.0,0.0,,0.0,0.0,0.0,0.0,,0.0
Escherichia coli 8a0815d4-7bb8-11e9-a8d3-68b59976a384,562.99744,0.0,0.0,0.0,1.0,0.0,0.0,0.0,0.0,0.0,0.0
Escherichia coli 8a10df56-7bb9-11e9-a8d3-68b59976a384,562.98151,0.0,0.0,0.0,0.0,0.0,0.0,0.0,0.0,,0.0
Escherichia coli 8a223c84-7bb8-11e9-a8d3-68b59976a384,562.99746,1.0,0.0,0.0,0.0,1.0,0.0,0.0,1.0,0.0,1.0
Escherichia coli 8a2f5148-7bb9-11e9-a8d3-68b59976a384,562.98278,1.0,0.0,1.0,1.0,0.0,0.0,0.0,1.0,,0.0
Escherichia coli 8a3cdde6-7bb8-11e9-a8d3-68b59976a384,562.100008,1.0,0.0,0.0,0.0,0.0,0.0,0.0,0.0,0.0,0.0
Escherichia coli 8a49140c-7bb9-11e9-a8d3-68b59976a384,562.9875,0.0,0.0,0.0,0.0,0.0,0.0,0.0,0.0,0.0,0.0
Escherichia coli 8a579262-7bb8-11e9-a8d3-68b59976a384,562.100015,1.0,0.0,0.0,0.0,0.0,0.0,0.0,0.0,0.0,1.0
Escherichia coli 8a62c924-7bb9-11e9-a8d3-68b59976a384,562.98943,1.0,0.0,0.0,0.0,0.0,0.0,0.0,0.0,0.0,1.0
Escherichia coli 8a724c2e-7bb8-11e9-a8d3-68b59976a384,562.99266,0.0,0.0,0.0,0.0,0.0,1.0,0.0,0.0,0.0,0.0
Escherichia coli 8a7ce8fe-7bb9-11e9-a8d3-68b59976a384,562.98938,0.0,0.0,0.0,0.0,0.0,0.0,0.0,0.0,0.0,1.0
Escherichia coli 8a8cfdb2-7bb8-11e9-a8d3-68b59976a384,562.99245,0.0,0.0,0.0,0.0,0.0,1.0,0.0,0.0,0.0,1.0
Escherichia coli 8a96b018-7bb9-11e9-a8d3-68b59976a384,562.99134,0.0,0.0,0.0,0.0,0.0,0.0,0.0,0.0,0.0,0.0
Escherichia coli 8aa7b97c-7bb8-11e9-a8d3-68b59976a384,562.99492,1.0,0.0,0.0,1.0,1.0,0.0,0.0,0.0,0.0,0.0
Escherichia coli 8ab070c0-7bb9-11e9-a8d3-68b59976a384,562.97908,0.0,,0.0,0.0,0.0,0.0,0.0,0.0,,0.0
Escherichia coli 8ac3024a-7bb8-11e9-a8d3-68b59976a384,562.99482,0.0,0.0,0.0,0.0,0.0,0.0,0.0,0.0,0.0,0.0
Escherichia coli 8ac9baee-7bb9-11e9-a8d3-68b59976a384,562.98034,0.0,0.0,0.0,,0.0,0.0,0.0,0.0,,0.0
Escherichia coli 8ade8920-7bb8-11e9-a8d3-68b59976a384,562.99747,1.0,0.0,0.0,0.0,0.0,0.0,0.0,0.0,0.0,1.0
Escherichia coli 8ae3e9aa-7bb9-11e9-a8d3-68b59976a384,562.99141,0.0,0.0,0.0,0.0,0.0,0.0,0.0,0.0,0.0,0.0
Escherichia coli 8afadcb0-7bb8-11e9-a8d3-68b59976a384,562.99748,0.0,0.0,0.0,0.0,0.0,0.0,0.0,0.0,0.0,0.0
Escherichia coli 8afe5718-7bb9-11e9-a8d3-68b59976a384,562.98284,0.0,0.0,0.0,0.0,0.0,0.0,0.0,0.0,,0.0
Escherichia coli 8b184952-7bb9-11e9-a8d3-68b59976a384,562.98744,1.0,0.0,0.0,0.0,0.0,0.0,0.0,0.0,0.0,1.0
Escherichia coli 8b1c8fea-7bb8-11e9-a8d3-68b59976a384,562.100014,1.0,0.0,0.0,0.0,1.0,0.0,0.0,1.0,0.0,1.0
Escherichia coli 8b3954a4-7bb8-11e9-a8d3-68b59976a384,562.100019,1.0,0.0,0.0,0.0,0.0,0.0,0.0,0.0,0.0,0.0
Escherichia coli 8b4cbae8-7bb9-11e9-a8d3-68b59976a384,562.98942,0.0,0.0,0.0,0.0,0.0,0.0,0.0,0.0,0.0,0.0
Escherichia coli 8b53f5ca-7bb8-11e9-a8d3-68b59976a384,562.99253,1.0,0.0,0.0,0.0,0.0,1.0,0.0,0.0,0.0,1.0
Escherichia coli 8b67f38a-7bb9-11e9-a8d3-68b59976a384,562.9914,1.0,1.0,1.0,1.0,1.0,0.0,0.0,0.0,0.0,1.0
Escherichia coli 8b832c2c-7bb9-11e9-a8d3-68b59976a384,562.99139,0.0,0.0,0.0,0.0,0.0,0.0,0.0,0.0,0.0,0.0
Escherichia coli 8b8b5e20-7bb8-11e9-a8d3-68b59976a384,562.99486,0.0,0.0,0.0,0.0,0.0,0.0,0.0,0.0,0.0,0.0
Escherichia coli 8b9df908-7bb9-11e9-a8d3-68b59976a384,562.99144,1.0,0.0,0.0,0.0,1.0,0.0,0.0,0.0,0.0,1.0
Escherichia coli 8ba6c7d2-7bb8-11e9-a8d3-68b59976a384,562.99503,0.0,0.0,0.0,0.0,0.0,0.0,0.0,0.0,0.0,0.0
Escherichia coli 8bc3f47e-7bb8-11e9-a8d3-68b59976a384,562.99749,1.0,0.0,0.0,0.0,0.0,0.0,0.0,0.0,0.0,1.0
Escherichia coli 8bdf0494-7bb8-11e9-a8d3-68b59976a384,562.9975,0.0,0.0,0.0,0.0,0.0,0.0,0.0,0.0,0.0,1.0
Escherichia coli 8bee8404-7bb9-11e9-a8d3-68b59976a384,562.99619,1.0,0.0,0.0,0.0,0.0,0.0,0.0,0.0,0.0,1.0
Escherichia coli 8bf909f2-7bb8-11e9-a8d3-68b59976a384,562.100016,0.0,0.0,0.0,0.0,0.0,0.0,0.0,0.0,0.0,0.0
Escherichia coli 8c0a559e-7bb9-11e9-a8d3-68b59976a384,562.9962,0.0,0.0,0.0,0.0,0.0,0.0,0.0,0.0,0.0,0.0
Escherichia coli 8c13fe74-7bb8-11e9-a8d3-68b59976a384,562.97754,0.0,,0.0,0.0,0.0,0.0,0.0,0.0,,0.0
Escherichia coli 8c264830-7bb9-11e9-a8d3-68b59976a384,562.97828,1.0,,0.0,0.0,0.0,0.0,0.0,0.0,,0.0
Escherichia coli 8c2eab70-7bb8-11e9-a8d3-68b59976a384,562.99257,0.0,0.0,0.0,0.0,0.0,0.0,0.0,0.0,0.0,0.0
Escherichia coli 8c41d424-7bb9-11e9-a8d3-68b59976a384,562.98154,1.0,0.0,0.0,0.0,0.0,0.0,0.0,0.0,,0.0
Escherichia coli 8c490a10-7bb8-11e9-a8d3-68b59976a384,562.99263,0.0,0.0,0.0,1.0,0.0,1.0,0.0,0.0,0.0,0.0
Escherichia coli 8c5da4b0-7bb9-11e9-a8d3-68b59976a384,562.99143,0.0,0.0,0.0,0.0,0.0,0.0,0.0,0.0,0.0,0.0
Escherichia coli 8c66756e-7bb8-11e9-a8d3-68b59976a384,562.99473,1.0,0.0,0.0,0.0,0.0,0.0,0.0,1.0,0.0,1.0
Escherichia coli 8c7a17c6-7bb9-11e9-a8d3-68b59976a384,562.99145,0.0,0.0,0.0,0.0,0.0,0.0,0.0,0.0,0.0,1.0
Escherichia coli 8c80ab96-7bb8-11e9-a8d3-68b59976a384,562.99478,0.0,0.0,0.0,0.0,0.0,0.0,0.0,0.0,0.0,0.0
Escherichia coli 8c94f19a-7bb9-11e9-a8d3-68b59976a384,562.99361,0.0,0.0,0.0,0.0,0.0,0.0,0.0,0.0,0.0,0.0
Escherichia coli 8c9b7796-7bb8-11e9-a8d3-68b59976a384,562.99753,1.0,0.0,0.0,1.0,1.0,0.0,0.0,0.0,0.0,0.0
Escherichia coli 8cb52b82-7bb8-11e9-a8d3-68b59976a384,562.99752,0.0,0.0,0.0,0.0,0.0,0.0,0.0,0.0,0.0,0.0
Escherichia coli 8ccd2722-7bb9-11e9-a8d3-68b59976a384,562.99623,0.0,0.0,0.0,0.0,0.0,0.0,0.0,0.0,0.0,0.0
Escherichia coli 8ccdeb54-7bb8-11e9-a8d3-68b59976a384,562.100017,0.0,0.0,0.0,0.0,0.0,0.0,0.0,0.0,0.0,0.0
Escherichia coli 8ce9d11a-7bb9-11e9-a8d3-68b59976a384,562.99625,0.0,0.0,0.0,0.0,0.0,0.0,0.0,0.0,0.0,0.0
Escherichia coli 8cf15b2a-7bb8-11e9-a8d3-68b59976a384,562.97949,0.0,0.0,0.0,,0.0,0.0,0.0,0.0,,0.0
Escherichia coli 8d056e84-7bb9-11e9-a8d3-68b59976a384,562.97834,1.0,,0.0,0.0,0.0,0.0,0.0,0.0,,1.0
Escherichia coli 8d0ba444-7bb8-11e9-a8d3-68b59976a384,562.99258,0.0,0.0,0.0,1.0,0.0,1.0,0.0,0.0,0.0,0.0
Escherichia coli 8d2112b0-7bb9-11e9-a8d3-68b59976a384,562.98155,0.0,0.0,0.0,0.0,0.0,0.0,0.0,0.0,,0.0
Escherichia coli 8d25a6fa-7bb8-11e9-a8d3-68b59976a384,562.99259,0.0,0.0,0.0,0.0,0.0,1.0,0.0,0.0,0.0,0.0
Escherichia coli 8d3cd6b2-7bb9-11e9-a8d3-68b59976a384,562.99147,1.0,0.0,0.0,0.0,0.0,0.0,0.0,0.0,0.0,0.0
Escherichia coli 8d3f817e-7bb8-11e9-a8d3-68b59976a384,562.9949,0.0,0.0,0.0,0.0,0.0,0.0,0.0,0.0,0.0,0.0
Escherichia coli 8d59d9ca-7bb8-11e9-a8d3-68b59976a384,562.99495,0.0,0.0,0.0,0.0,0.0,0.0,0.0,0.0,0.0,0.0
Escherichia coli 8d6b0258-7bb9-11e9-a8d3-68b59976a384,562.99365,0.0,0.0,0.0,0.0,0.0,0.0,0.0,0.0,0.0,0.0
Escherichia coli 8d74f5d4-7bb8-11e9-a8d3-68b59976a384,562.99751,1.0,1.0,1.0,1.0,1.0,0.0,0.0,0.0,0.0,0.0
Escherichia coli 8d85cc28-7bb9-11e9-a8d3-68b59976a384,562.99363,0.0,0.0,0.0,0.0,0.0,0.0,0.0,0.0,0.0,0.0
Escherichia coli 8d953362-7bb8-11e9-a8d3-68b59976a384,562.99755,1.0,0.0,0.0,0.0,1.0,0.0,0.0,0.0,0.0,0.0
Escherichia coli 8d9fa594-7bb9-11e9-a8d3-68b59976a384,562.99364,1.0,0.0,0.0,0.0,0.0,0.0,0.0,0.0,0.0,1.0
Escherichia coli 8daf227c-7bb8-11e9-a8d3-68b59976a384,562.100024,0.0,0.0,0.0,0.0,0.0,0.0,0.0,0.0,0.0,0.0
Escherichia coli 8db9a4a8-7bb9-11e9-a8d3-68b59976a384,562.99628,0.0,0.0,0.0,0.0,0.0,0.0,0.0,0.0,0.0,0.0
Escherichia coli 8dc8cd58-7bb8-11e9-a8d3-68b59976a384,562.98841,1.0,0.0,0.0,0.0,0.0,0.0,0.0,0.0,0.0,0.0
Escherichia coli 8dd41590-7bb9-11e9-a8d3-68b59976a384,562.9963,1.0,0.0,0.0,0.0,1.0,0.0,0.0,0.0,0.0,0.0
Escherichia coli 8de27cda-7bb8-11e9-a8d3-68b59976a384,562.9926,0.0,0.0,0.0,0.0,0.0,1.0,0.0,0.0,0.0,0.0
Escherichia coli 8deef43c-7bb9-11e9-a8d3-68b59976a384,562.97826,0.0,,0.0,0.0,0.0,0.0,0.0,0.0,,0.0
Escherichia coli 8dfd690a-7bb8-11e9-a8d3-68b59976a384,562.99261,0.0,0.0,0.0,0.0,0.0,1.0,0.0,0.0,0.0,0.0
Escherichia coli 8e0957be-7bb9-11e9-a8d3-68b59976a384,562.98158,1.0,0.0,0.0,0.0,0.0,0.0,0.0,0.0,,0.0
Escherichia coli 8e230f48-7bb8-11e9-a8d3-68b59976a384,562.9951,1.0,0.0,0.0,0.0,0.0,0.0,0.0,0.0,0.0,0.0
Escherichia coli 8e2432dc-7bb9-11e9-a8d3-68b59976a384,562.99157,0.0,0.0,0.0,0.0,0.0,0.0,0.0,0.0,0.0,0.0
Escherichia coli 8e3e0f50-7bb8-11e9-a8d3-68b59976a384,562.99512,0.0,0.0,0.0,0.0,0.0,0.0,0.0,0.0,0.0,0.0
Escherichia coli 8e58d28a-7bb9-11e9-a8d3-68b59976a384,562.9937,1.0,0.0,0.0,0.0,0.0,0.0,0.0,0.0,0.0,1.0
Escherichia coli 8e60340e-7bb8-11e9-a8d3-68b59976a384,562.99758,1.0,0.0,0.0,0.0,0.0,0.0,0.0,0.0,0.0,0.0
Escherichia coli 8e73812a-7bb9-11e9-a8d3-68b59976a384,562.99373,0.0,0.0,0.0,0.0,0.0,0.0,0.0,0.0,0.0,0.0
Escherichia coli 8e7b1b20-7bb8-11e9-a8d3-68b59976a384,562.9976,1.0,1.0,1.0,1.0,0.0,0.0,0.0,1.0,0.0,0.0
Escherichia coli 8e8e4866-7bb9-11e9-a8d3-68b59976a384,562.99632,1.0,1.0,0.0,1.0,1.0,0.0,0.0,0.0,0.0,1.0
Escherichia coli 8e95ebee-7bb8-11e9-a8d3-68b59976a384,562.10002,0.0,0.0,0.0,0.0,0.0,0.0,0.0,0.0,0.0,0.0
Escherichia coli 8ea9896e-7bb9-11e9-a8d3-68b59976a384,562.99633,1.0,1.0,1.0,1.0,1.0,1.0,0.0,0.0,0.0,0.0
Escherichia coli 8eb0b604-7bb8-11e9-a8d3-68b59976a384,562.98832,1.0,0.0,0.0,1.0,1.0,0.0,0.0,1.0,0.0,1.0
Escherichia coli 8ec44f88-7bb9-11e9-a8d3-68b59976a384,562.97842,0.0,,0.0,0.0,0.0,0.0,0.0,0.0,,0.0
Escherichia coli 8ecbf658-7bb8-11e9-a8d3-68b59976a384,562.99268,1.0,0.0,0.0,0.0,0.0,1.0,0.0,0.0,0.0,0.0
Escherichia coli 8ede6896-7bb9-11e9-a8d3-68b59976a384,562.98159,0.0,0.0,0.0,0.0,0.0,0.0,0.0,0.0,,0.0
Escherichia coli 8eef634a-7bb8-11e9-a8d3-68b59976a384,562.99267,1.0,0.0,0.0,0.0,0.0,1.0,0.0,1.0,0.0,1.0
Escherichia coli 8efb7e5e-7bb9-11e9-a8d3-68b59976a384,562.99156,0.0,0.0,0.0,0.0,1.0,0.0,0.0,0.0,0.0,0.0
Escherichia coli 8f08e6f8-7bb8-11e9-a8d3-68b59976a384,562.99513,1.0,0.0,0.0,0.0,0.0,0.0,0.0,1.0,0.0,1.0
Escherichia coli 8f171d9e-7bb9-11e9-a8d3-68b59976a384,562.99374,0.0,0.0,0.0,0.0,0.0,0.0,0.0,0.0,0.0,0.0
Escherichia coli 8f24e916-7bb8-11e9-a8d3-68b59976a384,562.99514,1.0,0.0,0.0,0.0,0.0,0.0,0.0,0.0,0.0,1.0
Escherichia coli 8f3f6674-7bb8-11e9-a8d3-68b59976a384,562.99761,0.0,0.0,0.0,0.0,0.0,0.0,0.0,0.0,0.0,0.0
Escherichia coli 8f65ad92-7bb9-11e9-a8d3-68b59976a384,562.99644,1.0,0.0,0.0,0.0,1.0,0.0,0.0,0.0,0.0,1.0
Escherichia coli 8f74c4ae-7bb8-11e9-a8d3-68b59976a384,562.100025,1.0,0.0,0.0,0.0,0.0,0.0,0.0,0.0,0.0,1.0
Escherichia coli 8f81cffe-7bb9-11e9-a8d3-68b59976a384,562.99592,0.0,0.0,0.0,0.0,0.0,0.0,0.0,0.0,0.0,0.0
Escherichia coli 8f8ee708-7bb8-11e9-a8d3-68b59976a384,562.9904,0.0,0.0,0.0,0.0,0.0,0.0,0.0,0.0,0.0,0.0
Escherichia coli 8f9ccdcc-7bb9-11e9-a8d3-68b59976a384,562.97786,0.0,,0.0,0.0,0.0,0.0,,0.0,,0.0
Escherichia coli 8fa923ca-7bb8-11e9-a8d3-68b59976a384,562.100026,0.0,0.0,0.0,0.0,0.0,0.0,0.0,0.0,0.0,0.0
Escherichia coli 8fb8a812-7bb9-11e9-a8d3-68b59976a384,562.9815,0.0,0.0,0.0,0.0,0.0,0.0,0.0,0.0,,0.0
Escherichia coli 8fc31262-7bb8-11e9-a8d3-68b59976a384,562.10031,1.0,0.0,0.0,0.0,0.0,0.0,0.0,0.0,0.0,1.0
Escherichia coli 8fd9a4a4-7bb9-11e9-a8d3-68b59976a384,562.99135,0.0,0.0,0.0,0.0,1.0,0.0,0.0,0.0,0.0,1.0
Escherichia coli 8fdc9f2a-7bb8-11e9-a8d3-68b59976a384,562.100312,0.0,0.0,0.0,0.0,0.0,0.0,0.0,0.0,0.0,0.0
Escherichia coli 8ff77cc8-7bb8-11e9-a8d3-68b59976a384,562.100313,1.0,0.0,0.0,0.0,0.0,0.0,0.0,0.0,0.0,1.0
Escherichia coli 9011d9f6-7bb8-11e9-a8d3-68b59976a384,562.100615,1.0,0.0,0.0,,0.0,0.0,0.0,0.0,0.0,1.0
Escherichia coli 902c1e10-7bb8-11e9-a8d3-68b59976a384,562.100614,1.0,1.0,1.0,,1.0,0.0,0.0,0.0,0.0,0.0
Escherichia coli 9046caee-7bb8-11e9-a8d3-68b59976a384,562.9826,0.0,0.0,0.0,0.0,0.0,0.0,0.0,0.0,,1.0
Escherichia coli 9047dcd0-7bb9-11e9-a8d3-68b59976a384,562.99635,0.0,0.0,0.0,0.0,0.0,0.0,0.0,0.0,0.0,0.0
Escherichia coli 906156c0-7bb8-11e9-a8d3-68b59976a384,562.99561,0.0,0.0,0.0,0.0,0.0,0.0,0.0,0.0,0.0,0.0
Escherichia coli 90627aae-7bb9-11e9-a8d3-68b59976a384,562.99636,1.0,0.0,0.0,0.0,0.0,0.0,0.0,0.0,0.0,1.0
Escherichia coli 907bf994-7bb8-11e9-a8d3-68b59976a384,562.100093,0.0,0.0,0.0,0.0,0.0,0.0,0.0,0.0,0.0,0.0
Escherichia coli 907dfe3c-7bb9-11e9-a8d3-68b59976a384,562.97845,0.0,,0.0,0.0,0.0,0.0,0.0,0.0,,0.0
Escherichia coli 9096f2a8-7bb8-11e9-a8d3-68b59976a384,562.100385,1.0,1.0,1.0,1.0,0.0,0.0,0.0,0.0,0.0,1.0
Escherichia coli 9099709a-7bb9-11e9-a8d3-68b59976a384,562.98157,0.0,0.0,0.0,0.0,0.0,0.0,0.0,0.0,,0.0
Escherichia coli 90b1bf20-7bb8-11e9-a8d3-68b59976a384,562.100389,1.0,0.0,0.0,0.0,1.0,0.0,0.0,1.0,0.0,1.0
Escherichia coli 90b53d7a-7bb9-11e9-a8d3-68b59976a384,562.99149,0.0,0.0,0.0,0.0,0.0,0.0,0.0,0.0,0.0,0.0
Escherichia coli 90cc36de-7bb8-11e9-a8d3-68b59976a384,562.100392,0.0,0.0,0.0,0.0,0.0,0.0,0.0,0.0,0.0,0.0
Escherichia coli 90d3718c-7bb9-11e9-a8d3-68b59976a384,562.99376,0.0,0.0,0.0,0.0,0.0,0.0,0.0,0.0,0.0,0.0
Escherichia coli 90e6d6a6-7bb8-11e9-a8d3-68b59976a384,562.100704,1.0,0.0,0.0,,1.0,1.0,0.0,0.0,0.0,1.0
Escherichia coli 90ee51c8-7bb9-11e9-a8d3-68b59976a384,562.99377,0.0,0.0,0.0,0.0,0.0,0.0,0.0,0.0,0.0,0.0
Escherichia coli 9101c3da-7bb8-11e9-a8d3-68b59976a384,562.10071,0.0,0.0,0.0,,0.0,0.0,0.0,0.0,0.0,0.0
Escherichia coli 91099fb4-7bb9-11e9-a8d3-68b59976a384,562.99382,0.0,0.0,0.0,0.0,0.0,0.0,0.0,0.0,0.0,0.0
Escherichia coli 911bad54-7bb8-11e9-a8d3-68b59976a384,562.98262,0.0,0.0,0.0,0.0,0.0,0.0,0.0,0.0,,0.0
Escherichia coli 9124688a-7bb9-11e9-a8d3-68b59976a384,562.9964,0.0,0.0,0.0,0.0,0.0,0.0,0.0,0.0,0.0,0.0
Escherichia coli 9136d2fa-7bb8-11e9-a8d3-68b59976a384,562.99564,0.0,0.0,0.0,0.0,0.0,0.0,0.0,0.0,0.0,0.0
Escherichia coli 913ff49c-7bb9-11e9-a8d3-68b59976a384,562.99642,1.0,1.0,1.0,1.0,1.0,0.0,0.0,0.0,0.0,1.0
Escherichia coli 9158c806-7bb8-11e9-a8d3-68b59976a384,562.100105,0.0,0.0,0.0,0.0,0.0,0.0,0.0,0.0,0.0,0.0
Escherichia coli 915c854e-7bb9-11e9-a8d3-68b59976a384,562.97841,1.0,,0.0,0.0,0.0,0.0,0.0,0.0,,0.0
Escherichia coli 9172d692-7bb8-11e9-a8d3-68b59976a384,562.100405,1.0,1.0,1.0,1.0,1.0,0.0,0.0,0.0,0.0,1.0
Escherichia coli 9178dae6-7bb9-11e9-a8d3-68b59976a384,562.98288,0.0,0.0,0.0,0.0,0.0,0.0,0.0,0.0,,0.0
Escherichia coli 918d1106-7bb8-11e9-a8d3-68b59976a384,562.100406,0.0,0.0,0.0,0.0,0.0,0.0,0.0,0.0,0.0,0.0
Escherichia coli 91949e70-7bb9-11e9-a8d3-68b59976a384,562.99155,1.0,0.0,0.0,0.0,0.0,0.0,0.0,1.0,0.0,0.0
Escherichia coli 91a7ad9a-7bb8-11e9-a8d3-68b59976a384,562.100746,1.0,0.0,0.0,,0.0,0.0,0.0,0.0,0.0,0.0
Escherichia coli 91b1e908-7bb9-11e9-a8d3-68b59976a384,562.99392,0.0,0.0,0.0,0.0,0.0,0.0,0.0,0.0,0.0,0.0
Escherichia coli 91c553ea-7bb8-11e9-a8d3-68b59976a384,562.100749,1.0,0.0,1.0,,0.0,0.0,0.0,1.0,0.0,0.0
Escherichia coli 91cfde40-7bb9-11e9-a8d3-68b59976a384,562.99393,0.0,0.0,0.0,0.0,0.0,0.0,0.0,0.0,0.0,0.0
Escherichia coli 91dff98e-7bb8-11e9-a8d3-68b59976a384,562.100751,1.0,1.0,1.0,,1.0,1.0,0.0,1.0,0.0,1.0
Escherichia coli 91eb48b0-7bb9-11e9-a8d3-68b59976a384,562.9965,0.0,0.0,0.0,0.0,0.0,0.0,0.0,0.0,0.0,0.0
Escherichia coli 91fa7b7e-7bb8-11e9-a8d3-68b59976a384,562.98267,1.0,1.0,0.0,0.0,0.0,1.0,1.0,0.0,,0.0
Escherichia coli 9208405a-7bb9-11e9-a8d3-68b59976a384,562.99587,0.0,0.0,0.0,0.0,0.0,0.0,0.0,0.0,0.0,0.0
Escherichia coli 921523ac-7bb8-11e9-a8d3-68b59976a384,562.99566,0.0,0.0,0.0,0.0,0.0,0.0,0.0,0.0,0.0,0.0
Escherichia coli 9225bd24-7bb9-11e9-a8d3-68b59976a384,562.99589,1.0,0.0,0.0,0.0,0.0,0.0,0.0,0.0,0.0,0.0
Escherichia coli 922fa3c6-7bb8-11e9-a8d3-68b59976a384,562.100108,0.0,0.0,0.0,0.0,0.0,0.0,0.0,0.0,0.0,0.0
Escherichia coli 9247060a-7bb9-11e9-a8d3-68b59976a384,562.98139,0.0,0.0,0.0,0.0,0.0,0.0,0.0,0.0,,0.0
Escherichia coli 92498ed0-7bb8-11e9-a8d3-68b59976a384,562.100407,0.0,0.0,0.0,0.0,0.0,0.0,0.0,0.0,0.0,0.0
Escherichia coli 92641250-7bb8-11e9-a8d3-68b59976a384,562.100414,1.0,0.0,0.0,0.0,1.0,0.0,0.0,0.0,0.0,0.0
Escherichia coli 926589ea-7bb9-11e9-a8d3-68b59976a384,562.98269,1.0,0.0,0.0,0.0,0.0,0.0,0.0,0.0,,0.0
Escherichia coli 927ded38-7bb8-11e9-a8d3-68b59976a384,562.100758,0.0,0.0,0.0,,0.0,0.0,0.0,0.0,0.0,0.0
Escherichia coli 92996c16-7bb8-11e9-a8d3-68b59976a384,562.100762,0.0,0.0,0.0,,0.0,0.0,0.0,0.0,0.0,0.0
Escherichia coli 92a02a5a-7bb9-11e9-a8d3-68b59976a384,562.99328,0.0,1.0,0.0,0.0,0.0,0.0,0.0,0.0,0.0,0.0
Escherichia coli 92b60484-7bb8-11e9-a8d3-68b59976a384,562.100763,1.0,0.0,0.0,,0.0,0.0,0.0,0.0,0.0,0.0
Escherichia coli 92bb44a2-7bb9-11e9-a8d3-68b59976a384,562.99332,1.0,0.0,0.0,0.0,1.0,1.0,0.0,1.0,0.0,1.0
Escherichia coli 92d05aa0-7bb8-11e9-a8d3-68b59976a384,562.98213,0.0,0.0,0.0,0.0,0.0,0.0,0.0,0.0,,0.0
Escherichia coli 92eafa40-7bb8-11e9-a8d3-68b59976a384,562.99825,1.0,0.0,0.0,0.0,1.0,0.0,0.0,0.0,0.0,0.0
Escherichia coli 92f2b5cc-7bb9-11e9-a8d3-68b59976a384,562.99595,0.0,0.0,0.0,0.0,0.0,0.0,0.0,0.0,0.0,0.0
Escherichia coli 930d7700-7bb8-11e9-a8d3-68b59976a384,562.100011,1.0,0.0,0.0,0.0,0.0,0.0,0.0,0.0,0.0,0.0
Escherichia coli 930e0336-7bb9-11e9-a8d3-68b59976a384,562.97791,0.0,,0.0,0.0,0.0,0.0,0.0,0.0,,0.0
Escherichia coli 932743f6-7bb8-11e9-a8d3-68b59976a384,562.100415,0.0,0.0,0.0,0.0,0.0,0.0,0.0,0.0,0.0,0.0
Escherichia coli 9329eaf6-7bb9-11e9-a8d3-68b59976a384,562.98147,1.0,0.0,0.0,0.0,1.0,0.0,0.0,0.0,,1.0
Escherichia coli 93410868-7bb8-11e9-a8d3-68b59976a384,562.10038,0.0,0.0,0.0,0.0,0.0,0.0,0.0,0.0,0.0,0.0
Escherichia coli 9345aba6-7bb9-11e9-a8d3-68b59976a384,562.98271,0.0,0.0,0.0,0.0,0.0,0.0,0.0,0.0,,1.0
Escherichia coli 935b4584-7bb8-11e9-a8d3-68b59976a384,562.100648,0.0,0.0,0.0,,0.0,0.0,0.0,0.0,0.0,0.0
Escherichia coli 936100cc-7bb9-11e9-a8d3-68b59976a384,562.99129,1.0,0.0,0.0,0.0,1.0,0.0,0.0,0.0,0.0,1.0
Escherichia coli 9375c6b6-7bb8-11e9-a8d3-68b59976a384,562.100651,0.0,0.0,0.0,,0.0,0.0,0.0,0.0,0.0,0.0
Escherichia coli 937d0286-7bb9-11e9-a8d3-68b59976a384,562.99346,1.0,0.0,0.0,0.0,0.0,1.0,0.0,0.0,0.0,1.0
Escherichia coli 9390eaea-7bb8-11e9-a8d3-68b59976a384,562.100655,1.0,0.0,0.0,,0.0,0.0,0.0,0.0,0.0,1.0
Escherichia coli 9397783c-7bb9-11e9-a8d3-68b59976a384,562.99354,1.0,0.0,0.0,0.0,0.0,0.0,0.0,0.0,0.0,1.0
Escherichia coli 93abc37e-7bb8-11e9-a8d3-68b59976a384,562.98401,1.0,1.0,1.0,1.0,0.0,0.0,0.0,0.0,,1.0
Escherichia coli 93b36952-7bb9-11e9-a8d3-68b59976a384,562.99602,1.0,0.0,0.0,0.0,0.0,0.0,0.0,0.0,0.0,1.0
Escherichia coli 93c6518a-7bb8-11e9-a8d3-68b59976a384,562.99815,0.0,0.0,0.0,0.0,0.0,0.0,0.0,0.0,0.0,0.0
Escherichia coli 93ce6946-7bb9-11e9-a8d3-68b59976a384,562.99601,1.0,0.0,0.0,0.0,1.0,1.0,0.0,0.0,0.0,1.0
Escherichia coli 93e0c7b8-7bb8-11e9-a8d3-68b59976a384,562.100095,0.0,0.0,0.0,0.0,0.0,0.0,0.0,0.0,0.0,0.0
Escherichia coli 93fe529c-7bb8-11e9-a8d3-68b59976a384,562.100381,1.0,0.0,0.0,0.0,0.0,0.0,0.0,0.0,0.0,0.0
Escherichia coli 94055668-7bb9-11e9-a8d3-68b59976a384,562.98149,1.0,0.0,0.0,0.0,0.0,0.0,0.0,0.0,,0.0
Escherichia coli 9419395e-7bb8-11e9-a8d3-68b59976a384,562.100383,0.0,0.0,0.0,0.0,0.0,0.0,0.0,0.0,0.0,0.0
Escherichia coli 9424ce8a-7bb9-11e9-a8d3-68b59976a384,562.98275,0.0,0.0,0.0,0.0,0.0,0.0,0.0,0.0,,0.0
Escherichia coli 943a6584-7bb8-11e9-a8d3-68b59976a384,562.100663,0.0,0.0,0.0,,0.0,0.0,0.0,0.0,0.0,0.0
Escherichia coli 94416964-7bb9-11e9-a8d3-68b59976a384,562.99133,1.0,0.0,0.0,0.0,0.0,0.0,0.0,0.0,0.0,1.0
Escherichia coli 94547cf8-7bb8-11e9-a8d3-68b59976a384,562.100658,0.0,0.0,0.0,,0.0,0.0,0.0,0.0,0.0,0.0
Escherichia coli 946eac54-7bb8-11e9-a8d3-68b59976a384,562.100665,1.0,1.0,1.0,,1.0,0.0,0.0,0.0,0.0,0.0
Escherichia coli 9488a6ea-7bb8-11e9-a8d3-68b59976a384,562.98404,0.0,0.0,0.0,0.0,0.0,0.0,0.0,0.0,,0.0
Escherichia coli 9496e86c-7bb9-11e9-a8d3-68b59976a384,562.99609,0.0,0.0,0.0,0.0,0.0,0.0,0.0,0.0,0.0,0.0
Escherichia coli 94a393b0-7bb8-11e9-a8d3-68b59976a384,562.100098,0.0,0.0,0.0,0.0,0.0,0.0,0.0,0.0,0.0,0.0
Escherichia coli 94b3f498-7bb9-11e9-a8d3-68b59976a384,562.9961,1.0,0.0,0.0,1.0,0.0,0.0,0.0,0.0,0.0,1.0
Escherichia coli 94bee76e-7bb8-11e9-a8d3-68b59976a384,562.100096,0.0,0.0,0.0,0.0,0.0,0.0,0.0,0.0,0.0,0.0
Escherichia coli 94d05de0-7bb9-11e9-a8d3-68b59976a384,562.97844,0.0,,0.0,0.0,0.0,0.0,0.0,0.0,,0.0
Escherichia coli 94d8cea4-7bb8-11e9-a8d3-68b59976a384,562.100386,1.0,0.0,0.0,0.0,0.0,0.0,0.0,0.0,0.0,0.0
Escherichia coli 94ec21ec-7bb9-11e9-a8d3-68b59976a384,562.98152,1.0,0.0,0.0,0.0,0.0,0.0,0.0,0.0,,1.0
Escherichia coli 94f2890c-7bb8-11e9-a8d3-68b59976a384,562.100388,1.0,0.0,0.0,0.0,0.0,0.0,0.0,0.0,0.0,1.0
Escherichia coli 95096428-7bb9-11e9-a8d3-68b59976a384,562.98274,0.0,0.0,0.0,0.0,0.0,0.0,0.0,0.0,,0.0
Escherichia coli 950c48f6-7bb8-11e9-a8d3-68b59976a384,562.100667,1.0,0.0,0.0,,0.0,0.0,0.0,0.0,0.0,0.0
Escherichia coli 952569ca-7bb9-11e9-a8d3-68b59976a384,562.99138,1.0,0.0,0.0,0.0,0.0,0.0,0.0,0.0,0.0,1.0
Escherichia coli 953138be-7bb8-11e9-a8d3-68b59976a384,562.100682,0.0,0.0,0.0,,0.0,0.0,0.0,0.0,0.0,0.0
Escherichia coli 954b8ca0-7bb8-11e9-a8d3-68b59976a384,562.10068,1.0,1.0,1.0,,1.0,1.0,0.0,0.0,0.0,1.0
Escherichia coli 95660800-7bb8-11e9-a8d3-68b59976a384,562.98402,0.0,0.0,0.0,0.0,0.0,0.0,0.0,0.0,,0.0
Escherichia coli 9580dafe-7bb8-11e9-a8d3-68b59976a384,562.1001,1.0,0.0,0.0,0.0,0.0,1.0,0.0,0.0,0.0,1.0
Escherichia coli 958b466e-7bb9-11e9-a8d3-68b59976a384,562.99614,0.0,0.0,0.0,0.0,0.0,0.0,0.0,0.0,0.0,1.0
Escherichia coli 959c741c-7bb8-11e9-a8d3-68b59976a384,562.100099,0.0,0.0,0.0,0.0,0.0,0.0,0.0,0.0,0.0,0.0
Escherichia coli 95a96c66-7bb9-11e9-a8d3-68b59976a384,562.99615,0.0,0.0,0.0,0.0,0.0,0.0,0.0,0.0,0.0,0.0
Escherichia coli 95b676c8-7bb8-11e9-a8d3-68b59976a384,562.10039,0.0,0.0,0.0,0.0,0.0,0.0,0.0,0.0,0.0,0.0
Escherichia coli 95c55ab6-7bb9-11e9-a8d3-68b59976a384,562.97838,0.0,,0.0,0.0,0.0,0.0,0.0,0.0,,0.0
Escherichia coli 95d0e076-7bb8-11e9-a8d3-68b59976a384,562.100393,0.0,0.0,0.0,0.0,0.0,0.0,0.0,0.0,0.0,0.0
Escherichia coli 95e0c7b0-7bb9-11e9-a8d3-68b59976a384,562.98153,0.0,0.0,0.0,0.0,0.0,0.0,0.0,0.0,,0.0
Escherichia coli 95ea5678-7bb8-11e9-a8d3-68b59976a384,562.100683,1.0,1.0,1.0,,0.0,0.0,0.0,1.0,0.0,1.0
Escherichia coli 95fc6182-7bb9-11e9-a8d3-68b59976a384,562.98282,0.0,0.0,0.0,0.0,0.0,0.0,0.0,0.0,,1.0
Escherichia coli 9604128e-7bb8-11e9-a8d3-68b59976a384,562.100685,0.0,0.0,0.0,,0.0,0.0,0.0,0.0,0.0,0.0
Escherichia coli 96179c0e-7bb9-11e9-a8d3-68b59976a384,562.98276,0.0,0.0,0.0,0.0,0.0,0.0,0.0,0.0,,0.0
Escherichia coli 961e9aaa-7bb8-11e9-a8d3-68b59976a384,562.100689,0.0,0.0,0.0,,0.0,0.0,0.0,0.0,0.0,0.0
Escherichia coli 9632d456-7bb9-11e9-a8d3-68b59976a384,562.98409,0.0,0.0,0.0,0.0,0.0,0.0,0.0,0.0,,0.0
Escherichia coli 96392064-7bb8-11e9-a8d3-68b59976a384,562.98403,1.0,0.0,0.0,0.0,0.0,0.0,0.0,0.0,,0.0
Escherichia coli 964d9016-7bb9-11e9-a8d3-68b59976a384,562.98408,0.0,0.0,0.0,0.0,0.0,0.0,0.0,0.0,,0.0
Escherichia coli 9653a56a-7bb8-11e9-a8d3-68b59976a384,562.100102,0.0,0.0,0.0,0.0,0.0,0.0,0.0,0.0,0.0,0.0
Escherichia coli 966e6148-7bb8-11e9-a8d3-68b59976a384,562.100101,0.0,0.0,0.0,0.0,0.0,0.0,0.0,0.0,0.0,0.0
Escherichia coli 9684c66c-7bb9-11e9-a8d3-68b59976a384,562.98555,0.0,0.0,0.0,0.0,0.0,0.0,,0.0,0.0,0.0
Escherichia coli 9689f1ba-7bb8-11e9-a8d3-68b59976a384,562.100394,0.0,0.0,0.0,0.0,1.0,0.0,0.0,0.0,0.0,0.0
Escherichia coli 96a07362-7bb9-11e9-a8d3-68b59976a384,562.98749,0.0,0.0,0.0,0.0,0.0,0.0,0.0,0.0,0.0,0.0
Escherichia coli 96a59e10-7bb8-11e9-a8d3-68b59976a384,562.100396,1.0,0.0,0.0,0.0,1.0,0.0,0.0,0.0,0.0,0.0
Escherichia coli 96bbbeb0-7bb9-11e9-a8d3-68b59976a384,562.98747,1.0,0.0,0.0,0.0,1.0,0.0,0.0,0.0,0.0,0.0
Escherichia coli 96c24254-7bb8-11e9-a8d3-68b59976a384,562.100698,1.0,0.0,0.0,,0.0,0.0,0.0,0.0,0.0,1.0
Escherichia coli 96d736e0-7bb9-11e9-a8d3-68b59976a384,562.98934,1.0,0.0,0.0,0.0,0.0,0.0,0.0,0.0,0.0,1.0
Escherichia coli 96e51004-7bb8-11e9-a8d3-68b59976a384,562.100701,0.0,0.0,0.0,,0.0,0.0,0.0,0.0,0.0,0.0
Escherichia coli 96f2aa56-7bb9-11e9-a8d3-68b59976a384,562.98277,1.0,0.0,0.0,0.0,0.0,0.0,0.0,0.0,,0.0
Escherichia coli 9700b17e-7bb8-11e9-a8d3-68b59976a384,562.100699,0.0,0.0,0.0,,0.0,0.0,0.0,0.0,0.0,0.0
Escherichia coli 9703,562.11511,,,,,1.0,1.0,0.0,,0.0,
Escherichia coli 970e1caa-7bb9-11e9-a8d3-68b59976a384,562.98406,1.0,0.0,0.0,0.0,1.0,0.0,0.0,0.0,,1.0
Escherichia coli 971b97c8-7bb8-11e9-a8d3-68b59976a384,562.98542,1.0,0.0,0.0,0.0,1.0,1.0,,0.0,0.0,1.0
Escherichia coli 972954a2-7bb9-11e9-a8d3-68b59976a384,562.98412,1.0,0.0,0.0,0.0,0.0,0.0,0.0,0.0,,1.0
Escherichia coli 973918c0-7bb8-11e9-a8d3-68b59976a384,562.100397,0.0,0.0,0.0,0.0,0.0,0.0,0.0,0.0,0.0,0.0
Escherichia coli 97452498-7bb9-11e9-a8d3-68b59976a384,562.98558,0.0,0.0,0.0,0.0,0.0,0.0,,0.0,0.0,1.0
Escherichia coli 9754ba08-7bb8-11e9-a8d3-68b59976a384,562.100398,0.0,0.0,0.0,0.0,0.0,0.0,0.0,0.0,0.0,0.0
Escherichia coli 9760a3a8-7bb9-11e9-a8d3-68b59976a384,562.98556,1.0,0.0,0.0,0.0,0.0,0.0,,0.0,0.0,1.0
Escherichia coli 9771b7ca-7bb8-11e9-a8d3-68b59976a384,562.100399,0.0,0.0,0.0,0.0,0.0,0.0,0.0,0.0,0.0,0.0
Escherichia coli 977c6318-7bb9-11e9-a8d3-68b59976a384,562.98748,0.0,0.0,0.0,0.0,0.0,0.0,0.0,0.0,0.0,0.0
Escherichia coli 9793,562.115108,,,,,0.0,0.0,1.0,,0.0,
Escherichia coli 9794f7f8-7bb8-11e9-a8d3-68b59976a384,562.100401,1.0,0.0,0.0,0.0,1.0,0.0,0.0,0.0,0.0,0.0
Escherichia coli 979869e6-7bb9-11e9-a8d3-68b59976a384,562.98752,0.0,0.0,0.0,0.0,0.0,0.0,0.0,0.0,0.0,0.0
Escherichia coli 97b4129a-7bb9-11e9-a8d3-68b59976a384,562.98958,0.0,0.0,0.0,0.0,0.0,0.0,0.0,0.0,0.0,0.0
Escherichia coli 97b41d86-7bb8-11e9-a8d3-68b59976a384,562.100707,1.0,0.0,0.0,,1.0,0.0,0.0,0.0,0.0,1.0
Escherichia coli 97d0bcec-7bb9-11e9-a8d3-68b59976a384,562.9828,1.0,0.0,0.0,0.0,0.0,0.0,0.0,0.0,,0.0
Escherichia coli 97d10c2a-7bb8-11e9-a8d3-68b59976a384,562.100711,0.0,0.0,0.0,,0.0,0.0,0.0,0.0,0.0,0.0
Escherichia coli 97eb9ea4-7bb9-11e9-a8d3-68b59976a384,562.98411,0.0,0.0,0.0,0.0,0.0,0.0,0.0,0.0,,0.0
Escherichia coli 97ec497c-7bb8-11e9-a8d3-68b59976a384,562.98011,0.0,0.0,0.0,,0.0,0.0,0.0,0.0,,0.0
Escherichia coli 98074992-7bb9-11e9-a8d3-68b59976a384,562.98413,0.0,0.0,0.0,0.0,0.0,0.0,0.0,0.0,,0.0
Escherichia coli 98086652-7bb8-11e9-a8d3-68b59976a384,562.99085,1.0,0.0,0.0,1.0,0.0,0.0,0.0,0.0,0.0,0.0
Escherichia coli 98223ac2-7bb9-11e9-a8d3-68b59976a384,562.98559,0.0,0.0,0.0,0.0,0.0,0.0,,0.0,0.0,0.0
Escherichia coli 9823ef76-7bb8-11e9-a8d3-68b59976a384,562.1004,0.0,0.0,0.0,0.0,0.0,0.0,0.0,0.0,0.0,0.0
Escherichia coli 983d204e-7bb9-11e9-a8d3-68b59976a384,562.98563,0.0,0.0,0.0,0.0,0.0,0.0,,0.0,0.0,1.0
Escherichia coli 983fb58a-7bb8-11e9-a8d3-68b59976a384,562.100402,0.0,0.0,0.0,0.0,0.0,0.0,0.0,0.0,0.0,0.0
Escherichia coli 9858f0e4-7bb9-11e9-a8d3-68b59976a384,562.98751,1.0,0.0,0.0,0.0,0.0,0.0,0.0,0.0,0.0,0.0
Escherichia coli 985bc554-7bb8-11e9-a8d3-68b59976a384,562.100403,0.0,0.0,0.0,0.0,0.0,0.0,0.0,0.0,0.0,0.0
Escherichia coli 9876dcf4-7bb8-11e9-a8d3-68b59976a384,562.100408,1.0,0.0,0.0,0.0,0.0,0.0,0.0,1.0,0.0,1.0
Escherichia coli 9878269e-7bb9-11e9-a8d3-68b59976a384,562.98756,0.0,0.0,0.0,0.0,0.0,0.0,0.0,0.0,0.0,0.0
Escherichia coli 9894117e-7bb9-11e9-a8d3-68b59976a384,562.98961,1.0,0.0,0.0,0.0,1.0,1.0,0.0,0.0,0.0,0.0
Escherichia coli 98948d12-7bb8-11e9-a8d3-68b59976a384,562.100719,1.0,0.0,0.0,,1.0,0.0,0.0,0.0,0.0,0.0
Escherichia coli 98af624a-7bb8-11e9-a8d3-68b59976a384,562.100722,0.0,0.0,0.0,,0.0,0.0,0.0,0.0,0.0,0.0
Escherichia coli 98b0376e-7bb9-11e9-a8d3-68b59976a384,562.98273,0.0,0.0,0.0,0.0,0.0,0.0,0.0,0.0,,0.0
Escherichia coli 98c9b488-7bb8-11e9-a8d3-68b59976a384,562.98134,0.0,0.0,0.0,0.0,0.0,0.0,0.0,0.0,,0.0
Escherichia coli 98cd2964-7bb9-11e9-a8d3-68b59976a384,562.98415,0.0,0.0,0.0,0.0,0.0,0.0,0.0,0.0,,0.0
Escherichia coli 98e4536a-7bb8-11e9-a8d3-68b59976a384,562.99313,0.0,0.0,0.0,0.0,0.0,0.0,0.0,0.0,0.0,1.0
Escherichia coli 98e88678-7bb9-11e9-a8d3-68b59976a384,562.98414,0.0,0.0,0.0,0.0,0.0,0.0,0.0,0.0,,0.0
Escherichia coli 98ff30b8-7bb8-11e9-a8d3-68b59976a384,562.100724,1.0,0.0,0.0,,0.0,0.0,0.0,0.0,0.0,1.0
Escherichia coli 99034bb6-7bb9-11e9-a8d3-68b59976a384,562.98564,0.0,0.0,0.0,0.0,0.0,0.0,,0.0,0.0,0.0
Escherichia coli 99192bee-7bb8-11e9-a8d3-68b59976a384,562.10041,1.0,0.0,0.0,0.0,0.0,0.0,0.0,0.0,0.0,1.0
Escherichia coli 991f3b1e-7bb9-11e9-a8d3-68b59976a384,562.98561,1.0,1.0,1.0,1.0,1.0,0.0,,0.0,0.0,0.0
Escherichia coli 9933bdf6-7bb8-11e9-a8d3-68b59976a384,562.100409,1.0,0.0,0.0,0.0,0.0,0.0,0.0,0.0,0.0,1.0
Escherichia coli 993ba3d0-7bb9-11e9-a8d3-68b59976a384,562.98758,0.0,0.0,0.0,0.0,0.0,0.0,0.0,0.0,0.0,0.0
Escherichia coli 994e9d38-7bb8-11e9-a8d3-68b59976a384,562.100411,0.0,0.0,0.0,0.0,0.0,0.0,0.0,0.0,0.0,0.0
Escherichia coli 99590e2a-7bb9-11e9-a8d3-68b59976a384,562.98764,0.0,0.0,0.0,0.0,0.0,0.0,0.0,0.0,0.0,0.0
Escherichia coli 996a1112-7bb8-11e9-a8d3-68b59976a384,562.100729,1.0,0.0,0.0,,1.0,0.0,0.0,0.0,0.0,1.0
Escherichia coli 99769e40-7bb9-11e9-a8d3-68b59976a384,562.98964,0.0,0.0,0.0,0.0,0.0,0.0,0.0,0.0,0.0,0.0
Escherichia coli 998ba19c-7bb8-11e9-a8d3-68b59976a384,562.100611,0.0,0.0,0.0,,0.0,0.0,0.0,0.0,0.0,0.0
Escherichia coli 9991825a-7bb9-11e9-a8d3-68b59976a384,562.98281,0.0,0.0,0.0,0.0,0.0,0.0,0.0,0.0,,0.0
Escherichia coli 99a5fdd0-7bb8-11e9-a8d3-68b59976a384,562.98144,0.0,0.0,0.0,0.0,0.0,0.0,0.0,0.0,,0.0
Escherichia coli 99aee782-7bb9-11e9-a8d3-68b59976a384,562.98417,1.0,0.0,0.0,0.0,1.0,1.0,0.0,0.0,,1.0
Escherichia coli 99c39c0a-7bb8-11e9-a8d3-68b59976a384,562.99312,0.0,0.0,0.0,0.0,0.0,0.0,0.0,0.0,0.0,0.0
Escherichia coli 99cca150-7bb9-11e9-a8d3-68b59976a384,562.98422,0.0,0.0,0.0,0.0,0.0,0.0,0.0,0.0,,0.0
Escherichia coli 99dd60fe-7bb8-11e9-a8d3-68b59976a384,562.100733,0.0,0.0,0.0,,0.0,0.0,0.0,0.0,0.0,0.0
Escherichia coli 99e89b76-7bb9-11e9-a8d3-68b59976a384,562.98586,0.0,0.0,0.0,0.0,0.0,0.0,,0.0,0.0,0.0
Escherichia coli 99f89356-7bb8-11e9-a8d3-68b59976a384,562.98727,1.0,0.0,0.0,0.0,1.0,0.0,0.0,0.0,0.0,0.0
Escherichia coli 9a044646-7bb9-11e9-a8d3-68b59976a384,562.98639,0.0,0.0,0.0,0.0,0.0,0.0,,0.0,0.0,0.0
Escherichia coli 9a139480-7bb8-11e9-a8d3-68b59976a384,562.97894,0.0,,0.0,0.0,0.0,0.0,0.0,0.0,,1.0
Escherichia coli 9a269cfa-7bb9-11e9-a8d3-68b59976a384,562.98829,0.0,0.0,0.0,0.0,0.0,0.0,0.0,0.0,0.0,0.0
Escherichia coli 9a2f3294-7bb8-11e9-a8d3-68b59976a384,562.9802,0.0,0.0,0.0,,0.0,0.0,0.0,0.0,,0.0
Escherichia coli 9a4636b4-7bb9-11e9-a8d3-68b59976a384,562.98795,1.0,0.0,0.0,0.0,0.0,0.0,0.0,0.0,0.0,1.0
Escherichia coli 9a4aedf4-7bb8-11e9-a8d3-68b59976a384,562.100736,0.0,0.0,0.0,,0.0,0.0,0.0,0.0,0.0,0.0
Escherichia coli 9a664a40-7bb8-11e9-a8d3-68b59976a384,562.100612,1.0,0.0,0.0,,0.0,0.0,0.0,0.0,0.0,1.0
Escherichia coli 9a817824-7bb8-11e9-a8d3-68b59976a384,562.100737,0.0,0.0,0.0,,0.0,0.0,0.0,0.0,0.0,0.0
Escherichia coli 9a831bec-7bb9-11e9-a8d3-68b59976a384,562.98464,0.0,0.0,0.0,0.0,0.0,0.0,0.0,0.0,,0.0
Escherichia coli 9a9cf536-7bb8-11e9-a8d3-68b59976a384,562.100738,0.0,0.0,0.0,,0.0,0.0,0.0,0.0,0.0,0.0
Escherichia coli 9aa2a322-7bb9-11e9-a8d3-68b59976a384,562.98456,1.0,0.0,0.0,0.0,0.0,0.0,0.0,0.0,,0.0
Escherichia coli 9aba6940-7bb8-11e9-a8d3-68b59976a384,562.100739,0.0,0.0,0.0,,0.0,0.0,0.0,0.0,0.0,0.0
Escherichia coli 9ac1202c-7bb9-11e9-a8d3-68b59976a384,562.98621,0.0,0.0,0.0,0.0,0.0,0.0,,0.0,0.0,0.0
Escherichia coli 9ad51c68-7bb8-11e9-a8d3-68b59976a384,562.98914,1.0,0.0,0.0,0.0,1.0,1.0,0.0,0.0,0.0,1.0
Escherichia coli 9adc9316-7bb9-11e9-a8d3-68b59976a384,562.98631,0.0,0.0,0.0,0.0,0.0,0.0,,0.0,0.0,0.0
Escherichia coli 9aef0ae2-7bb8-11e9-a8d3-68b59976a384,562.97903,0.0,,0.0,0.0,0.0,0.0,0.0,0.0,,1.0
Escherichia coli 9afa8448-7bb9-11e9-a8d3-68b59976a384,562.98635,0.0,0.0,0.0,0.0,0.0,0.0,,0.0,0.0,0.0
Escherichia coli 9b09c080-7bb8-11e9-a8d3-68b59976a384,562.98004,0.0,0.0,0.0,,0.0,0.0,0.0,0.0,,0.0
Escherichia coli 9b17f1ae-7bb9-11e9-a8d3-68b59976a384,562.98819,0.0,0.0,0.0,0.0,0.0,0.0,0.0,0.0,0.0,0.0
Escherichia coli 9b247db2-7bb8-11e9-a8d3-68b59976a384,562.100742,1.0,1.0,1.0,,1.0,0.0,0.0,0.0,0.0,1.0
Escherichia coli 9b3a9c68-7bb9-11e9-a8d3-68b59976a384,562.98821,0.0,0.0,0.0,0.0,0.0,0.0,0.0,0.0,0.0,0.0
Escherichia coli 9b45e736-7bb8-11e9-a8d3-68b59976a384,562.100764,0.0,0.0,0.0,,0.0,0.0,0.0,0.0,0.0,0.0
Escherichia coli 9b607646-7bb8-11e9-a8d3-68b59976a384,562.100657,1.0,0.0,0.0,,0.0,0.0,0.0,0.0,0.0,0.0
Escherichia coli 9b73bc0a-7bb9-11e9-a8d3-68b59976a384,562.98469,1.0,0.0,0.0,0.0,0.0,0.0,0.0,0.0,,1.0
Escherichia coli 9b7bb14a-7bb8-11e9-a8d3-68b59976a384,562.100668,0.0,0.0,0.0,,0.0,0.0,0.0,0.0,0.0,0.0
Escherichia coli 9b9138ca-7bb9-11e9-a8d3-68b59976a384,562.98472,0.0,0.0,0.0,0.0,0.0,0.0,0.0,0.0,,0.0
Escherichia coli 9b985cc8-7bb8-11e9-a8d3-68b59976a384,562.100687,0.0,0.0,0.0,,0.0,0.0,0.0,0.0,0.0,0.0
Escherichia coli 9bad7f80-7bb9-11e9-a8d3-68b59976a384,562.98619,0.0,0.0,0.0,0.0,0.0,0.0,,0.0,0.0,1.0
Escherichia coli 9bb382d2-7bb8-11e9-a8d3-68b59976a384,562.98923,1.0,0.0,0.0,0.0,0.0,0.0,0.0,0.0,0.0,1.0
Escherichia coli 9bc97e88-7bb9-11e9-a8d3-68b59976a384,562.98634,1.0,0.0,0.0,0.0,1.0,0.0,,0.0,0.0,1.0
Escherichia coli 9bceecb6-7bb8-11e9-a8d3-68b59976a384,562.97898,1.0,,0.0,0.0,0.0,0.0,0.0,0.0,,1.0
Escherichia coli 9be8007e-7bb9-11e9-a8d3-68b59976a384,562.98633,1.0,0.0,0.0,0.0,0.0,0.0,,0.0,0.0,0.0
Escherichia coli 9bea90b0-7bb8-11e9-a8d3-68b59976a384,562.100726,0.0,0.0,0.0,,0.0,0.0,0.0,0.0,0.0,0.0
Escherichia coli 9c0cb122-7bb8-11e9-a8d3-68b59976a384,562.100735,0.0,0.0,0.0,,0.0,0.0,0.0,0.0,0.0,0.0
Escherichia coli 9c0fb628-7bb9-11e9-a8d3-68b59976a384,562.98826,1.0,0.0,0.0,0.0,1.0,1.0,0.0,0.0,0.0,0.0
Escherichia coli 9c2985d6-7bb8-11e9-a8d3-68b59976a384,562.100743,1.0,0.0,0.0,,0.0,0.0,0.0,0.0,0.0,0.0
Escherichia coli 9c2bc458-7bb9-11e9-a8d3-68b59976a384,562.98827,0.0,0.0,0.0,0.0,0.0,0.0,0.0,1.0,0.0,0.0
Escherichia coli 9c472ed8-7bb8-11e9-a8d3-68b59976a384,562.100745,0.0,0.0,0.0,,0.0,0.0,0.0,0.0,0.0,0.0
Escherichia coli 9c63b18e-7bb8-11e9-a8d3-68b59976a384,562.100744,1.0,0.0,0.0,,0.0,0.0,0.0,0.0,0.0,0.0
Escherichia coli 9c6a7856-7bb9-11e9-a8d3-68b59976a384,562.98478,0.0,0.0,0.0,0.0,0.0,0.0,0.0,0.0,,0.0
Escherichia coli 9c800df2-7bb8-11e9-a8d3-68b59976a384,562.100613,1.0,1.0,1.0,,1.0,0.0,0.0,1.0,0.0,1.0
Escherichia coli 9c8da8da-7bb9-11e9-a8d3-68b59976a384,562.98475,0.0,0.0,0.0,0.0,0.0,0.0,0.0,0.0,,0.0
Escherichia coli 9c9f4d16-7bb8-11e9-a8d3-68b59976a384,562.99086,0.0,0.0,0.0,0.0,0.0,0.0,0.0,0.0,0.0,0.0
Escherichia coli 9cb07da6-7bb9-11e9-a8d3-68b59976a384,562.98627,0.0,0.0,0.0,0.0,0.0,0.0,,0.0,0.0,0.0
Escherichia coli 9cbce164-7bb8-11e9-a8d3-68b59976a384,562.98019,0.0,0.0,0.0,,0.0,0.0,0.0,0.0,,0.0
Escherichia coli 9cd973e2-7bb8-11e9-a8d3-68b59976a384,562.10075,1.0,0.0,0.0,,0.0,0.0,0.0,0.0,0.0,1.0
Escherichia coli 9cdffd4c-7bb9-11e9-a8d3-68b59976a384,562.98625,1.0,0.0,0.0,0.0,0.0,0.0,,1.0,0.0,0.0
Escherichia coli 9cfbc442-7bb8-11e9-a8d3-68b59976a384,562.100753,0.0,0.0,0.0,,0.0,0.0,0.0,0.0,0.0,0.0
Escherichia coli 9d006faa-7bb9-11e9-a8d3-68b59976a384,562.98594,0.0,0.0,0.0,0.0,0.0,0.0,,0.0,0.0,0.0
Escherichia coli 9d182a88-7bb8-11e9-a8d3-68b59976a384,562.100756,1.0,0.0,0.0,,0.0,0.0,0.0,0.0,0.0,0.0
Escherichia coli 9d1df610-7bb9-11e9-a8d3-68b59976a384,562.98797,0.0,0.0,0.0,0.0,0.0,0.0,0.0,0.0,0.0,0.0
Escherichia coli 9d39c0de-7bb9-11e9-a8d3-68b59976a384,562.98799,0.0,0.0,0.0,0.0,0.0,0.0,0.0,0.0,0.0,0.0
Escherichia coli 9d40d01e-7bb8-11e9-a8d3-68b59976a384,562.100754,0.0,0.0,0.0,,0.0,0.0,0.0,0.0,0.0,0.0
Escherichia coli 9d5f4c7e-7bb8-11e9-a8d3-68b59976a384,562.100755,1.0,0.0,0.0,,1.0,1.0,0.0,0.0,0.0,1.0
Escherichia coli 9d70bb16-7bb9-11e9-a8d3-68b59976a384,562.98995,1.0,0.0,0.0,0.0,1.0,0.0,0.0,0.0,0.0,1.0
Escherichia coli 9d8376da-7bb8-11e9-a8d3-68b59976a384,562.100757,1.0,0.0,0.0,,1.0,0.0,0.0,0.0,0.0,0.0
Escherichia coli 9d9613ca-7bb9-11e9-a8d3-68b59976a384,562.9844,1.0,0.0,0.0,0.0,0.0,0.0,0.0,0.0,,0.0
Escherichia coli 9da83894-7bb8-11e9-a8d3-68b59976a384,562.97901,0.0,,0.0,0.0,0.0,0.0,0.0,0.0,,0.0
Escherichia coli 9dc00ee6-7bb9-11e9-a8d3-68b59976a384,562.98435,0.0,0.0,0.0,0.0,0.0,0.0,0.0,0.0,,0.0
Escherichia coli 9dce1f14-7bb8-11e9-a8d3-68b59976a384,562.98016,1.0,0.0,0.0,,0.0,0.0,0.0,0.0,,0.0
Escherichia coli 9de634c2-7bb9-11e9-a8d3-68b59976a384,562.98597,1.0,0.0,0.0,0.0,0.0,0.0,,0.0,0.0,1.0
Escherichia coli 9df1b000-7bb8-11e9-a8d3-68b59976a384,562.100761,0.0,0.0,0.0,,1.0,0.0,0.0,0.0,0.0,0.0
Escherichia coli 9e06c98a-7bb9-11e9-a8d3-68b59976a384,562.98601,0.0,0.0,0.0,0.0,0.0,0.0,,0.0,0.0,0.0
Escherichia coli 9e17cbdc-7bb8-11e9-a8d3-68b59976a384,562.10077,1.0,0.0,0.0,,0.0,0.0,0.0,0.0,0.0,0.0
Escherichia coli 9e2b926a-7bb9-11e9-a8d3-68b59976a384,562.98602,1.0,0.0,0.0,0.0,0.0,0.0,,0.0,0.0,0.0
Escherichia coli 9e3e4474-7bb8-11e9-a8d3-68b59976a384,562.100765,1.0,0.0,0.0,,0.0,0.0,0.0,0.0,0.0,0.0
Escherichia coli 9e4fa07e-7bb9-11e9-a8d3-68b59976a384,562.98796,1.0,1.0,1.0,1.0,1.0,1.0,0.0,0.0,0.0,0.0
Escherichia coli 9e6ad73c-7bb8-11e9-a8d3-68b59976a384,562.100649,0.0,0.0,0.0,,0.0,0.0,0.0,0.0,0.0,0.0
Escherichia coli 9e78b66c-7bb9-11e9-a8d3-68b59976a384,562.98801,1.0,0.0,0.0,0.0,0.0,0.0,0.0,0.0,0.0,1.0
Escherichia coli 9e935568-7bb8-11e9-a8d3-68b59976a384,562.100647,1.0,0.0,0.0,,0.0,0.0,0.0,0.0,0.0,0.0
Escherichia coli 9e9f37ba-7bb9-11e9-a8d3-68b59976a384,562.99021,1.0,0.0,0.0,0.0,0.0,0.0,0.0,0.0,0.0,0.0
Escherichia coli 9ebd2848-7bb8-11e9-a8d3-68b59976a384,562.10065,1.0,0.0,0.0,,1.0,0.0,0.0,0.0,0.0,0.0
Escherichia coli 9ec9743a-7bb9-11e9-a8d3-68b59976a384,562.98434,0.0,0.0,0.0,0.0,0.0,0.0,0.0,0.0,,0.0
Escherichia coli 9ee70244-7bb8-11e9-a8d3-68b59976a384,562.97876,0.0,,0.0,0.0,0.0,0.0,0.0,0.0,,1.0
Escherichia coli 9ee8b3a4-7bb9-11e9-a8d3-68b59976a384,562.98443,0.0,0.0,0.0,0.0,0.0,0.0,0.0,0.0,,1.0
Escherichia coli 9f10b17e-7bb9-11e9-a8d3-68b59976a384,562.98604,1.0,0.0,0.0,0.0,0.0,0.0,,0.0,0.0,1.0
Escherichia coli 9f158d58-7bb8-11e9-a8d3-68b59976a384,562.98005,0.0,0.0,0.0,,0.0,0.0,0.0,0.0,,0.0
Escherichia coli 9f2dedbc-7bb8-11e9-a8d3-68b59976a384,562.100654,0.0,0.0,0.0,,0.0,0.0,0.0,0.0,0.0,0.0
Escherichia coli 9f359228-7bb9-11e9-a8d3-68b59976a384,562.98603,0.0,0.0,0.0,0.0,0.0,0.0,,0.0,0.0,0.0
Escherichia coli 9f495bf6-7bb8-11e9-a8d3-68b59976a384,562.100653,0.0,0.0,0.0,,1.0,0.0,0.0,0.0,0.0,1.0
Escherichia coli 9f56feb8-7bb9-11e9-a8d3-68b59976a384,562.988,1.0,0.0,0.0,0.0,0.0,0.0,0.0,0.0,0.0,1.0
Escherichia coli 9f5d526e-7bb8-11e9-a8d3-68b59976a384,562.10066,1.0,0.0,0.0,,1.0,0.0,0.0,0.0,0.0,1.0
Escherichia coli 9f6e875a-7bb8-11e9-a8d3-68b59976a384,562.100664,0.0,0.0,0.0,,0.0,0.0,0.0,0.0,0.0,0.0
Escherichia coli 9f75d158-7bb9-11e9-a8d3-68b59976a384,562.98802,0.0,0.0,0.0,0.0,0.0,0.0,0.0,0.0,0.0,1.0
Escherichia coli 9f819714-7bb8-11e9-a8d3-68b59976a384,562.100662,1.0,0.0,0.0,,0.0,0.0,0.0,0.0,0.0,1.0
Escherichia coli 9f9193de-7bb9-11e9-a8d3-68b59976a384,562.98803,0.0,0.0,0.0,0.0,0.0,0.0,0.0,0.0,0.0,1.0
Escherichia coli 9f930062-7bb8-11e9-a8d3-68b59976a384,562.100659,0.0,0.0,0.0,,0.0,0.0,0.0,0.0,0.0,0.0
Escherichia coli 9fa66c10-7bb8-11e9-a8d3-68b59976a384,562.97877,0.0,,0.0,1.0,0.0,0.0,0.0,0.0,,0.0
Escherichia coli 9fac44f4-7bb9-11e9-a8d3-68b59976a384,562.99,1.0,0.0,0.0,0.0,0.0,0.0,0.0,0.0,0.0,1.0
Escherichia coli 9fb6fa9e-7bb8-11e9-a8d3-68b59976a384,562.98009,1.0,0.0,0.0,,0.0,0.0,0.0,0.0,,1.0
Escherichia coli 9fc77f40-7bb8-11e9-a8d3-68b59976a384,562.10067,1.0,0.0,0.0,,0.0,0.0,0.0,0.0,0.0,1.0
Escherichia coli 9fc8249e-7bb9-11e9-a8d3-68b59976a384,562.98448,0.0,0.0,0.0,0.0,0.0,0.0,0.0,0.0,,0.0
Escherichia coli 9fd97a42-7bb8-11e9-a8d3-68b59976a384,562.100669,1.0,0.0,0.0,,0.0,0.0,0.0,0.0,0.0,1.0
Escherichia coli 9fe46848-7bb9-11e9-a8d3-68b59976a384,562.98451,1.0,0.0,1.0,1.0,0.0,0.0,0.0,0.0,,0.0
Escherichia coli 9fff3b5a-7bb9-11e9-a8d3-68b59976a384,562.98616,1.0,0.0,0.0,0.0,0.0,0.0,,0.0,0.0,1.0
Escherichia coli A1160,562.115102,,,,,1.0,1.0,1.0,,0.0,
Escherichia coli A155,562.115109,,,,,1.0,0.0,1.0,,0.0,
Escherichia coli A1630,562.115107,,,,,1.0,0.0,1.0,,0.0,
Escherichia coli A2614,562.115103,,,,,1.0,0.0,0.0,,0.0,
Escherichia coli A3025,562.115101,,,,,1.0,0.0,1.0,,0.0,
Escherichia coli A3026,562.115106,,,,,1.0,0.0,1.0,,0.0,
Escherichia coli A3039,562.115105,,,,,1.0,0.0,1.0,,0.0,
Escherichia coli A3040,562.115104,,,,,0.0,1.0,1.0,,0.0,
Escherichia coli AGA06_2440,562.14538,0.0,,,,0.0,0.0,,,,0.0
Escherichia coli AGA06_2447,562.145381,1.0,,,,0.0,1.0,,,,0.0
Escherichia coli AGA06_2448,562.145378,1.0,,,,0.0,1.0,,,,0.0
Escherichia coli AGA06_2451,562.145379,1.0,,,,0.0,1.0,,,,0.0
Escherichia coli AGA06_2452,562.145383,1.0,,,,0.0,0.0,,,,0.0
Escherichia coli AGA06_2453,562.145384,1.0,,,,0.0,1.0,,,,0.0
Escherichia coli AGA06_2454,562.145385,1.0,,,,0.0,1.0,,,,0.0
Escherichia coli AGA06_2455,562.145387,1.0,,,,0.0,0.0,,,,0.0
Escherichia coli AGA06_2458,562.145388,1.0,,,,0.0,1.0,,,,0.0
Escherichia coli AGA06_2461,562.145386,1.0,,,,0.0,0.0,,,,0.0
Escherichia coli AGA06_2465,562.14539,1.0,,,,0.0,1.0,,,,0.0
Escherichia coli AGA06_2466,562.145389,1.0,,,,0.0,1.0,,,,0.0
Escherichia coli AGA06_2467,562.145391,1.0,,,,0.0,1.0,,,,0.0
Escherichia coli AGA06_2468,562.145392,1.0,,,,0.0,1.0,,,,0.0
Escherichia coli AGA06_2471,562.145393,1.0,,,,0.0,0.0,,,,0.0
Escherichia coli AGA06_2478,562.145394,1.0,,,,0.0,1.0,,,,0.0
Escherichia coli AGA06_2479,562.145396,1.0,,,,0.0,0.0,,,,0.0
Escherichia coli AGA06_2488,562.145397,1.0,,,,0.0,1.0,,,,0.0
Escherichia coli AGA06_2489,562.145395,1.0,,,,0.0,1.0,,,,0.0
Escherichia coli AGA06_2491,562.1454,1.0,,,,0.0,0.0,,,,0.0
Escherichia coli AGA06_2492,562.145398,1.0,,,,0.0,1.0,,,,0.0
Escherichia coli AGA06_2498,562.145399,1.0,,,,0.0,0.0,,,,0.0
Escherichia coli AGA06_2501,562.145401,0.0,,,,0.0,0.0,,,,0.0
Escherichia coli AGA06_2502,562.145403,1.0,,,,0.0,0.0,,,,1.0
Escherichia coli AGA06_2508,562.145402,1.0,,,,0.0,0.0,,,,0.0
Escherichia coli AGA06_2509,562.145405,1.0,,,,0.0,0.0,,,,0.0
Escherichia coli AGA06_2511,562.145404,1.0,,,,0.0,1.0,,,,1.0
Escherichia coli AGA06_2513,562.145406,1.0,,,,0.0,1.0,,,,0.0
Escherichia coli AGA06_2514,562.145408,1.0,,,,0.0,1.0,,,,1.0
Escherichia coli AGA06_2516,562.14541,1.0,,,,0.0,1.0,,,,0.0
Escherichia coli AGA06_2519,562.145409,1.0,,,,0.0,1.0,,,,0.0
Escherichia coli AGA06_2520,562.145407,1.0,,,,0.0,1.0,,,,1.0
Escherichia coli AGA06_2521,562.145411,1.0,,,,0.0,1.0,,,,0.0
Escherichia coli AGA06_2522,562.145412,1.0,,,,0.0,1.0,,,,0.0
Escherichia coli AGA06_2523,562.145415,1.0,,,,0.0,1.0,,,,0.0
Escherichia coli AGA06_2525,562.145414,1.0,,,,0.0,1.0,,,,0.0
Escherichia coli AGA06_2526,562.145413,1.0,,,,0.0,0.0,,,,0.0
Escherichia coli AGA06_2527,562.145417,1.0,,,,0.0,0.0,,,,0.0
Escherichia coli AGA06_2532,562.145416,1.0,,,,0.0,0.0,,,,0.0
Escherichia coli AGA06_2533,562.145419,1.0,,,,0.0,0.0,,,,0.0
Escherichia coli AGA06_2534,562.145418,1.0,,,,0.0,1.0,,,,0.0
Escherichia coli AGA06_2535,562.145422,1.0,,,,0.0,1.0,,,,0.0
Escherichia coli AGA06_2536,562.145421,1.0,,,,0.0,1.0,,,,0.0
Escherichia coli AGA06_2537,562.14542,1.0,,,,0.0,1.0,,,,0.0
Escherichia coli AGA06_2538,562.14543,1.0,,,,0.0,1.0,,,,0.0
Escherichia coli AGA06_2541,562.145429,1.0,,,,0.0,1.0,,,,0.0
Escherichia coli AGA06_2542,562.145428,1.0,,,,0.0,1.0,,,,0.0
Escherichia coli AGA06_2543,562.145424,1.0,,,,0.0,1.0,,,,0.0
Escherichia coli AGA06_2552,562.145425,1.0,,,,0.0,0.0,,,,0.0
Escherichia coli AGA06_2556,562.145426,1.0,,,,0.0,0.0,,,,0.0
Escherichia coli AGA06_2557,562.145423,1.0,,,,0.0,0.0,,,,0.0
Escherichia coli AGA06_2560,562.145427,1.0,,,,0.0,1.0,,,,0.0
Escherichia coli AGA06_2563,562.145433,1.0,,,,0.0,1.0,,,,0.0
Escherichia coli AGA06_2564,562.145432,0.0,,,,0.0,0.0,,,,0.0
Escherichia coli AGA06_2566,562.145431,1.0,,,,0.0,1.0,,,,0.0
Escherichia coli AGA06_2569,562.145436,1.0,,,,0.0,1.0,,,,0.0
Escherichia coli AGA06_2579,562.145435,1.0,,,,0.0,0.0,,,,0.0
Escherichia coli AR_0006,562.114625,1.0,1.0,1.0,,1.0,1.0,1.0,1.0,0.0,1.0
Escherichia coli AR_0011,562.114631,1.0,1.0,1.0,,1.0,1.0,0.0,0.0,0.0,1.0
Escherichia coli AR_0014,562.114626,1.0,1.0,1.0,,1.0,1.0,0.0,0.0,0.0,0.0
Escherichia coli AR_0015,562.11463,1.0,1.0,1.0,,1.0,1.0,0.0,1.0,0.0,1.0
Escherichia coli AR_0017,562.114633,0.0,0.0,0.0,,0.0,0.0,0.0,0.0,0.0,0.0
Escherichia coli AR_0019,562.114632,1.0,0.0,0.0,,1.0,0.0,0.0,0.0,0.0,0.0
Escherichia coli BIDMC 15,1328440.3,,,,,,,1.0,,,
Escherichia coli BIDMC 17A,1328441.3,,,,,,,1.0,,,
Escherichia coli BIDMC 17B,1328442.3,,,,,,,1.0,,,
Escherichia coli BIDMC 19A,1328443.3,,,,,,,1.0,,,
Escherichia coli BIDMC 19B,1328444.3,,,,,,,1.0,,,
Escherichia coli BIDMC 19C,1328445.3,,,,,,,1.0,,,
Escherichia coli BIDMC 20A,1328446.3,,,,,,,1.0,,,
Escherichia coli BIDMC 20B,1328447.3,,,,,,,0.0,,,
Escherichia coli BIDMC 3,1328437.3,,,1.0,,,,1.0,,,
Escherichia coli BIDMC 37,1328448.3,,,,,,,,0.0,,
Escherichia coli BIDMC 38,1328449.3,,,,,,,,0.0,,
Escherichia coli BIDMC 39,1328450.3,,,,,,,,0.0,,
Escherichia coli BIDMC 43a,1400156.3,,,,,,,,1.0,,
Escherichia coli BIDMC 43b,1400157.3,,,,,,,,1.0,,
Escherichia coli BIDMC 58,1438668.3,,,,,,,,,,
Escherichia coli BIDMC 6,1328438.3,,,,,,,1.0,,,
Escherichia coli BIDMC 62,1438670.3,,,,,,,,,,
Escherichia coli BIDMC 64,1438672.3,,,,,,,,,,
Escherichia coli BIDMC 82,1445862.3,,,,,,,,,,
Escherichia coli BIDMC 9,1328439.3,,,1.0,,,,1.0,,,
Escherichia coli BWH 32,1328432.3,0.0,0.0,0.0,,0.0,0.0,0.0,,0.0,0.0
Escherichia coli BWH 34,1328433.3,1.0,1.0,1.0,,1.0,0.0,,,0.0,1.0
Escherichia coli BWH 40,1328434.3,1.0,1.0,1.0,,1.0,0.0,,,0.0,1.0
Escherichia coli CHS 68,1438684.3,1.0,1.0,1.0,,1.0,1.0,1.0,,0.0,1.0
Escherichia coli CHS 69,1438685.3,1.0,1.0,1.0,,1.0,1.0,1.0,,,0.0
Escherichia coli CHS 77,1438686.3,1.0,1.0,0.0,,1.0,0.0,1.0,,1.0,1.0
Escherichia coli CRE1493,562.114672,1.0,1.0,1.0,1.0,1.0,1.0,1.0,1.0,,1.0
Escherichia coli CRE1540,562.114673,1.0,1.0,1.0,1.0,1.0,1.0,1.0,1.0,,1.0
Escherichia coli D06_2195 Barn 3,562.145434,0.0,,,,0.0,0.0,,,,1.0
Escherichia coli D06_2195 Barn 4,562.145437,0.0,,,,0.0,0.0,,,,0.0
Escherichia coli D06_6519,562.14544,0.0,,,,0.0,0.0,,,,0.0
Escherichia coli ERR1837597,562.14415,1.0,1.0,,,,0.0,1.0,1.0,0.0,
Escherichia coli ERR1837598,562.144151,1.0,0.0,,,,0.0,1.0,1.0,0.0,
Escherichia coli ERR1837599,562.144152,1.0,1.0,,,,0.0,0.0,1.0,0.0,
Escherichia coli ERR1837600,562.144153,1.0,1.0,,,,0.0,0.0,1.0,0.0,
Escherichia coli ERR1837601,562.144154,1.0,1.0,,,,0.0,0.0,1.0,0.0,
Escherichia coli ERR1837602,562.144155,1.0,0.0,,,,0.0,1.0,1.0,0.0,
Escherichia coli ERR1837603,562.144156,1.0,1.0,,,,0.0,0.0,1.0,0.0,
Escherichia coli ERR1837604,562.144157,1.0,1.0,,,,1.0,0.0,1.0,0.0,
Escherichia coli ERR1837605,562.144158,1.0,0.0,,,,0.0,1.0,1.0,0.0,
Escherichia coli ERR1981373,562.144159,1.0,1.0,,,,1.0,0.0,1.0,0.0,
Escherichia coli ERR1981374,562.14416,1.0,1.0,,,,0.0,0.0,1.0,0.0,
Escherichia coli ERR1981375,562.144166,1.0,1.0,,,,0.0,0.0,1.0,0.0,
Escherichia coli ERR1981376,562.144165,1.0,0.0,,,,0.0,0.0,1.0,0.0,
Escherichia coli ERR1981377,562.144161,1.0,1.0,,,,1.0,1.0,1.0,0.0,
Escherichia coli ERR1981378,562.144163,1.0,1.0,,,,1.0,0.0,1.0,0.0,
Escherichia coli ERR1981602,562.144164,1.0,1.0,,,,0.0,0.0,1.0,0.0,
Escherichia coli ERR1981603,562.144162,1.0,0.0,,,,0.0,1.0,1.0,0.0,
Escherichia coli ERR1981606,562.144168,1.0,1.0,,,,1.0,0.0,1.0,0.0,
Escherichia coli ERR1987530,562.144169,1.0,1.0,,,,0.0,0.0,1.0,0.0,
Escherichia coli ERR1987532,562.144167,1.0,1.0,,,,0.0,0.0,1.0,0.0,
Escherichia coli ERR1987533,562.144171,1.0,0.0,,,,0.0,0.0,1.0,0.0,
Escherichia coli ERR1987534,562.14417,1.0,1.0,,,,0.0,1.0,1.0,0.0,
Escherichia coli ERR1987535,562.144173,1.0,0.0,,,,0.0,0.0,1.0,0.0,
Escherichia coli ERR1987536,562.144172,1.0,0.0,,,,0.0,0.0,1.0,0.0,
Escherichia coli ERR1987537,562.144174,1.0,0.0,,,,0.0,0.0,1.0,0.0,
Escherichia coli ERR1987538,562.144175,1.0,0.0,,,,0.0,0.0,1.0,0.0,
Escherichia coli ERR1987539,562.144177,1.0,1.0,,,,0.0,0.0,1.0,0.0,
Escherichia coli ERR1987772,562.144176,1.0,1.0,,,,0.0,0.0,1.0,0.0,
Escherichia coli ERR1987773,562.144178,1.0,1.0,,,,0.0,0.0,1.0,0.0,
Escherichia coli ERR1987774,562.144181,1.0,1.0,,,,0.0,1.0,1.0,0.0,
Escherichia coli ERR1987775,562.144179,1.0,1.0,,,,0.0,0.0,1.0,0.0,
Escherichia coli ERR1990253,562.14418,1.0,1.0,,,,0.0,0.0,1.0,0.0,
Escherichia coli ERR1990254,562.144182,1.0,1.0,,,,1.0,0.0,1.0,0.0,
Escherichia coli ERR1990255,562.144183,1.0,1.0,,,,0.0,1.0,1.0,0.0,
Escherichia coli ERR1990256,562.144184,1.0,1.0,,,,0.0,0.0,1.0,0.0,
Escherichia coli ERR2118033,562.144185,1.0,1.0,,,,0.0,1.0,1.0,0.0,
Escherichia coli ERR2124227,562.144187,1.0,1.0,,,,0.0,0.0,1.0,0.0,
Escherichia coli ERR2124228,562.144188,1.0,1.0,,,,0.0,1.0,1.0,0.0,
Escherichia coli ERR2124229,562.144186,1.0,1.0,,,,0.0,0.0,1.0,,
Escherichia coli ERR2124230,562.144195,1.0,1.0,,,,0.0,0.0,1.0,0.0,
Escherichia coli ERR2124232,562.144194,1.0,0.0,,,,0.0,0.0,1.0,0.0,
Escherichia coli ERR2124233,562.144193,1.0,0.0,,,,0.0,0.0,1.0,0.0,
Escherichia coli ERR2124234,562.144191,1.0,0.0,,,,0.0,0.0,1.0,0.0,
Escherichia coli ERR2124235,562.144189,1.0,1.0,,,,0.0,0.0,1.0,0.0,
Escherichia coli ERR2124236,562.144192,1.0,1.0,,,,0.0,0.0,1.0,0.0,
Escherichia coli ERR2124237,562.14419,1.0,1.0,,,,0.0,1.0,1.0,0.0,
Escherichia coli ERR2124238,562.144202,1.0,0.0,,,,0.0,0.0,1.0,0.0,
Escherichia coli ERR2124239,562.144198,1.0,0.0,,,,0.0,0.0,1.0,0.0,
Escherichia coli ERR2124240,562.144197,1.0,1.0,,,,0.0,0.0,1.0,0.0,
Escherichia coli ERR2124241,562.144196,1.0,1.0,,,,0.0,0.0,1.0,0.0,
Escherichia coli ERR2124242,562.144199,1.0,0.0,,,,0.0,0.0,1.0,0.0,
Escherichia coli ERR2124243,562.144201,1.0,1.0,,,,0.0,1.0,1.0,0.0,
Escherichia coli ERR2124244,562.1442,1.0,0.0,,,,0.0,0.0,1.0,0.0,
Escherichia coli ERR2124245,562.144207,1.0,1.0,,,,0.0,0.0,1.0,0.0,
Escherichia coli ERR2124246,562.144205,1.0,1.0,,,,0.0,0.0,1.0,0.0,
Escherichia coli ERR2124247,562.144203,1.0,1.0,,,,1.0,0.0,1.0,0.0,
Escherichia coli ERR2124248,562.144206,1.0,0.0,,,,0.0,0.0,1.0,0.0,
Escherichia coli ERR2124249,562.144204,1.0,1.0,,,,1.0,0.0,1.0,0.0,
Escherichia coli ERR2124250,562.144209,1.0,1.0,,,,0.0,0.0,1.0,0.0,
Escherichia coli ERR2124251,562.144208,1.0,1.0,,,,0.0,0.0,1.0,0.0,
Escherichia coli ERR2124252,562.14421,1.0,1.0,,,,0.0,0.0,1.0,0.0,
Escherichia coli ERR7221463,562.144212,1.0,1.0,,,,1.0,1.0,1.0,0.0,
Escherichia coli ERR7221464,562.144211,1.0,1.0,,,,0.0,0.0,1.0,0.0,
Escherichia coli ERR7221465,562.144214,1.0,1.0,,,,0.0,0.0,1.0,0.0,
Escherichia coli ERR7221466,562.144213,1.0,1.0,,,,1.0,1.0,1.0,1.0,
Escherichia coli ERR7221467,562.144216,1.0,1.0,,,,0.0,1.0,1.0,0.0,
Escherichia coli ERR7221468,562.144221,1.0,1.0,,,,0.0,1.0,1.0,,
Escherichia coli ERR7221469,562.144215,1.0,0.0,,,,0.0,0.0,1.0,0.0,
Escherichia coli ERR7221470,562.144218,1.0,1.0,,,,1.0,1.0,1.0,0.0,
Escherichia coli ERR7221471,562.144217,1.0,0.0,,,,0.0,0.0,1.0,0.0,
Escherichia coli ERR7221472,562.14422,1.0,1.0,,,,1.0,0.0,1.0,0.0,
Escherichia coli ERR7221473,562.144219,1.0,1.0,,,,1.0,0.0,1.0,0.0,
Escherichia coli ERR7221475,562.144222,0.0,0.0,,,,0.0,0.0,0.0,,
Escherichia coli ERR7221476,562.144223,1.0,1.0,,,,0.0,1.0,1.0,0.0,
Escherichia coli ERR7221477,562.144224,1.0,1.0,,,,0.0,1.0,1.0,0.0,
Escherichia coli ERR7221478,562.144225,1.0,1.0,,,,0.0,0.0,1.0,0.0,
Escherichia coli ERR7221480,562.14423,1.0,1.0,,,,0.0,1.0,1.0,0.0,
Escherichia coli ERR7221481,562.144226,1.0,1.0,,,,0.0,0.0,1.0,0.0,
Escherichia coli ERR7221482,562.144229,1.0,1.0,,,,0.0,0.0,1.0,0.0,
Escherichia coli ERR7221483,562.144232,1.0,1.0,,,,0.0,0.0,1.0,0.0,
Escherichia coli ERR7221484,562.144227,1.0,1.0,,,,0.0,0.0,1.0,0.0,
Escherichia coli ERR7221485,562.144228,1.0,0.0,,,,0.0,0.0,1.0,0.0,
Escherichia coli ERR7221486,562.144231,1.0,0.0,,,,0.0,0.0,1.0,0.0,
Escherichia coli ERR7221487,562.144233,1.0,0.0,,,,0.0,0.0,1.0,0.0,
Escherichia coli ERR7221488,562.144236,1.0,1.0,,,,1.0,1.0,1.0,0.0,
Escherichia coli ERR7221490,562.144237,1.0,1.0,,,,0.0,1.0,1.0,0.0,
Escherichia coli ERR7221491,562.144241,1.0,1.0,,,,0.0,0.0,1.0,0.0,
Escherichia coli ERR7221492,562.144234,1.0,1.0,,,,0.0,0.0,1.0,0.0,
Escherichia coli ERR7221494,562.144235,1.0,0.0,,,,0.0,0.0,1.0,0.0,
Escherichia coli ERR7221495,562.14424,1.0,0.0,,,,0.0,1.0,1.0,,
Escherichia coli ERR7221496,562.144239,1.0,1.0,,,,1.0,1.0,1.0,,
Escherichia coli ERR7221497,562.144238,1.0,0.0,,,,0.0,0.0,1.0,0.0,
Escherichia coli ERR7221499,562.144243,1.0,0.0,,,,1.0,0.0,1.0,,
Escherichia coli ERR7221500,562.144244,1.0,1.0,,,,1.0,0.0,1.0,,
Escherichia coli ERR7221501,562.14425,1.0,1.0,,,,0.0,0.0,1.0,1.0,
Escherichia coli ERR7221502,562.144245,1.0,1.0,,,,0.0,0.0,1.0,0.0,
Escherichia coli ERR7221503,562.144247,1.0,1.0,,,,0.0,1.0,1.0,0.0,
Escherichia coli ERR7221504,562.144251,1.0,1.0,,,,0.0,0.0,1.0,0.0,
Escherichia coli ERR7221505,562.144246,1.0,1.0,,,,0.0,0.0,1.0,0.0,
Escherichia coli ERR7221506,562.144249,1.0,1.0,,,,0.0,0.0,1.0,0.0,
Escherichia coli ERR7221507,562.144242,1.0,0.0,,,,0.0,0.0,1.0,0.0,
Escherichia coli ERR7221508,562.144248,1.0,1.0,,,,0.0,1.0,1.0,0.0,
Escherichia coli ERR7221509,562.144252,1.0,0.0,,,,0.0,0.0,1.0,0.0,
Escherichia coli ERR7221510,562.144253,1.0,1.0,,,,0.0,0.0,1.0,0.0,
Escherichia coli ERR7221511,562.144254,1.0,1.0,,,,0.0,1.0,1.0,1.0,
Escherichia coli ERR7221512,562.144255,1.0,1.0,,,,0.0,0.0,1.0,0.0,
Escherichia coli ERR7221513,562.144256,1.0,0.0,,,,0.0,0.0,1.0,0.0,
Escherichia coli ERR7221514,562.144257,1.0,1.0,,,,0.0,1.0,1.0,1.0,
Escherichia coli ERR7221515,562.145439,1.0,0.0,,,,0.0,0.0,1.0,0.0,
Escherichia coli ERR7221516,562.144258,1.0,1.0,,,,0.0,0.0,1.0,0.0,
Escherichia coli ERR7221517,562.144259,1.0,1.0,,,,0.0,0.0,1.0,0.0,
Escherichia coli ERR7221518,562.14426,1.0,1.0,,,,0.0,0.0,1.0,0.0,
Escherichia coli ERR7221519,562.144261,1.0,1.0,,,,0.0,0.0,1.0,0.0,
Escherichia coli ERR7221520,562.144262,1.0,1.0,,,,0.0,0.0,1.0,0.0,
Escherichia coli ERR7221521,562.144266,1.0,1.0,,,,0.0,0.0,1.0,0.0,
Escherichia coli ERR7221522,562.144264,1.0,1.0,,,,0.0,0.0,1.0,0.0,
Escherichia coli ERR7221523,562.144265,1.0,1.0,,,,1.0,0.0,1.0,0.0,
Escherichia coli ERR7221524,562.144263,1.0,1.0,,,,0.0,0.0,1.0,0.0,
Escherichia coli ERR7221525,562.144267,1.0,1.0,,,,0.0,1.0,1.0,0.0,
Escherichia coli ERR7221526,562.144268,1.0,0.0,,,,0.0,0.0,1.0,0.0,
Escherichia coli ERR7221528,562.144269,1.0,0.0,,,,0.0,0.0,1.0,0.0,
Escherichia coli ERR7221529,562.14427,1.0,1.0,,,,0.0,0.0,1.0,0.0,
Escherichia coli ERR7221530,562.144271,1.0,1.0,,,,0.0,0.0,1.0,0.0,
Escherichia coli ERR7221532,562.144272,1.0,1.0,,,,0.0,0.0,1.0,0.0,
Escherichia coli ERR7221533,562.144273,1.0,1.0,,,,1.0,0.0,1.0,0.0,
Escherichia coli ERR7221534,562.144275,1.0,1.0,,,,0.0,0.0,1.0,0.0,
Escherichia coli ERR7221535,562.144274,1.0,1.0,,,,0.0,0.0,1.0,0.0,
Escherichia coli ERR7221537,562.144277,1.0,1.0,,,,0.0,0.0,1.0,0.0,
Escherichia coli ERR7221538,562.144276,1.0,1.0,,,,0.0,0.0,1.0,0.0,
Escherichia coli ERR7221539,562.144278,1.0,0.0,,,,0.0,0.0,1.0,0.0,
Escherichia coli ERR7221540,562.144279,1.0,1.0,,,,0.0,0.0,1.0,0.0,
Escherichia coli ERR7221541,562.14428,1.0,1.0,,,,0.0,0.0,1.0,0.0,
Escherichia coli ERR7221542,562.144281,1.0,1.0,,,,0.0,0.0,1.0,0.0,
Escherichia coli ERR7221543,562.144283,1.0,1.0,,,,1.0,1.0,1.0,,
Escherichia coli ERR7221544,562.144282,1.0,0.0,,,,0.0,1.0,1.0,,
Escherichia coli ERR7221545,562.144284,1.0,1.0,,,,0.0,1.0,1.0,1.0,
Escherichia coli ERR7221546,562.144285,,,,,,,1.0,,1.0,
Escherichia coli ERR7221547,562.144286,1.0,1.0,,,,0.0,1.0,1.0,,
Escherichia coli ERR7221548,562.144287,1.0,0.0,,,,1.0,0.0,1.0,,
Escherichia coli ERR7221549,562.144288,1.0,0.0,,,,0.0,0.0,1.0,,
Escherichia coli ERR7221550,562.14429,1.0,0.0,,,,0.0,0.0,1.0,,
Escherichia coli ERR7221551,562.144289,1.0,1.0,,,,0.0,0.0,1.0,,
Escherichia coli ERR7221552,562.144292,,,,,,,0.0,,0.0,
Escherichia coli ERR7221553,562.144291,1.0,1.0,,,,1.0,0.0,1.0,0.0,
Escherichia coli ERR7221554,562.144294,1.0,1.0,,,,0.0,0.0,1.0,0.0,
Escherichia coli ERR7221555,562.144297,1.0,1.0,,,,1.0,1.0,1.0,1.0,
Escherichia coli ERR7221556,562.144295,1.0,1.0,,,,0.0,1.0,1.0,1.0,
Escherichia coli ERR7221557,562.144296,1.0,1.0,,,,0.0,0.0,1.0,0.0,
Escherichia coli ERR7221558,562.144293,1.0,1.0,,,,0.0,0.0,1.0,0.0,
Escherichia coli ERR7221559,562.144298,1.0,1.0,,,,0.0,0.0,1.0,0.0,
Escherichia coli ERR7221560,562.1443,1.0,0.0,,,,1.0,0.0,1.0,0.0,
Escherichia coli ERR7221561,562.144299,1.0,1.0,,,,1.0,1.0,1.0,0.0,
Escherichia coli ERR7221562,562.144301,1.0,0.0,,,,0.0,0.0,1.0,0.0,
Escherichia coli ERR7221564,562.144304,1.0,1.0,,,,1.0,1.0,1.0,,
Escherichia coli ERR7221565,562.144302,1.0,1.0,,,,0.0,1.0,1.0,0.0,
Escherichia coli ERR7221566,562.144303,1.0,1.0,,,,0.0,1.0,1.0,0.0,
Escherichia coli ERR7221567,562.144307,1.0,1.0,,,,1.0,0.0,1.0,0.0,
Escherichia coli ERR7221568,562.144306,1.0,1.0,,,,1.0,0.0,1.0,0.0,
Escherichia coli ERR7221569,562.144305,1.0,1.0,,,,1.0,1.0,1.0,0.0,
Escherichia coli ERR7221570,562.144308,1.0,0.0,,,,0.0,0.0,1.0,0.0,
Escherichia coli ERR7221571,562.144309,1.0,1.0,,,,0.0,0.0,1.0,0.0,
Escherichia coli ERR7221572,562.144314,1.0,1.0,,,,0.0,1.0,1.0,0.0,
Escherichia coli ERR7221574,562.144315,1.0,0.0,,,,0.0,0.0,1.0,0.0,
Escherichia coli ERR7221575,562.14431,1.0,1.0,,,,0.0,0.0,1.0,0.0,
Escherichia coli ERR7221577,562.144312,1.0,1.0,,,,0.0,1.0,1.0,0.0,
Escherichia coli ERR7221578,562.144323,1.0,1.0,,,,1.0,0.0,1.0,0.0,
Escherichia coli ERR7221579,562.144313,1.0,1.0,,,,0.0,0.0,1.0,0.0,
Escherichia coli ERR7221583,562.144311,1.0,1.0,,,,1.0,1.0,1.0,0.0,
Escherichia coli ERR7221584,562.144321,1.0,0.0,,,,0.0,0.0,1.0,0.0,
Escherichia coli ERR7221585,562.144322,1.0,0.0,,,,0.0,0.0,1.0,,
Escherichia coli ERR7221588,562.14432,1.0,1.0,,,,0.0,1.0,1.0,0.0,
Escherichia coli ERR7221589,562.144319,1.0,0.0,,,,0.0,0.0,1.0,0.0,
Escherichia coli ERR7221590,562.144318,1.0,1.0,,,,0.0,1.0,1.0,0.0,
Escherichia coli ERR7221591,562.144317,1.0,1.0,,,,1.0,0.0,1.0,0.0,
Escherichia coli ERR7221593,562.144326,1.0,1.0,,,,1.0,0.0,1.0,0.0,
Escherichia coli ERR7221594,562.144325,1.0,1.0,,,,0.0,0.0,1.0,0.0,
Escherichia coli ERR7221595,562.144316,1.0,1.0,,,,0.0,1.0,1.0,0.0,
Escherichia coli ERR7221597,562.144324,1.0,1.0,,,,1.0,0.0,1.0,0.0,
Escherichia coli ERR7221598,562.14433,1.0,1.0,,,,1.0,0.0,1.0,0.0,
Escherichia coli ERR7221599,562.144335,1.0,1.0,,,,0.0,1.0,1.0,0.0,
Escherichia coli ERR7221600,562.144331,1.0,1.0,,,,0.0,0.0,1.0,0.0,
Escherichia coli ERR7221601,562.144333,1.0,1.0,,,,0.0,0.0,1.0,0.0,
Escherichia coli ERR7221602,562.144334,1.0,1.0,,,,0.0,1.0,1.0,0.0,
Escherichia coli ERR7221603,562.144332,1.0,1.0,,,,0.0,0.0,1.0,0.0,
Escherichia coli ERR7221604,562.144329,1.0,1.0,,,,0.0,0.0,1.0,0.0,
Escherichia coli ERR7221605,562.144327,1.0,1.0,,,,0.0,0.0,1.0,,
Escherichia coli ERR7221606,562.144328,1.0,1.0,,,,0.0,0.0,1.0,0.0,
Escherichia coli GMS 002A,562.145443,0.0,,,,0.0,0.0,,,,1.0
Escherichia coli GMS 009B,562.145441,0.0,,,,0.0,0.0,,,,0.0
Escherichia coli H1 strain ECO0134,562.2256,1.0,0.0,1.0,1.0,1.0,0.0,0.0,,0.0,
Escherichia coli H1 strain ECO0375,562.22782,1.0,0.0,0.0,0.0,0.0,0.0,0.0,0.0,0.0,
Escherichia coli H1 strain ECO0873,562.23244,,0.0,0.0,0.0,0.0,0.0,,0.0,0.0,
Escherichia coli H1 strain ECO0902,562.23267,,0.0,0.0,0.0,0.0,0.0,,0.0,0.0,
Escherichia coli H1 strain ECO1074,562.23563,,0.0,0.0,0.0,0.0,0.0,,0.0,0.0,
Escherichia coli H1 strain ECO1247,562.2356,,0.0,0.0,0.0,0.0,0.0,,0.0,0.0,
Escherichia coli H15,562.145442,0.0,,,,0.0,0.0,,,,1.0
Escherichia coli H31 strain ECO0423,562.22824,0.0,0.0,0.0,0.0,0.0,0.0,0.0,0.0,0.0,
Escherichia coli H45 strain ECO0872,562.23245,,0.0,0.0,0.0,0.0,0.0,,0.0,0.0,
Escherichia coli H9 strain ECO0972,562.23869,,1.0,1.0,1.0,1.0,1.0,,1.0,0.0,
Escherichia coli HUM3355,562.112391,1.0,,,,1.0,1.0,,,,1.0
Escherichia coli MGL_106,562.13556,1.0,,,,1.0,,,,,1.0
Escherichia coli MGL_116,562.144926,1.0,,,,1.0,,,,,1.0
Escherichia coli MGL_117,562.144925,1.0,,,,1.0,,,,,1.0
Escherichia coli MGL_118,562.144924,1.0,,,,1.0,,,,,1.0
Escherichia coli MGL_123,562.144923,1.0,,,,1.0,,,,,1.0
Escherichia coli MGL_125,562.135571,1.0,,,,1.0,,,,,1.0
Escherichia coli MGL_126,562.135593,1.0,,,,1.0,,,,,0.0
Escherichia coli MGL_131,562.135592,1.0,,,,1.0,,,,,1.0
Escherichia coli MGL_133,562.135589,1.0,,,,1.0,,,,,1.0
Escherichia coli MGL_136,562.135588,1.0,,,,1.0,,,,,1.0
Escherichia coli MGL_150,562.144937,1.0,,,,1.0,,,,,1.0
Escherichia coli MGL_153,562.144936,1.0,,,,1.0,,,,,1.0
Escherichia coli MGL_1550,562.13558,1.0,,,,1.0,,,,,1.0
Escherichia coli MGL_1560,562.144929,1.0,,,,1.0,,,,,0.0
Escherichia coli MGL_82,562.135565,1.0,,,,1.0,,,,,1.0
Escherichia coli MGL_86,562.135563,1.0,,,,1.0,,,,,1.0
Escherichia coli MGL_87,562.144913,1.0,,,,1.0,,,,,1.0
Escherichia coli MGL_90,562.135559,1.0,,,,1.0,,,,,1.0
Escherichia coli MGL_91,562.135561,1.0,,,,1.0,,,,,1.0
Escherichia coli MSHS 1014A,562.145812,0.0,,,,0.0,0.0,,,,0.0
Escherichia coli MSHS 161,562.145816,0.0,,,,0.0,0.0,,,,0.0
Escherichia coli MSHS 258,562.145817,0.0,,,,0.0,0.0,,,,0.0
Escherichia coli MSHS 472,562.145818,1.0,,,,0.0,0.0,,,,1.0
Escherichia coli MSHS 95,562.145819,0.0,,,,0.0,0.0,,,,0.0
Escherichia coli NA:H1 strain ECO0955,562.23814,,1.0,0.0,1.0,0.0,0.0,,1.0,0.0,
Escherichia coli NA:H10 strain ECO0903,562.23807,,0.0,0.0,0.0,0.0,0.0,,0.0,0.0,
Escherichia coli NA:H12 strain ECO0470,562.23135,,,0.0,0.0,0.0,0.0,,0.0,,
Escherichia coli NA:H12 strain ECO1131,562.23366,,0.0,0.0,0.0,0.0,0.0,,0.0,0.0,
Escherichia coli NA:H12 strain ECO1217,562.23529,,0.0,0.0,0.0,0.0,0.0,,0.0,0.0,
Escherichia coli NA:H14 strain ECO0351,562.2276,0.0,0.0,0.0,0.0,0.0,0.0,0.0,0.0,0.0,
Escherichia coli NA:H15 strain ECO1221,562.23536,,0.0,0.0,0.0,0.0,1.0,,0.0,0.0,
Escherichia coli NA:H15 strain ECO1502,562.23759,,0.0,0.0,0.0,0.0,0.0,,0.0,0.0,
Escherichia coli NA:H16 strain ECO0857,562.23232,,0.0,0.0,0.0,0.0,0.0,,0.0,0.0,
Escherichia coli NA:H18 strain ECO0342,562.22751,1.0,0.0,0.0,0.0,0.0,0.0,0.0,0.0,0.0,
Escherichia coli NA:H18 strain ECO0379,562.23866,1.0,0.0,0.0,0.0,0.0,0.0,0.0,0.0,0.0,
Escherichia coli NA:H18 strain ECO0729,562.23786,,0.0,0.0,0.0,0.0,0.0,,0.0,0.0,
Escherichia coli NA:H19 strain ECO0280,562.2269,0.0,0.0,0.0,0.0,0.0,0.0,0.0,0.0,0.0,
Escherichia coli NA:H19 strain ECO0783,562.23166,,0.0,0.0,0.0,0.0,0.0,,0.0,0.0,
Escherichia coli NA:H19 strain ECO1479,562.23743,,1.0,1.0,1.0,0.0,0.0,,0.0,0.0,
Escherichia coli NA:H2 strain ECO0248,562.22662,1.0,0.0,0.0,0.0,0.0,0.0,0.0,0.0,0.0,
Escherichia coli NA:H2 strain ECO0279,562.22687,1.0,0.0,0.0,0.0,0.0,0.0,0.0,0.0,0.0,
Escherichia coli NA:H2 strain ECO0612,562.22988,,0.0,0.0,0.0,0.0,0.0,,0.0,0.0,
Escherichia coli NA:H2 strain ECO1038,562.23472,,0.0,0.0,0.0,0.0,0.0,,0.0,0.0,
Escherichia coli NA:H2 strain ECO1193,562.2351,,0.0,0.0,0.0,0.0,0.0,,0.0,0.0,
Escherichia coli NA:H20 strain ECO0620,562.22996,,0.0,0.0,0.0,0.0,0.0,,0.0,0.0,
Escherichia coli NA:H20 strain ECO1521,562.23771,,0.0,0.0,0.0,0.0,0.0,,0.0,0.0,
Escherichia coli NA:H21 strain ECO0496,562.2289,,,0.0,0.0,0.0,0.0,,1.0,,
Escherichia coli NA:H30 strain ECO0226,562.22639,1.0,0.0,0.0,0.0,0.0,0.0,0.0,0.0,0.0,
Escherichia coli NA:H30 strain ECO0331,562.22741,1.0,0.0,0.0,0.0,0.0,0.0,0.0,0.0,0.0,
Escherichia coli NA:H30 strain ECO0355,562.22764,1.0,1.0,1.0,1.0,0.0,0.0,0.0,0.0,0.0,
Escherichia coli NA:H30 strain ECO0389,562.22792,1.0,0.0,0.0,0.0,0.0,0.0,0.0,0.0,0.0,
Escherichia coli NA:H30 strain ECO0679,562.23044,,0.0,0.0,0.0,0.0,0.0,,0.0,0.0,
Escherichia coli NA:H31 strain ECO0603,562.22981,,0.0,0.0,0.0,0.0,0.0,,0.0,0.0,
Escherichia coli NA:H34 strain ECO0374,562.2278,1.0,0.0,0.0,0.0,0.0,0.0,0.0,0.0,0.0,
Escherichia coli NA:H4 strain ECO0157,562.22582,1.0,0.0,0.0,1.0,1.0,1.0,0.0,0.0,0.0,
Escherichia coli NA:H4 strain ECO0388,562.22791,0.0,0.0,0.0,0.0,0.0,0.0,0.0,0.0,0.0,
Escherichia coli NA:H4 strain ECO0699,562.23064,,0.0,0.0,0.0,0.0,0.0,,0.0,0.0,
Escherichia coli NA:H4 strain ECO0817,562.23195,,1.0,0.0,1.0,1.0,0.0,,1.0,0.0,
Escherichia coli NA:H4 strain ECO0853,562.23165,,0.0,0.0,0.0,0.0,0.0,,0.0,0.0,
Escherichia coli NA:H4 strain ECO0897,562.23808,,0.0,0.0,0.0,0.0,0.0,,0.0,0.0,
Escherichia coli NA:H4 strain ECO0932,562.23285,,0.0,0.0,0.0,0.0,0.0,,0.0,0.0,
Escherichia coli NA:H4 strain ECO1313,562.23603,,0.0,0.0,0.0,0.0,0.0,,0.0,0.0,
Escherichia coli NA:H4 strain ECO1354,562.2363,,0.0,0.0,0.0,0.0,0.0,,0.0,0.0,
Escherichia coli NA:H4 strain ECO1524,562.23773,,0.0,0.0,0.0,0.0,0.0,,0.0,0.0,
Escherichia coli NA:H40 strain ECO0728,562.23088,,0.0,0.0,0.0,0.0,0.0,,0.0,0.0,
Escherichia coli NA:H40 strain ECO1330,562.23892,,0.0,0.0,1.0,0.0,0.0,,0.0,0.0,
Escherichia coli NA:H5 strain ECO0175,562.22599,0.0,0.0,0.0,0.0,0.0,0.0,0.0,0.0,0.0,
Escherichia coli NA:H5 strain ECO0264,562.22675,0.0,0.0,0.0,0.0,0.0,0.0,0.0,0.0,0.0,
Escherichia coli NA:H5 strain ECO0333,562.22743,1.0,0.0,0.0,1.0,0.0,0.0,0.0,0.0,1.0,
Escherichia coli NA:H5 strain ECO0466,562.2285,,,0.0,0.0,0.0,0.0,,0.0,,
Escherichia coli NA:H6 strain ECO0076,562.22503,1.0,1.0,1.0,1.0,1.0,1.0,0.0,0.0,0.0,
Escherichia coli NA:H6 strain ECO0471,562.22854,,,0.0,1.0,1.0,1.0,,0.0,,
Escherichia coli NA:H6 strain ECO0719,562.23788,,0.0,0.0,1.0,1.0,0.0,,0.0,0.0,
Escherichia coli NA:H7 strain ECO0348,562.22757,1.0,0.0,0.0,0.0,0.0,0.0,0.0,0.0,0.0,
Escherichia coli NA:H9 strain ECO0839,562.23216,,0.0,0.0,0.0,0.0,0.0,,0.0,0.0,
Escherichia coli O1 strain ECO1329,562.23641,,0.0,0.0,0.0,0.0,0.0,,0.0,0.0,
Escherichia coli O102:H6 strain ECO0038,562.22464,1.0,0.0,0.0,0.0,0.0,0.0,0.0,0.0,0.0,
Escherichia coli O102:H6 strain ECO0137,562.22562,1.0,0.0,0.0,1.0,0.0,0.0,0.0,0.0,0.0,
Escherichia coli O102:H6 strain ECO0447,562.22835,,,0.0,0.0,0.0,0.0,,0.0,,
Escherichia coli O102:H6 strain ECO0462,562.22847,,,0.0,1.0,1.0,0.0,,1.0,,
Escherichia coli O102:H6 strain ECO0477,562.2286,,,0.0,1.0,1.0,0.0,,1.0,,
Escherichia coli O102:H6 strain ECO0543,562.22933,,0.0,0.0,1.0,1.0,0.0,,1.0,0.0,
Escherichia coli O102:H6 strain ECO0621,562.22997,,0.0,0.0,0.0,1.0,1.0,,0.0,0.0,
Escherichia coli O102:H6 strain ECO0686,562.23052,,0.0,0.0,0.0,0.0,0.0,,0.0,0.0,
Escherichia coli O102:H6 strain ECO0753,562.238,,1.0,0.0,1.0,1.0,0.0,,1.0,0.0,
Escherichia coli O102:H6 strain ECO1023,562.23494,,1.0,1.0,1.0,1.0,1.0,,1.0,0.0,
Escherichia coli O102:H6 strain ECO1034,562.2347,,0.0,0.0,1.0,1.0,0.0,,1.0,0.0,
Escherichia coli O102:H6 strain ECO1077,562.23435,,0.0,0.0,1.0,1.0,0.0,,1.0,0.0,
Escherichia coli O102:H6 strain ECO1156,562.23391,,1.0,1.0,1.0,1.0,1.0,,1.0,0.0,
Escherichia coli O102:H6 strain ECO1440,562.23717,,0.0,0.0,0.0,0.0,1.0,,0.0,0.0,
Escherichia coli O102:H6 strain ECO1446,562.23721,,0.0,0.0,0.0,1.0,1.0,,0.0,0.0,
Escherichia coli O102:H6 strain ECO1474,562.23897,,0.0,0.0,0.0,0.0,0.0,,0.0,0.0,
Escherichia coli O103:H2 strain ECO1312,562.23878,,0.0,0.0,0.0,0.0,0.0,,0.0,0.0,
Escherichia coli O103:H8 strain ECO1397,562.23685,,0.0,0.0,0.0,0.0,0.0,,0.0,0.0,
Escherichia coli O104:H7 strain ECO0096,562.22522,0.0,0.0,0.0,0.0,0.0,0.0,0.0,0.0,0.0,
Escherichia coli O107:H27 strain ECO0408,562.22809,0.0,0.0,0.0,0.0,0.0,0.0,0.0,0.0,0.0,
Escherichia coli O108:H2 strain ECO0184,562.22608,0.0,0.0,0.0,0.0,0.0,0.0,0.0,0.0,0.0,
Escherichia coli O108:H2 strain ECO0946,562.23298,,0.0,0.0,0.0,0.0,0.0,,0.0,0.0,
Escherichia coli O108:H8 strain ECO0937,562.2329,,0.0,0.0,0.0,0.0,0.0,,0.0,0.0,
Escherichia coli O108:H9 strain ECO1392,562.23697,,0.0,0.0,0.0,1.0,1.0,,0.0,0.0,
Escherichia coli O108:H9 strain ECO1523,562.23774,,0.0,0.0,0.0,0.0,0.0,,0.0,0.0,
Escherichia coli O10:H4 strain ECO1525,562.23906,,0.0,0.0,1.0,0.0,0.0,,0.0,0.0,
Escherichia coli O110:H28 strain ECO1069,562.2349,,0.0,0.0,0.0,0.0,0.0,,0.0,0.0,
Escherichia coli O113:H5 strain ECO0394,562.22796,0.0,0.0,0.0,0.0,0.0,0.0,0.0,0.0,0.0,
Escherichia coli O113:H5 strain ECO0831,562.23208,,0.0,0.0,0.0,0.0,0.0,,0.0,0.0,
Escherichia coli O117:H28 strain ECO0994,562.23431,,0.0,0.0,0.0,0.0,1.0,,1.0,0.0,
Escherichia coli O117:H4 strain ECO0165,562.2259,0.0,0.0,0.0,0.0,0.0,0.0,0.0,0.0,0.0,
Escherichia coli O117:H4 strain ECO0289,562.22699,0.0,0.0,0.0,0.0,0.0,0.0,0.0,0.0,0.0,
Escherichia coli O117:H4 strain ECO0301,562.22716,1.0,0.0,0.0,0.0,0.0,0.0,0.0,0.0,0.0,
Escherichia coli O117:H4 strain ECO1292,562.23825,,0.0,0.0,0.0,0.0,0.0,,0.0,0.0,
Escherichia coli O11:H12 strain ECO0022,562.22449,0.0,0.0,0.0,0.0,0.0,0.0,0.0,0.0,0.0,
Escherichia coli O11:H15 strain ECO0354,562.22763,0.0,0.0,0.0,0.0,0.0,0.0,0.0,0.0,0.0,
Escherichia coli O11:H15 strain ECO1537,562.23904,,0.0,0.0,0.0,0.0,0.0,,0.0,0.0,
Escherichia coli O11:H18 strain ECO0037,562.22466,1.0,0.0,0.0,0.0,0.0,0.0,0.0,0.0,0.0,
Escherichia coli O11:H21 strain ECO0053,562.2248,1.0,0.0,0.0,0.0,0.0,0.0,0.0,0.0,0.0,
Escherichia coli O11:H25 strain ECO0026,562.22453,0.0,0.0,0.0,0.0,0.0,0.0,0.0,0.0,0.0,
Escherichia coli O11:H25 strain ECO0405,562.22807,1.0,0.0,0.0,0.0,0.0,0.0,0.0,0.0,0.0,
Escherichia coli O11:H4 strain ECO0479,562.22862,,,0.0,0.0,0.0,0.0,,0.0,,
Escherichia coli O11:H4 strain ECO0629,562.23004,,0.0,0.0,0.0,0.0,0.0,,0.0,0.0,
Escherichia coli O11:H4 strain ECO1197,562.23514,,0.0,0.0,0.0,0.0,0.0,,0.0,0.0,
Escherichia coli O11:H4 strain ECO1284,562.23582,,0.0,0.0,0.0,0.0,0.0,,0.0,0.0,
Escherichia coli O120:H1 strain ECO0078,562.22505,1.0,0.0,0.0,0.0,0.0,0.0,0.0,1.0,0.0,
Escherichia coli O120:H10 strain ECO0540,562.2293,,0.0,0.0,0.0,0.0,0.0,,0.0,0.0,
Escherichia coli O120:H31 strain ECO1370,562.23643,,0.0,0.0,1.0,0.0,0.0,,0.0,0.0,
Escherichia coli O120:H4 strain ECO0571,562.23142,,0.0,0.0,0.0,0.0,0.0,,0.0,0.0,
Escherichia coli O124:H10 strain ECO1003,562.23439,,0.0,0.0,0.0,0.0,0.0,,0.0,0.0,
Escherichia coli O126:H2 strain ECO0530,562.22921,,0.0,0.0,0.0,0.0,0.0,,0.0,0.0,
Escherichia coli O126:H2 strain ECO1510,562.23762,,0.0,0.0,0.0,0.0,0.0,,0.0,0.0,
Escherichia coli O12:H20 strain ECO0551,562.23138,,0.0,0.0,0.0,0.0,0.0,,0.0,0.0,
Escherichia coli O12:H4 strain ECO0743,562.23101,,0.0,0.0,0.0,0.0,0.0,,1.0,0.0,
Escherichia coli O12:H4 strain ECO1317,562.23607,,0.0,0.0,0.0,0.0,0.0,,0.0,0.0,
Escherichia coli O12:H4 strain ECO1457,562.23728,,0.0,0.0,0.0,0.0,0.0,,0.0,0.0,
Escherichia coli O13/O135:H11 strain ECO1058,562.23477,,0.0,0.0,0.0,0.0,0.0,,0.0,0.0,
Escherichia coli O13/O135:H4 strain ECO0060,562.22487,0.0,0.0,0.0,0.0,0.0,0.0,0.0,0.0,0.0,
Escherichia coli O13/O135:H4 strain ECO0065,562.22493,0.0,0.0,0.0,0.0,0.0,0.0,0.0,0.0,0.0,
Escherichia coli O13/O135:H4 strain ECO0155,562.2258,0.0,0.0,0.0,0.0,0.0,0.0,0.0,0.0,0.0,
Escherichia coli O13/O135:H4 strain ECO0210,562.22625,0.0,0.0,0.0,0.0,0.0,0.0,0.0,0.0,0.0,
Escherichia coli O13/O135:H4 strain ECO0241,562.22654,1.0,0.0,0.0,0.0,0.0,0.0,0.0,0.0,0.0,
Escherichia coli O13/O135:H4 strain ECO0255,562.22667,1.0,0.0,0.0,1.0,0.0,0.0,0.0,0.0,0.0,
Escherichia coli O13/O135:H4 strain ECO0268,562.22678,0.0,0.0,0.0,1.0,0.0,0.0,0.0,0.0,0.0,
Escherichia coli O13/O135:H4 strain ECO0330,562.2274,0.0,0.0,0.0,0.0,0.0,0.0,0.0,0.0,0.0,
Escherichia coli O13/O135:H4 strain ECO0393,562.22795,0.0,0.0,0.0,0.0,0.0,0.0,0.0,0.0,0.0,
Escherichia coli O13/O135:H4 strain ECO0424,562.22823,0.0,0.0,0.0,0.0,0.0,0.0,0.0,0.0,0.0,
Escherichia coli O13/O135:H4 strain ECO0480,562.22883,,,0.0,0.0,0.0,0.0,,0.0,,
Escherichia coli O13/O135:H4 strain ECO0557,562.22945,,0.0,0.0,0.0,0.0,0.0,,0.0,0.0,
Escherichia coli O13/O135:H4 strain ECO0846,562.23223,,0.0,0.0,0.0,0.0,0.0,,0.0,0.0,
Escherichia coli O13/O135:H4 strain ECO0898,562.23263,,0.0,0.0,1.0,0.0,0.0,,0.0,0.0,
Escherichia coli O13/O135:H4 strain ECO0910,562.23873,,0.0,0.0,0.0,0.0,0.0,,0.0,0.0,
Escherichia coli O13/O135:H4 strain ECO0970,562.23318,,0.0,0.0,0.0,0.0,0.0,,0.0,0.0,
Escherichia coli O13/O135:H4 strain ECO0987,562.23424,,0.0,0.0,0.0,0.0,0.0,,0.0,0.0,
Escherichia coli O13/O135:H4 strain ECO1087,562.23824,,0.0,0.0,0.0,0.0,0.0,,0.0,0.0,
Escherichia coli O13/O135:H4 strain ECO1107,562.23344,,0.0,0.0,0.0,1.0,0.0,,0.0,0.0,
Escherichia coli O13/O135:H4 strain ECO1126,562.2336,,0.0,0.0,0.0,0.0,0.0,,0.0,0.0,
Escherichia coli O13/O135:H4 strain ECO1174,562.23407,,0.0,0.0,0.0,0.0,0.0,,0.0,0.0,
Escherichia coli O13/O135:H4 strain ECO1243,562.23557,,0.0,0.0,0.0,0.0,0.0,,0.0,0.0,
Escherichia coli O13/O135:H4 strain ECO1346,562.23686,,0.0,0.0,0.0,0.0,0.0,,0.0,0.0,
Escherichia coli O13/O135:H4 strain ECO1400,562.23665,,0.0,0.0,0.0,0.0,0.0,,0.0,0.0,
Escherichia coli O13/O135:H4 strain ECO1430,562.23707,,0.0,0.0,0.0,0.0,0.0,,0.0,0.0,
Escherichia coli O13/O135:H4 strain ECO1532,562.2378,,0.0,0.0,0.0,0.0,0.0,,0.0,0.0,
Escherichia coli O131:H45 strain ECO0671,562.23035,,0.0,0.0,0.0,0.0,0.0,,0.0,0.0,
Escherichia coli O131:H45 strain ECO0672,562.23036,,0.0,0.0,0.0,0.0,0.0,,0.0,0.0,
Escherichia coli O134 strain ECO0232,562.22645,0.0,0.0,0.0,0.0,0.0,0.0,0.0,0.0,0.0,
Escherichia coli O134:H31 strain ECO0319,562.22731,0.0,0.0,0.0,0.0,0.0,0.0,0.0,0.0,0.0,
Escherichia coli O134:H31 strain ECO0535,562.22925,,0.0,0.0,0.0,0.0,0.0,,0.0,0.0,
Escherichia coli O134:H31 strain ECO0617,562.22993,,0.0,0.0,0.0,0.0,0.0,,0.0,0.0,
Escherichia coli O134:H31 strain ECO0645,562.23019,,0.0,0.0,0.0,0.0,0.0,,0.0,0.0,
Escherichia coli O134:H31 strain ECO1207,562.23522,,0.0,0.0,1.0,0.0,0.0,,0.0,0.0,
Escherichia coli O134:NA strain ECO0164,562.22589,0.0,0.0,0.0,0.0,0.0,0.0,0.0,0.0,0.0,
Escherichia coli O139:H19 strain ECO0726,562.23787,,0.0,0.0,0.0,0.0,0.0,,0.0,0.0,
Escherichia coli O140:H25 strain ECO1093,562.2333,,1.0,1.0,1.0,1.0,0.0,,0.0,0.0,
Escherichia coli O143:H9 strain ECO1129,562.23364,,0.0,0.0,0.0,0.0,0.0,,0.0,0.0,
Escherichia coli O148:H30 strain ECO0214,562.22628,0.0,0.0,0.0,0.0,0.0,0.0,0.0,0.0,0.0,
Escherichia coli O156:H14 strain ECO1177,562.23576,,0.0,0.0,0.0,0.0,0.0,,0.0,0.0,
Escherichia coli O157 strain AR-0427,1045010.64,1.0,,,,0.0,0.0,,,,1.0
Escherichia coli O157 strain AR-0428,1045010.63,0.0,,,,0.0,0.0,,,,0.0
Escherichia coli O157 strain AR-0429,1045010.62,1.0,,,,0.0,0.0,,,,0.0
Escherichia coli O157 strain AR-0430,1045010.61,1.0,,,,0.0,0.0,,,,0.0
Escherichia coli O157:H45 strain ECO0593,562.2297,,0.0,0.0,0.0,0.0,0.0,,0.0,0.0,
Escherichia coli O158:H23 strain ECO1133,562.23368,,0.0,0.0,0.0,0.0,0.0,,0.0,0.0,
Escherichia coli O159:H21 strain ECO0190,562.22614,0.0,0.0,0.0,0.0,0.0,0.0,0.0,0.0,0.0,
Escherichia coli O159:H28 strain ECO0505,562.23141,,,0.0,0.0,1.0,1.0,,0.0,,
Escherichia coli O159:H4 strain ECO0794,562.23177,,0.0,0.0,0.0,0.0,0.0,,0.0,0.0,
Escherichia coli O15:H1 strain ECO0161,562.22586,1.0,0.0,1.0,1.0,1.0,0.0,0.0,0.0,0.0,
Escherichia coli O15:H1 strain ECO0356,562.22765,1.0,0.0,0.0,0.0,1.0,0.0,0.0,0.0,0.0,
Escherichia coli O15:H1 strain ECO0521,562.22913,,0.0,0.0,0.0,1.0,0.0,,0.0,0.0,
Escherichia coli O15:H1 strain ECO0527,562.22918,,0.0,0.0,0.0,1.0,1.0,,0.0,0.0,
Escherichia coli O15:H1 strain ECO0529,562.2292,,0.0,0.0,0.0,1.0,0.0,,0.0,0.0,
Escherichia coli O15:H1 strain ECO0546,562.23928,,0.0,0.0,1.0,1.0,0.0,,0.0,0.0,
Escherichia coli O15:H1 strain ECO0554,562.22942,,0.0,0.0,0.0,1.0,0.0,,1.0,0.0,
Escherichia coli O15:H1 strain ECO0567,562.2314,,0.0,0.0,0.0,1.0,0.0,,1.0,0.0,
Escherichia coli O15:H1 strain ECO0656,562.23029,,0.0,0.0,0.0,1.0,0.0,,0.0,0.0,
Escherichia coli O15:H1 strain ECO0716,562.23078,,0.0,0.0,0.0,1.0,0.0,,0.0,0.0,
Escherichia coli O15:H1 strain ECO0718,562.23079,,0.0,0.0,0.0,1.0,0.0,,1.0,0.0,
Escherichia coli O15:H1 strain ECO0739,562.23098,,0.0,0.0,0.0,1.0,0.0,,1.0,0.0,
Escherichia coli O15:H1 strain ECO0781,562.23129,,0.0,0.0,0.0,1.0,0.0,,0.0,0.0,
Escherichia coli O15:H1 strain ECO0787,562.23171,,0.0,0.0,0.0,1.0,0.0,,0.0,0.0,
Escherichia coli O15:H1 strain ECO0788,562.2317,,0.0,0.0,0.0,1.0,0.0,,0.0,0.0,
Escherichia coli O15:H1 strain ECO0982,562.23387,,0.0,0.0,1.0,1.0,0.0,,0.0,0.0,
Escherichia coli O15:H1 strain ECO0983,562.2353,,0.0,0.0,0.0,1.0,0.0,,0.0,0.0,
Escherichia coli O15:H1 strain ECO0997,562.23434,,0.0,0.0,0.0,1.0,1.0,,1.0,0.0,
Escherichia coli O15:H1 strain ECO1002,562.23553,,0.0,0.0,0.0,1.0,0.0,,0.0,0.0,
Escherichia coli O15:H1 strain ECO1138,562.23373,,0.0,0.0,1.0,1.0,0.0,,0.0,0.0,
Escherichia coli O15:H1 strain ECO1220,562.23535,,1.0,0.0,1.0,0.0,0.0,,0.0,0.0,
Escherichia coli O15:H1 strain ECO1249,562.23562,,0.0,0.0,0.0,0.0,0.0,,0.0,0.0,
Escherichia coli O15:H1 strain ECO1293,562.23507,,1.0,1.0,1.0,1.0,0.0,,0.0,0.0,
Escherichia coli O15:H1 strain ECO1360,562.23765,,0.0,0.0,0.0,1.0,0.0,,0.0,0.0,
Escherichia coli O15:H1 strain ECO1372,562.23645,,0.0,0.0,0.0,1.0,1.0,,0.0,0.0,
Escherichia coli O15:H1 strain ECO1428,562.23888,,0.0,0.0,0.0,1.0,0.0,,0.0,0.0,
Escherichia coli O15:H10 strain ECO1108,562.23345,,0.0,0.0,0.0,1.0,1.0,,0.0,0.0,
Escherichia coli O15:H12 strain ECO0101,562.22527,1.0,0.0,0.0,0.0,1.0,0.0,0.0,0.0,0.0,
Escherichia coli O15:H12 strain ECO0158,562.22583,1.0,0.0,0.0,0.0,1.0,0.0,0.0,0.0,0.0,
Escherichia coli O15:H12 strain ECO0503,562.22897,,,0.0,0.0,0.0,0.0,,0.0,,
Escherichia coli O15:H12 strain ECO0712,562.23233,,0.0,0.0,0.0,1.0,0.0,,0.0,0.0,
Escherichia coli O15:H12 strain ECO0760,562.23796,,0.0,0.0,0.0,1.0,0.0,,0.0,0.0,
Escherichia coli O15:H12 strain ECO0768,562.23117,,0.0,0.0,0.0,1.0,0.0,,1.0,0.0,
Escherichia coli O15:H12 strain ECO1060,562.23486,,0.0,0.0,0.0,1.0,1.0,,0.0,0.0,
Escherichia coli O15:H12 strain ECO1086,562.23462,,0.0,0.0,0.0,1.0,1.0,,0.0,0.0,
Escherichia coli O15:H12 strain ECO1326,562.23837,,0.0,0.0,0.0,1.0,0.0,,0.0,0.0,
Escherichia coli O15:H18 strain ECO0239,562.22652,1.0,0.0,0.0,0.0,0.0,0.0,0.0,0.0,0.0,
Escherichia coli O15:H18 strain ECO0339,562.22749,1.0,0.0,0.0,0.0,0.0,0.0,0.0,0.0,0.0,
Escherichia coli O15:H18 strain ECO0664,562.2315,,0.0,0.0,0.0,0.0,0.0,,0.0,0.0,
Escherichia coli O15:H18 strain ECO0778,562.23125,,0.0,0.0,0.0,0.0,0.0,,1.0,0.0,
Escherichia coli O15:H18 strain ECO0779,562.23126,,0.0,0.0,0.0,0.0,0.0,,0.0,0.0,
Escherichia coli O15:H18 strain ECO0925,562.23279,,0.0,0.0,0.0,0.0,0.0,,0.0,0.0,
Escherichia coli O15:H18 strain ECO1050,562.23484,,0.0,0.0,0.0,0.0,0.0,,0.0,0.0,
Escherichia coli O15:H18 strain ECO1277,562.23828,,0.0,0.0,0.0,0.0,0.0,,0.0,0.0,
Escherichia coli O15:H18 strain ECO1424,562.23699,,0.0,0.0,0.0,0.0,0.0,,0.0,0.0,
Escherichia coli O15:H18 strain ECO1482,562.23747,,0.0,0.0,0.0,0.0,0.0,,0.0,0.0,
Escherichia coli O15:H18 strain ECO1485,562.23749,,0.0,0.0,0.0,0.0,0.0,,0.0,0.0,
Escherichia coli O15:H33 strain ECO0650,562.23024,,0.0,0.0,0.0,1.0,1.0,,0.0,0.0,
Escherichia coli O15:H33 strain ECO1256,562.2392,,0.0,0.0,0.0,0.0,0.0,,0.0,0.0,
Escherichia coli O15:H4 strain ECO0364,562.22875,1.0,0.0,0.0,0.0,0.0,0.0,0.0,0.0,0.0,
Escherichia coli O15:H4 strain ECO1149,562.23383,,0.0,0.0,0.0,0.0,0.0,,0.0,0.0,
Escherichia coli O15:H7 strain ECO0801,562.23184,,0.0,0.0,0.0,0.0,0.0,,0.0,0.0,
Escherichia coli O160:H11 strain ECO1368,562.23836,,0.0,0.0,0.0,0.0,0.0,,0.0,0.0,
Escherichia coli O160:H31 strain ECO0936,562.23288,,0.0,0.0,1.0,1.0,0.0,,0.0,0.0,
Escherichia coli O161:H4 strain ECO1339,562.23624,,0.0,0.0,0.0,0.0,0.0,,0.0,0.0,
Escherichia coli O162:H10 strain ECO0004,562.22431,1.0,0.0,0.0,0.0,1.0,0.0,0.0,0.0,0.0,
Escherichia coli O162:H10 strain ECO0933,562.23286,,1.0,1.0,1.0,1.0,1.0,,0.0,0.0,
Escherichia coli O162:H10 strain ECO0957,562.23859,,0.0,0.0,0.0,1.0,0.0,,0.0,0.0,
Escherichia coli O162:H10 strain ECO1016,562.23452,,0.0,0.0,0.0,1.0,0.0,,0.0,0.0,
Escherichia coli O162:H10 strain ECO1464,562.23734,,1.0,1.0,1.0,1.0,1.0,,0.0,0.0,
Escherichia coli O162:H9 strain ECO0002,562.22429,1.0,0.0,0.0,0.0,1.0,0.0,0.0,0.0,0.0,
Escherichia coli O162:H9 strain ECO0657,562.23134,,0.0,0.0,0.0,1.0,0.0,,0.0,0.0,
Escherichia coli O162:H9 strain ECO0681,562.23047,,1.0,1.0,1.0,1.0,1.0,,1.0,0.0,
Escherichia coli O162:H9 strain ECO1134,562.23369,,1.0,1.0,1.0,1.0,1.0,,1.0,0.0,
Escherichia coli O162:H9 strain ECO1427,562.23682,,0.0,0.0,0.0,1.0,1.0,,1.0,0.0,
Escherichia coli O166:H15 strain ECO0009,562.22436,1.0,0.0,0.0,0.0,0.0,0.0,0.0,0.0,0.0,
Escherichia coli O166:H15 strain ECO0095,562.22521,1.0,0.0,0.0,1.0,0.0,0.0,0.0,1.0,0.0,
Escherichia coli O166:H15 strain ECO0795,562.23178,,0.0,0.0,0.0,0.0,0.0,,0.0,0.0,
Escherichia coli O166:H15 strain ECO1173,562.23406,,0.0,0.0,0.0,0.0,0.0,,0.0,0.0,
Escherichia coli O166:H15 strain ECO1406,562.2367,,0.0,0.0,0.0,0.0,0.0,,0.0,0.0,
Escherichia coli O169:H1 strain ECO1278,562.23827,,0.0,0.0,0.0,0.0,0.0,,0.0,0.0,
Escherichia coli O16:H4 strain ECO1343,562.23675,,0.0,0.0,0.0,0.0,0.0,,0.0,0.0,
Escherichia coli O16:H48 strain ECO0084,562.22511,0.0,0.0,0.0,0.0,0.0,0.0,0.0,0.0,0.0,
Escherichia coli O16:H5 strain ECO0018,562.22445,1.0,0.0,0.0,0.0,0.0,1.0,0.0,0.0,0.0,
Escherichia coli O16:H5 strain ECO0118,562.22543,1.0,1.0,1.0,1.0,1.0,0.0,0.0,0.0,0.0,
Escherichia coli O16:H5 strain ECO0188,562.22612,1.0,0.0,0.0,0.0,0.0,0.0,0.0,0.0,0.0,
Escherichia coli O16:H5 strain ECO0233,562.22646,1.0,0.0,0.0,0.0,0.0,0.0,0.0,0.0,0.0,
Escherichia coli O16:H5 strain ECO0275,562.22685,1.0,0.0,0.0,0.0,1.0,1.0,0.0,0.0,0.0,
Escherichia coli O16:H5 strain ECO0281,562.22691,1.0,0.0,0.0,0.0,1.0,1.0,0.0,0.0,0.0,
Escherichia coli O16:H5 strain ECO0346,562.22755,1.0,0.0,0.0,0.0,0.0,0.0,0.0,0.0,0.0,
Escherichia coli O16:H5 strain ECO0366,562.22876,1.0,0.0,0.0,0.0,0.0,0.0,0.0,0.0,0.0,
Escherichia coli O16:H5 strain ECO0372,562.22778,1.0,0.0,0.0,0.0,0.0,1.0,0.0,0.0,0.0,
Escherichia coli O16:H5 strain ECO0413,562.22814,0.0,0.0,0.0,0.0,0.0,0.0,0.0,0.0,0.0,
Escherichia coli O16:H5 strain ECO0414,562.22815,1.0,0.0,0.0,0.0,0.0,0.0,0.0,0.0,0.0,
Escherichia coli O16:H5 strain ECO0649,562.23023,,0.0,0.0,1.0,0.0,0.0,,1.0,0.0,
Escherichia coli O16:H5 strain ECO0651,562.23025,,0.0,0.0,0.0,0.0,0.0,,0.0,0.0,
Escherichia coli O16:H5 strain ECO1054,562.23326,,0.0,0.0,1.0,0.0,0.0,,0.0,0.0,
Escherichia coli O16:H5 strain ECO1082,562.23456,,0.0,0.0,0.0,0.0,0.0,,0.0,0.0,
Escherichia coli O16:H5 strain ECO1091,562.23328,,0.0,0.0,0.0,0.0,0.0,,0.0,0.0,
Escherichia coli O16:H5 strain ECO1184,562.23509,,0.0,0.0,0.0,0.0,0.0,,0.0,0.0,
Escherichia coli O16:H5 strain ECO1325,562.23614,,0.0,0.0,0.0,0.0,0.0,,0.0,0.0,
Escherichia coli O16:H5 strain ECO1402,562.23907,,0.0,0.0,1.0,1.0,1.0,,0.0,0.0,
Escherichia coli O16:H5 strain ECO1444,562.23848,,0.0,0.0,0.0,0.0,0.0,,0.0,0.0,
Escherichia coli O16:H6 strain ECO0098,562.22524,1.0,0.0,0.0,0.0,0.0,0.0,0.0,0.0,0.0,
Escherichia coli O16:H6 strain ECO0107,562.22532,0.0,0.0,0.0,0.0,0.0,0.0,0.0,0.0,0.0,
Escherichia coli O16:H6 strain ECO0145,562.2257,0.0,0.0,0.0,0.0,0.0,0.0,0.0,0.0,0.0,
Escherichia coli O16:H6 strain ECO0212,562.22627,0.0,0.0,0.0,0.0,0.0,0.0,0.0,0.0,0.0,
Escherichia coli O16:H6 strain ECO0220,562.22872,1.0,0.0,0.0,0.0,0.0,0.0,0.0,0.0,0.0,
Escherichia coli O16:H6 strain ECO0425,562.22825,1.0,0.0,0.0,0.0,0.0,0.0,0.0,0.0,0.0,
Escherichia coli O16:H6 strain ECO0443,562.22831,,,0.0,0.0,0.0,0.0,,0.0,,
Escherichia coli O16:H6 strain ECO0459,562.23865,,,0.0,0.0,0.0,0.0,,0.0,,
Escherichia coli O16:H6 strain ECO0463,562.22848,,,0.0,0.0,0.0,0.0,,0.0,,
Escherichia coli O16:H6 strain ECO0467,562.22851,,,0.0,0.0,0.0,0.0,,0.0,,
Escherichia coli O16:H6 strain ECO0494,562.22888,,,0.0,0.0,0.0,0.0,,0.0,,
Escherichia coli O16:H6 strain ECO0581,562.23152,,1.0,1.0,0.0,0.0,0.0,,0.0,0.0,
Escherichia coli O16:H6 strain ECO0666,562.2303,,0.0,0.0,0.0,0.0,0.0,,0.0,0.0,
Escherichia coli O16:H6 strain ECO0748,562.23105,,0.0,0.0,0.0,0.0,0.0,,0.0,0.0,
Escherichia coli O16:H6 strain ECO0792,562.23175,,0.0,0.0,0.0,0.0,0.0,,0.0,0.0,
Escherichia coli O16:H6 strain ECO0830,562.23207,,0.0,0.0,0.0,0.0,0.0,,0.0,0.0,
Escherichia coli O16:H6 strain ECO0940,562.23861,,0.0,0.0,0.0,0.0,0.0,,0.0,0.0,
Escherichia coli O16:H6 strain ECO0980,562.23419,,0.0,0.0,0.0,0.0,0.0,,0.0,0.0,
Escherichia coli O16:H6 strain ECO1122,562.23547,,0.0,0.0,0.0,0.0,0.0,,0.0,0.0,
Escherichia coli O16:H6 strain ECO1203,562.23931,,0.0,0.0,0.0,0.0,0.0,,0.0,0.0,
Escherichia coli O16:H6 strain ECO1211,562.23882,,0.0,0.0,0.0,0.0,0.0,,0.0,0.0,
Escherichia coli O16:H6 strain ECO1289,562.23587,,0.0,0.0,0.0,0.0,0.0,,0.0,0.0,
Escherichia coli O16:H6 strain ECO1361,562.23635,,0.0,0.0,0.0,0.0,0.0,,0.0,0.0,
Escherichia coli O17 strain ECO0303,562.22779,0.0,0.0,0.0,0.0,0.0,0.0,0.0,0.0,0.0,
Escherichia coli O170:H7 strain ECO0516,562.22909,,0.0,1.0,1.0,0.0,0.0,,1.0,0.0,
Escherichia coli O172:H28 strain ECO1017,562.23453,,0.0,0.0,0.0,0.0,0.0,,0.0,0.0,
Escherichia coli O179:H8 strain ECO0493,562.22887,,,0.0,0.0,0.0,1.0,,0.0,,
Escherichia coli O17:H18 strain ECO0008,562.22435,1.0,0.0,0.0,0.0,0.0,0.0,0.0,1.0,0.0,
Escherichia coli O17:H18 strain ECO0034,562.22461,1.0,0.0,0.0,0.0,0.0,0.0,0.0,0.0,0.0,
Escherichia coli O17:H18 strain ECO0043,562.22471,1.0,0.0,0.0,0.0,1.0,0.0,0.0,0.0,0.0,
Escherichia coli O17:H18 strain ECO0046,562.22473,0.0,0.0,0.0,0.0,0.0,0.0,0.0,0.0,0.0,
Escherichia coli O17:H18 strain ECO0057,562.22484,0.0,0.0,0.0,0.0,1.0,0.0,0.0,0.0,0.0,
Escherichia coli O17:H18 strain ECO0058,562.22485,1.0,0.0,0.0,0.0,0.0,0.0,0.0,0.0,0.0,
Escherichia coli O17:H18 strain ECO0089,562.22515,1.0,0.0,0.0,0.0,0.0,0.0,0.0,0.0,0.0,
Escherichia coli O17:H18 strain ECO0119,562.22544,1.0,0.0,0.0,0.0,0.0,0.0,0.0,0.0,0.0,
Escherichia coli O17:H18 strain ECO0121,562.22546,1.0,0.0,0.0,0.0,0.0,0.0,0.0,0.0,0.0,
Escherichia coli O17:H18 strain ECO0123,562.22548,1.0,0.0,0.0,0.0,0.0,0.0,0.0,0.0,0.0,
Escherichia coli O17:H18 strain ECO0178,562.22602,0.0,0.0,0.0,0.0,1.0,0.0,0.0,0.0,0.0,
Escherichia coli O17:H18 strain ECO0199,562.23854,1.0,0.0,0.0,0.0,0.0,0.0,0.0,0.0,0.0,
Escherichia coli O17:H18 strain ECO0204,562.22619,1.0,0.0,0.0,0.0,1.0,0.0,0.0,0.0,0.0,
Escherichia coli O17:H18 strain ECO0223,562.22636,0.0,0.0,0.0,0.0,1.0,0.0,0.0,0.0,0.0,
Escherichia coli O17:H18 strain ECO0260,562.22672,1.0,0.0,0.0,0.0,1.0,1.0,0.0,0.0,0.0,
Escherichia coli O17:H18 strain ECO0265,562.22676,1.0,0.0,0.0,0.0,0.0,0.0,0.0,0.0,0.0,
Escherichia coli O17:H18 strain ECO0278,562.22688,1.0,0.0,0.0,0.0,0.0,0.0,0.0,0.0,0.0,
Escherichia coli O17:H18 strain ECO0284,562.22693,1.0,0.0,0.0,0.0,0.0,0.0,0.0,0.0,0.0,
Escherichia coli O17:H18 strain ECO0324,562.22735,1.0,0.0,0.0,0.0,0.0,0.0,0.0,0.0,0.0,
Escherichia coli O17:H18 strain ECO0363,562.22772,1.0,0.0,0.0,0.0,0.0,0.0,0.0,0.0,0.0,
Escherichia coli O17:H18 strain ECO0383,562.22785,1.0,0.0,0.0,0.0,0.0,0.0,0.0,0.0,0.0,
Escherichia coli O17:H18 strain ECO0384,562.22786,1.0,0.0,0.0,0.0,0.0,0.0,0.0,0.0,0.0,
Escherichia coli O17:H18 strain ECO0428,562.2288,1.0,0.0,0.0,0.0,1.0,0.0,0.0,0.0,0.0,
Escherichia coli O17:H18 strain ECO0539,562.22929,,0.0,0.0,0.0,0.0,0.0,,0.0,0.0,
Escherichia coli O17:H18 strain ECO0569,562.23927,,0.0,0.0,1.0,0.0,0.0,,0.0,0.0,
Escherichia coli O17:H18 strain ECO0613,562.22989,,0.0,0.0,1.0,0.0,0.0,,0.0,0.0,
Escherichia coli O17:H18 strain ECO0692,562.23058,,0.0,0.0,0.0,0.0,0.0,,0.0,0.0,
Escherichia coli O17:H18 strain ECO0694,562.2306,,0.0,0.0,0.0,0.0,0.0,,0.0,0.0,
Escherichia coli O17:H18 strain ECO0733,562.23092,,0.0,0.0,0.0,0.0,0.0,,1.0,0.0,
Escherichia coli O17:H18 strain ECO0764,562.23116,,0.0,0.0,0.0,0.0,0.0,,1.0,0.0,
Escherichia coli O17:H18 strain ECO0807,562.23186,,0.0,0.0,0.0,1.0,0.0,,0.0,0.0,
Escherichia coli O17:H18 strain ECO0874,562.23246,,0.0,0.0,0.0,0.0,1.0,,0.0,0.0,
Escherichia coli O17:H18 strain ECO0878,562.2325,,0.0,0.0,0.0,0.0,0.0,,0.0,0.0,
Escherichia coli O17:H18 strain ECO0880,562.23158,,0.0,0.0,0.0,0.0,1.0,,0.0,0.0,
Escherichia coli O17:H18 strain ECO0899,562.23264,,0.0,0.0,0.0,0.0,0.0,,0.0,0.0,
Escherichia coli O17:H18 strain ECO0900,562.23265,,0.0,0.0,0.0,0.0,0.0,,0.0,0.0,
Escherichia coli O17:H18 strain ECO0924,562.23278,,0.0,0.0,0.0,0.0,0.0,,0.0,0.0,
Escherichia coli O17:H18 strain ECO0931,562.23801,,0.0,0.0,0.0,0.0,0.0,,0.0,0.0,
Escherichia coli O17:H18 strain ECO0981,562.2342,,0.0,0.0,0.0,0.0,0.0,,0.0,0.0,
Escherichia coli O17:H18 strain ECO1001,562.23436,,0.0,0.0,0.0,0.0,0.0,,0.0,0.0,
Escherichia coli O17:H18 strain ECO1004,562.2344,,0.0,0.0,0.0,0.0,0.0,,0.0,0.0,
Escherichia coli O17:H18 strain ECO1005,562.23441,,0.0,0.0,0.0,0.0,0.0,,0.0,0.0,
Escherichia coli O17:H18 strain ECO1035,562.23467,,0.0,0.0,0.0,0.0,0.0,,0.0,0.0,
Escherichia coli O17:H18 strain ECO1039,562.23327,,0.0,0.0,0.0,0.0,0.0,,0.0,0.0,
Escherichia coli O17:H18 strain ECO1061,562.23341,,0.0,0.0,0.0,0.0,0.0,,0.0,0.0,
Escherichia coli O17:H18 strain ECO1135,562.2337,,0.0,0.0,0.0,0.0,0.0,,0.0,0.0,
Escherichia coli O17:H18 strain ECO1155,562.2339,,0.0,0.0,1.0,0.0,0.0,,0.0,0.0,
Escherichia coli O17:H18 strain ECO1187,562.23503,,0.0,0.0,0.0,0.0,0.0,,0.0,0.0,
Escherichia coli O17:H18 strain ECO1206,562.23521,,0.0,0.0,0.0,0.0,0.0,,0.0,0.0,
Escherichia coli O17:H18 strain ECO1212,562.23817,,0.0,0.0,0.0,0.0,0.0,,0.0,0.0,
Escherichia coli O17:H18 strain ECO1213,562.23525,,0.0,0.0,0.0,0.0,0.0,,0.0,0.0,
Escherichia coli O17:H18 strain ECO1224,562.23538,,0.0,0.0,0.0,0.0,0.0,,0.0,0.0,
Escherichia coli O17:H18 strain ECO1238,562.23862,,1.0,1.0,1.0,1.0,1.0,,0.0,0.0,
Escherichia coli O17:H18 strain ECO1246,562.23879,,0.0,0.0,0.0,0.0,0.0,,0.0,0.0,
Escherichia coli O17:H18 strain ECO1255,562.23831,,0.0,0.0,0.0,0.0,1.0,,0.0,0.0,
Escherichia coli O17:H18 strain ECO1259,562.23573,,0.0,0.0,0.0,0.0,0.0,,0.0,0.0,
Escherichia coli O17:H18 strain ECO1304,562.23618,,0.0,1.0,0.0,0.0,0.0,,1.0,0.0,
Escherichia coli O17:H18 strain ECO1306,562.236,,0.0,0.0,0.0,0.0,0.0,,0.0,0.0,
Escherichia coli O17:H18 strain ECO1311,562.23839,,0.0,0.0,1.0,0.0,0.0,,0.0,0.0,
Escherichia coli O17:H18 strain ECO1323,562.23612,,0.0,0.0,0.0,0.0,0.0,,0.0,0.0,
Escherichia coli O17:H18 strain ECO1328,562.23893,,0.0,0.0,1.0,0.0,0.0,,0.0,0.0,
Escherichia coli O17:H18 strain ECO1331,562.23616,,0.0,0.0,0.0,0.0,0.0,,0.0,0.0,
Escherichia coli O17:H18 strain ECO1335,562.23621,,0.0,0.0,0.0,0.0,0.0,,0.0,0.0,
Escherichia coli O17:H18 strain ECO1345,562.23626,,0.0,0.0,0.0,0.0,0.0,,0.0,0.0,
Escherichia coli O17:H18 strain ECO1366,562.23639,,0.0,0.0,0.0,0.0,0.0,,1.0,0.0,
Escherichia coli O17:H18 strain ECO1375,562.23648,,0.0,0.0,0.0,0.0,0.0,,0.0,0.0,
Escherichia coli O17:H18 strain ECO1425,562.237,,0.0,0.0,1.0,0.0,0.0,,0.0,0.0,
Escherichia coli O17:H18 strain ECO1449,562.23723,,0.0,0.0,0.0,0.0,0.0,,0.0,0.0,
Escherichia coli O17:H18 strain ECO1451,562.23724,,0.0,0.0,0.0,1.0,0.0,,0.0,0.0,
Escherichia coli O17:H18 strain ECO1468,562.23898,,0.0,0.0,0.0,0.0,0.0,,0.0,0.0,
Escherichia coli O17:H18 strain ECO1473,562.2374,,0.0,0.0,0.0,0.0,0.0,,0.0,0.0,
Escherichia coli O17:H18 strain ECO1487,562.23902,,0.0,0.0,0.0,0.0,0.0,,0.0,0.0,
Escherichia coli O17:H18 strain ECO1536,562.23784,,0.0,0.0,0.0,0.0,0.0,,0.0,0.0,
Escherichia coli O182:H19 strain ECO0640,562.23014,,0.0,0.0,0.0,0.0,0.0,,0.0,0.0,
Escherichia coli O182:H7 strain ECO0042,562.2247,0.0,0.0,0.0,0.0,0.0,0.0,0.0,0.0,0.0,
Escherichia coli O183:H18 strain ECO1275,562.23589,,0.0,0.0,0.0,0.0,0.0,,0.0,0.0,
Escherichia coli O185:H10 strain ECO0251,562.22661,1.0,0.0,0.0,1.0,0.0,0.0,0.0,0.0,0.0,
Escherichia coli O185:H10 strain ECO1324,562.23613,,0.0,0.0,0.0,0.0,0.0,,0.0,0.0,
Escherichia coli O18:H1 strain ECO0047,562.22474,1.0,0.0,0.0,0.0,0.0,0.0,0.0,0.0,0.0,
Escherichia coli O18:H1 strain ECO0062,562.22489,0.0,0.0,0.0,0.0,0.0,0.0,0.0,0.0,0.0,
Escherichia coli O18:H1 strain ECO0079,562.22506,0.0,0.0,0.0,0.0,0.0,0.0,0.0,0.0,0.0,
Escherichia coli O18:H1 strain ECO0185,562.22609,0.0,0.0,0.0,0.0,0.0,0.0,0.0,0.0,0.0,
Escherichia coli O18:H1 strain ECO0837,562.23214,,0.0,0.0,0.0,0.0,0.0,,0.0,0.0,
Escherichia coli O18:H1 strain ECO0851,562.23227,,0.0,0.0,0.0,0.0,0.0,,0.0,0.0,
Escherichia coli O18:H1 strain ECO0860,562.23162,,0.0,0.0,0.0,0.0,0.0,,0.0,0.0,
Escherichia coli O18:H1 strain ECO0905,562.23268,,0.0,0.0,0.0,0.0,0.0,,0.0,0.0,
Escherichia coli O18:H1 strain ECO0907,562.23875,,0.0,0.0,0.0,0.0,0.0,,0.0,0.0,
Escherichia coli O18:H1 strain ECO0964,562.23312,,0.0,0.0,0.0,0.0,0.0,,0.0,0.0,
Escherichia coli O18:H1 strain ECO0965,562.23313,,0.0,0.0,0.0,0.0,0.0,,0.0,0.0,
Escherichia coli O18:H1 strain ECO0986,562.23423,,0.0,0.0,0.0,0.0,0.0,,0.0,0.0,
Escherichia coli O18:H1 strain ECO1008,562.23498,,0.0,0.0,0.0,0.0,0.0,,0.0,0.0,
Escherichia coli O18:H1 strain ECO1075,562.23442,,0.0,0.0,0.0,0.0,0.0,,0.0,0.0,
Escherichia coli O18:H1 strain ECO1196,562.23513,,0.0,0.0,0.0,0.0,0.0,,1.0,0.0,
Escherichia coli O18:H1 strain ECO1272,562.23924,,0.0,0.0,0.0,0.0,0.0,,0.0,0.0,
Escherichia coli O18:H1 strain ECO1273,562.2357,,0.0,0.0,0.0,0.0,0.0,,0.0,0.0,
Escherichia coli O18:H1 strain ECO1286,562.23585,,0.0,1.0,1.0,0.0,0.0,,1.0,0.0,
Escherichia coli O18:H1 strain ECO1431,562.23708,,0.0,0.0,0.0,0.0,0.0,,0.0,0.0,
Escherichia coli O18:H1 strain ECO1508,562.23761,,0.0,0.0,0.0,0.0,0.0,,0.0,0.0,
Escherichia coli O18:H31 strain ECO1118,562.23354,,0.0,0.0,0.0,0.0,0.0,,0.0,0.0,
Escherichia coli O18:H31 strain ECO1232,562.2388,,0.0,0.0,0.0,0.0,0.0,,0.0,0.0,
Escherichia coli O18:H31 strain ECO1465,562.23735,,0.0,0.0,0.0,0.0,0.0,,0.0,0.0,
Escherichia coli O18:H5 strain ECO0083,562.2251,0.0,0.0,0.0,0.0,0.0,0.0,0.0,0.0,0.0,
Escherichia coli O18:H5 strain ECO0091,562.22517,0.0,0.0,0.0,0.0,0.0,0.0,0.0,0.0,0.0,
Escherichia coli O18:H5 strain ECO0288,562.22698,0.0,0.0,0.0,0.0,0.0,0.0,0.0,0.0,0.0,
Escherichia coli O18:H5 strain ECO0343,562.22752,1.0,0.0,0.0,0.0,0.0,0.0,0.0,0.0,0.0,
Escherichia coli O18:H5 strain ECO0523,562.22915,,0.0,0.0,1.0,0.0,0.0,,1.0,0.0,
Escherichia coli O18:H5 strain ECO0534,562.23137,,0.0,0.0,0.0,0.0,0.0,,0.0,0.0,
Escherichia coli O18:H5 strain ECO0676,562.2304,,0.0,0.0,0.0,0.0,0.0,,0.0,0.0,
Escherichia coli O18:H5 strain ECO0685,562.23051,,0.0,0.0,0.0,0.0,0.0,,0.0,0.0,
Escherichia coli O18:H5 strain ECO0988,562.23425,,0.0,0.0,0.0,0.0,0.0,,1.0,0.0,
Escherichia coli O18:H5 strain ECO1253,562.23918,,0.0,0.0,0.0,0.0,0.0,,1.0,0.0,
Escherichia coli O18:H5 strain ECO1347,562.23627,,0.0,0.0,0.0,0.0,0.0,,0.0,0.0,
Escherichia coli O18:H5 strain ECO1380,562.23651,,0.0,0.0,0.0,0.0,0.0,,0.0,0.0,
Escherichia coli O18:H5 strain ECO1423,562.23698,,0.0,0.0,0.0,0.0,0.0,,0.0,0.0,
Escherichia coli O18:H7 strain ECO0138,562.22563,0.0,0.0,0.0,0.0,0.0,0.0,0.0,0.0,0.0,
Escherichia coli O18:H7 strain ECO0151,562.22576,0.0,0.0,0.0,0.0,0.0,0.0,0.0,0.0,0.0,
Escherichia coli O18:H7 strain ECO0293,562.22703,1.0,0.0,0.0,0.0,0.0,0.0,0.0,0.0,0.0,
Escherichia coli O18:H7 strain ECO0313,562.22726,0.0,0.0,0.0,0.0,0.0,0.0,0.0,0.0,0.0,
Escherichia coli O18:H7 strain ECO0344,562.22753,0.0,0.0,0.0,0.0,0.0,0.0,0.0,0.0,0.0,
Escherichia coli O18:H7 strain ECO0390,562.22793,1.0,0.0,1.0,1.0,0.0,0.0,0.0,0.0,0.0,
Escherichia coli O18:H7 strain ECO0399,562.22801,0.0,0.0,0.0,0.0,0.0,0.0,0.0,0.0,0.0,
Escherichia coli O18:H7 strain ECO0526,562.22917,,0.0,0.0,0.0,0.0,0.0,,0.0,0.0,
Escherichia coli O18:H7 strain ECO0536,562.22926,,0.0,0.0,0.0,0.0,0.0,,0.0,0.0,
Escherichia coli O18:H7 strain ECO0541,562.22931,,0.0,0.0,0.0,0.0,0.0,,0.0,0.0,
Escherichia coli O18:H7 strain ECO0641,562.23015,,0.0,0.0,0.0,0.0,0.0,,0.0,0.0,
Escherichia coli O18:H7 strain ECO0745,562.23799,,0.0,0.0,0.0,0.0,0.0,,1.0,0.0,
Escherichia coli O18:H7 strain ECO0843,562.2322,,0.0,0.0,0.0,0.0,0.0,,0.0,0.0,
Escherichia coli O18:H7 strain ECO0920,562.23274,,0.0,0.0,0.0,0.0,0.0,,0.0,0.0,
Escherichia coli O18:H7 strain ECO0935,562.23289,,0.0,0.0,0.0,0.0,0.0,,0.0,0.0,
Escherichia coli O18:H7 strain ECO0977,562.23324,,0.0,0.0,0.0,0.0,0.0,,0.0,0.0,
Escherichia coli O18:H7 strain ECO0979,562.23417,,0.0,0.0,0.0,0.0,0.0,,0.0,0.0,
Escherichia coli O18:H7 strain ECO1000,562.23552,,0.0,0.0,0.0,0.0,0.0,,0.0,0.0,
Escherichia coli O18:H7 strain ECO1013,562.23449,,0.0,0.0,0.0,0.0,0.0,,0.0,0.0,
Escherichia coli O18:H7 strain ECO1100,562.23337,,0.0,0.0,1.0,0.0,1.0,,0.0,0.0,
Escherichia coli O18:H7 strain ECO1143,562.23378,,0.0,0.0,0.0,0.0,0.0,,0.0,0.0,
Escherichia coli O18:H7 strain ECO1403,562.23667,,0.0,0.0,0.0,0.0,0.0,,0.0,0.0,
Escherichia coli O18:H7 strain ECO1409,562.23672,,0.0,0.0,0.0,0.0,0.0,,0.0,0.0,
Escherichia coli O18:H7 strain ECO1438,562.23715,,0.0,0.0,0.0,0.0,0.0,,0.0,0.0,
Escherichia coli O18:H7 strain ECO1498,562.23843,,0.0,0.0,0.0,0.0,0.0,,0.0,0.0,
Escherichia coli O18ab:H14 strain ECO0032,562.22459,0.0,0.0,0.0,0.0,0.0,0.0,0.0,,0.0,
Escherichia coli O18ac:H1 strain ECO0041,562.22468,0.0,0.0,0.0,0.0,0.0,0.0,0.0,0.0,0.0,
Escherichia coli O18ac:H1 strain ECO0836,562.23213,,0.0,0.0,0.0,0.0,0.0,,0.0,0.0,
Escherichia coli O18ac:H4 strain ECO0052,562.22479,1.0,1.0,1.0,1.0,1.0,0.0,0.0,0.0,0.0,
Escherichia coli O19:H4 strain ECO0142,562.22567,1.0,0.0,0.0,0.0,0.0,0.0,0.0,0.0,0.0,
Escherichia coli O1:H1 strain ECO0261,562.22673,0.0,0.0,0.0,0.0,0.0,0.0,0.0,0.0,0.0,
Escherichia coli O1:H1 strain ECO1030,562.23466,,0.0,0.0,0.0,0.0,1.0,,0.0,0.0,
Escherichia coli O1:H15 strain ECO0828,562.23205,,0.0,0.0,1.0,1.0,0.0,,0.0,0.0,
Escherichia coli O1:H15 strain ECO0934,562.23287,,0.0,0.0,1.0,1.0,0.0,,0.0,0.0,
Escherichia coli O1:H18 strain ECO1390,562.23658,,0.0,0.0,0.0,0.0,0.0,,0.0,0.0,
Escherichia coli O1:H18 strain ECO1503,562.2391,,0.0,0.0,0.0,0.0,0.0,,0.0,0.0,
Escherichia coli O1:H25 strain ECO0203,562.22618,1.0,1.0,0.0,1.0,0.0,0.0,0.0,0.0,0.0,
Escherichia coli O1:H42 strain ECO1011,562.23447,,0.0,0.0,0.0,0.0,0.0,,0.0,0.0,
Escherichia coli O1:H42 strain ECO1216,562.23528,,0.0,0.0,0.0,0.0,0.0,,0.0,0.0,
Escherichia coli O1:H6 strain ECO0031,562.22457,1.0,0.0,0.0,1.0,1.0,0.0,0.0,1.0,0.0,
Escherichia coli O1:H6 strain ECO0054,562.22481,1.0,1.0,1.0,1.0,1.0,0.0,0.0,0.0,0.0,
Escherichia coli O1:H6 strain ECO0193,562.22708,1.0,0.0,0.0,1.0,1.0,1.0,0.0,0.0,0.0,
Escherichia coli O1:H6 strain ECO0713,562.23076,,1.0,1.0,1.0,1.0,0.0,,0.0,0.0,
Escherichia coli O1:H6 strain ECO0889,562.23255,,0.0,0.0,0.0,1.0,0.0,,0.0,0.0,
Escherichia coli O1:H6 strain ECO1033,562.23499,,0.0,0.0,1.0,1.0,0.0,,0.0,0.0,
Escherichia coli O1:H6 strain ECO1046,562.23481,,0.0,0.0,0.0,1.0,0.0,,0.0,0.0,
Escherichia coli O1:H6 strain ECO1056,562.23384,,0.0,0.0,0.0,1.0,0.0,,0.0,0.0,
Escherichia coli O1:H6 strain ECO1454,562.23901,,0.0,0.0,0.0,1.0,0.0,,0.0,0.0,
Escherichia coli O1:H7 strain ECO0006,562.22433,0.0,0.0,0.0,0.0,0.0,0.0,0.0,0.0,0.0,
Escherichia coli O1:H7 strain ECO0010,562.22437,1.0,0.0,0.0,0.0,0.0,0.0,0.0,0.0,0.0,
Escherichia coli O1:H7 strain ECO0020,562.22447,1.0,0.0,0.0,0.0,0.0,0.0,0.0,0.0,0.0,
Escherichia coli O1:H7 strain ECO0055,562.22482,0.0,0.0,0.0,0.0,0.0,0.0,0.0,0.0,0.0,
Escherichia coli O1:H7 strain ECO0063,562.2249,1.0,0.0,0.0,0.0,0.0,0.0,0.0,0.0,0.0,
Escherichia coli O1:H7 strain ECO0067,562.22494,0.0,0.0,0.0,0.0,0.0,0.0,0.0,0.0,0.0,
Escherichia coli O1:H7 strain ECO0124,562.22549,0.0,0.0,0.0,0.0,0.0,0.0,0.0,0.0,0.0,
Escherichia coli O1:H7 strain ECO0125,562.2255,1.0,0.0,0.0,0.0,0.0,0.0,0.0,0.0,0.0,
Escherichia coli O1:H7 strain ECO0133,562.22558,0.0,0.0,0.0,0.0,0.0,0.0,0.0,0.0,0.0,
Escherichia coli O1:H7 strain ECO0135,562.22559,1.0,0.0,0.0,0.0,0.0,0.0,0.0,0.0,0.0,
Escherichia coli O1:H7 strain ECO0148,562.22573,0.0,0.0,0.0,0.0,0.0,0.0,0.0,0.0,0.0,
Escherichia coli O1:H7 strain ECO0160,562.22585,0.0,0.0,0.0,0.0,0.0,0.0,0.0,0.0,0.0,
Escherichia coli O1:H7 strain ECO0180,562.22604,0.0,0.0,0.0,0.0,0.0,0.0,0.0,0.0,0.0,
Escherichia coli O1:H7 strain ECO0194,562.22709,0.0,0.0,0.0,0.0,0.0,0.0,0.0,0.0,0.0,
Escherichia coli O1:H7 strain ECO0196,562.22711,1.0,0.0,0.0,0.0,0.0,0.0,0.0,1.0,0.0,
Escherichia coli O1:H7 strain ECO0215,562.22629,0.0,0.0,0.0,0.0,0.0,0.0,0.0,0.0,0.0,
Escherichia coli O1:H7 strain ECO0236,562.22649,0.0,0.0,0.0,0.0,0.0,0.0,0.0,0.0,0.0,
Escherichia coli O1:H7 strain ECO0247,562.22659,0.0,0.0,0.0,0.0,0.0,0.0,0.0,0.0,0.0,
Escherichia coli O1:H7 strain ECO0254,562.22666,0.0,0.0,0.0,0.0,0.0,0.0,0.0,0.0,0.0,
Escherichia coli O1:H7 strain ECO0256,562.22668,0.0,0.0,0.0,0.0,0.0,0.0,0.0,0.0,0.0,
Escherichia coli O1:H7 strain ECO0295,562.22705,0.0,0.0,0.0,0.0,0.0,0.0,0.0,0.0,0.0,
Escherichia coli O1:H7 strain ECO0310,562.22723,1.0,0.0,0.0,0.0,0.0,0.0,0.0,0.0,0.0,
Escherichia coli O1:H7 strain ECO0316,562.22729,1.0,0.0,0.0,0.0,0.0,0.0,0.0,0.0,0.0,
Escherichia coli O1:H7 strain ECO0320,562.22732,0.0,0.0,0.0,0.0,0.0,0.0,0.0,0.0,0.0,
Escherichia coli O1:H7 strain ECO0326,562.22736,0.0,0.0,0.0,0.0,0.0,0.0,0.0,0.0,0.0,
Escherichia coli O1:H7 strain ECO0401,562.22803,0.0,0.0,0.0,0.0,0.0,0.0,0.0,0.0,0.0,
Escherichia coli O1:H7 strain ECO0402,562.22804,0.0,0.0,0.0,0.0,0.0,0.0,0.0,0.0,0.0,
Escherichia coli O1:H7 strain ECO0440,562.22828,,,0.0,0.0,0.0,0.0,,0.0,,
Escherichia coli O1:H7 strain ECO0456,562.22882,,,0.0,1.0,0.0,0.0,,0.0,,
Escherichia coli O1:H7 strain ECO0502,562.22896,,,0.0,0.0,0.0,0.0,,0.0,,
Escherichia coli O1:H7 strain ECO0517,562.2291,,0.0,0.0,0.0,0.0,0.0,,0.0,0.0,
Escherichia coli O1:H7 strain ECO0560,562.22948,,0.0,0.0,0.0,0.0,0.0,,0.0,0.0,
Escherichia coli O1:H7 strain ECO0564,562.22951,,0.0,0.0,0.0,0.0,0.0,,0.0,0.0,
Escherichia coli O1:H7 strain ECO0570,562.22955,,0.0,0.0,0.0,0.0,0.0,,0.0,0.0,
Escherichia coli O1:H7 strain ECO0572,562.22956,,0.0,0.0,0.0,0.0,0.0,,0.0,0.0,
Escherichia coli O1:H7 strain ECO0586,562.22963,,0.0,0.0,0.0,0.0,1.0,,0.0,0.0,
Escherichia coli O1:H7 strain ECO0615,562.22991,,0.0,0.0,0.0,0.0,0.0,,0.0,0.0,
Escherichia coli O1:H7 strain ECO0616,562.22992,,0.0,0.0,0.0,0.0,0.0,,0.0,0.0,
Escherichia coli O1:H7 strain ECO0622,562.22998,,0.0,0.0,0.0,0.0,0.0,,0.0,0.0,
Escherichia coli O1:H7 strain ECO0633,562.23007,,0.0,0.0,0.0,0.0,0.0,,0.0,0.0,
Escherichia coli O1:H7 strain ECO0682,562.23048,,0.0,0.0,1.0,0.0,0.0,,0.0,0.0,
Escherichia coli O1:H7 strain ECO0697,562.23062,,0.0,0.0,0.0,0.0,0.0,,0.0,0.0,
Escherichia coli O1:H7 strain ECO0711,562.23075,,0.0,0.0,0.0,0.0,0.0,,0.0,0.0,
Escherichia coli O1:H7 strain ECO0715,562.23864,,0.0,0.0,0.0,0.0,0.0,,0.0,0.0,
Escherichia coli O1:H7 strain ECO0740,562.23099,,0.0,0.0,0.0,0.0,0.0,,1.0,0.0,
Escherichia coli O1:H7 strain ECO0749,562.23856,,0.0,0.0,0.0,0.0,0.0,,0.0,0.0,
Escherichia coli O1:H7 strain ECO0773,562.23123,,0.0,0.0,0.0,0.0,0.0,,0.0,0.0,
Escherichia coli O1:H7 strain ECO0782,562.23128,,0.0,0.0,0.0,0.0,0.0,,0.0,0.0,
Escherichia coli O1:H7 strain ECO0797,562.2318,,0.0,0.0,0.0,0.0,0.0,,0.0,0.0,
Escherichia coli O1:H7 strain ECO0815,562.23193,,0.0,0.0,0.0,0.0,0.0,,0.0,0.0,
Escherichia coli O1:H7 strain ECO0821,562.23198,,0.0,0.0,0.0,0.0,0.0,,0.0,0.0,
Escherichia coli O1:H7 strain ECO0824,562.23202,,0.0,0.0,0.0,0.0,0.0,,0.0,0.0,
Escherichia coli O1:H7 strain ECO0827,562.23157,,0.0,0.0,0.0,0.0,0.0,,0.0,0.0,
Escherichia coli O1:H7 strain ECO0840,562.23217,,0.0,0.0,0.0,0.0,0.0,,1.0,0.0,
Escherichia coli O1:H7 strain ECO0856,562.23164,,0.0,0.0,0.0,0.0,0.0,,0.0,0.0,
Escherichia coli O1:H7 strain ECO0863,562.23236,,0.0,0.0,0.0,0.0,0.0,,0.0,0.0,
Escherichia coli O1:H7 strain ECO0866,562.23238,,0.0,0.0,0.0,0.0,0.0,,0.0,0.0,
Escherichia coli O1:H7 strain ECO0870,562.23242,,0.0,0.0,0.0,0.0,0.0,,0.0,0.0,
Escherichia coli O1:H7 strain ECO0883,562.23251,,0.0,0.0,0.0,0.0,0.0,,0.0,0.0,
Escherichia coli O1:H7 strain ECO0884,562.23252,,0.0,0.0,0.0,0.0,0.0,,0.0,0.0,
Escherichia coli O1:H7 strain ECO0891,562.23257,,0.0,0.0,0.0,0.0,0.0,,0.0,0.0,
Escherichia coli O1:H7 strain ECO0914,562.23803,,0.0,0.0,0.0,0.0,0.0,,0.0,0.0,
Escherichia coli O1:H7 strain ECO0926,562.2328,,0.0,0.0,0.0,0.0,0.0,,0.0,0.0,
Escherichia coli O1:H7 strain ECO0951,562.23301,,0.0,0.0,0.0,0.0,0.0,,0.0,0.0,
Escherichia coli O1:H7 strain ECO0971,562.23319,,0.0,0.0,0.0,0.0,0.0,,0.0,0.0,
Escherichia coli O1:H7 strain ECO1044,562.23479,,0.0,0.0,0.0,0.0,0.0,,0.0,0.0,
Escherichia coli O1:H7 strain ECO1076,562.23444,,0.0,0.0,0.0,0.0,0.0,,0.0,0.0,
Escherichia coli O1:H7 strain ECO1096,562.23333,,0.0,0.0,0.0,0.0,0.0,,0.0,0.0,
Escherichia coli O1:H7 strain ECO1098,562.23335,,0.0,0.0,0.0,0.0,0.0,,0.0,0.0,
Escherichia coli O1:H7 strain ECO1102,562.23339,,0.0,0.0,0.0,0.0,0.0,,0.0,0.0,
Escherichia coli O1:H7 strain ECO1103,562.2334,,0.0,0.0,0.0,0.0,0.0,,0.0,0.0,
Escherichia coli O1:H7 strain ECO1104,562.23517,,0.0,0.0,0.0,0.0,0.0,,0.0,0.0,
Escherichia coli O1:H7 strain ECO1112,562.23349,,0.0,0.0,0.0,0.0,0.0,,0.0,0.0,
Escherichia coli O1:H7 strain ECO1116,562.23352,,0.0,0.0,0.0,0.0,0.0,,0.0,0.0,
Escherichia coli O1:H7 strain ECO1120,562.23355,,0.0,0.0,0.0,1.0,1.0,,0.0,0.0,
Escherichia coli O1:H7 strain ECO1178,562.23917,,0.0,0.0,0.0,0.0,0.0,,0.0,0.0,
Escherichia coli O1:H7 strain ECO1188,562.23504,,0.0,0.0,0.0,0.0,0.0,,0.0,0.0,
Escherichia coli O1:H7 strain ECO1192,562.23506,,0.0,0.0,0.0,0.0,0.0,,0.0,0.0,
Escherichia coli O1:H7 strain ECO1195,562.23512,,0.0,0.0,0.0,0.0,0.0,,0.0,0.0,
Escherichia coli O1:H7 strain ECO1200,562.23516,,0.0,0.0,0.0,0.0,0.0,,0.0,0.0,
Escherichia coli O1:H7 strain ECO1202,562.23518,,0.0,0.0,0.0,0.0,0.0,,0.0,0.0,
Escherichia coli O1:H7 strain ECO1215,562.23527,,0.0,0.0,0.0,0.0,0.0,,0.0,0.0,
Escherichia coli O1:H7 strain ECO1239,562.23414,,0.0,0.0,0.0,0.0,0.0,,0.0,0.0,
Escherichia coli O1:H7 strain ECO1262,562.23921,,0.0,0.0,0.0,0.0,0.0,,0.0,0.0,
Escherichia coli O1:H7 strain ECO1266,562.23564,,0.0,0.0,0.0,0.0,0.0,,0.0,0.0,
Escherichia coli O1:H7 strain ECO1276,562.23829,,0.0,0.0,0.0,0.0,0.0,,0.0,0.0,
Escherichia coli O1:H7 strain ECO1321,562.23611,,0.0,0.0,0.0,0.0,0.0,,0.0,0.0,
Escherichia coli O1:H7 strain ECO1333,562.23891,,0.0,0.0,0.0,0.0,0.0,,0.0,0.0,
Escherichia coli O1:H7 strain ECO1336,562.2362,,0.0,0.0,1.0,0.0,0.0,,0.0,0.0,
Escherichia coli O1:H7 strain ECO1378,562.23649,,0.0,0.0,0.0,0.0,0.0,,0.0,0.0,
Escherichia coli O1:H7 strain ECO1381,562.23652,,0.0,0.0,0.0,0.0,0.0,,0.0,0.0,
Escherichia coli O1:H7 strain ECO1421,562.2369,,0.0,0.0,0.0,0.0,0.0,,0.0,0.0,
Escherichia coli O1:H7 strain ECO1447,562.23847,,0.0,0.0,0.0,0.0,0.0,,0.0,0.0,
Escherichia coli O1:H7 strain ECO1453,562.23726,,0.0,0.0,0.0,0.0,0.0,,0.0,0.0,
Escherichia coli O1:H7 strain ECO1460,562.23731,,0.0,0.0,0.0,0.0,0.0,,0.0,0.0,
Escherichia coli O1:H7 strain ECO1470,562.23845,,0.0,0.0,0.0,0.0,0.0,,0.0,0.0,
Escherichia coli O1:H7 strain ECO1484,562.23748,,0.0,0.0,0.0,0.0,0.0,,0.0,0.0,
Escherichia coli O1:H7 strain ECO1491,562.23752,,0.0,0.0,0.0,0.0,0.0,,0.0,0.0,
Escherichia coli O1:H7 strain ECO1494,562.23755,,0.0,0.0,0.0,0.0,0.0,,0.0,0.0,
Escherichia coli O1:H7 strain ECO1512,562.23764,,0.0,0.0,0.0,0.0,0.0,,0.0,0.0,
Escherichia coli O20:H4 strain ECO0859,562.23163,,0.0,0.0,0.0,0.0,0.0,,0.0,0.0,
Escherichia coli O21:H1 strain ECO0416,562.22817,0.0,0.0,0.0,0.0,0.0,0.0,0.0,0.0,0.0,
Escherichia coli O21:H21 strain ECO0457,562.22843,,,0.0,0.0,1.0,0.0,,0.0,,
Escherichia coli O21:H27 strain ECO0219,562.22633,0.0,0.0,0.0,0.0,0.0,0.0,0.0,0.0,0.0,
Escherichia coli O21:H38 strain ECO0307,562.2272,0.0,0.0,0.0,0.0,0.0,0.0,0.0,0.0,0.0,
Escherichia coli O21:H4 strain ECO0068,562.22495,0.0,0.0,0.0,0.0,1.0,0.0,0.0,0.0,0.0,
Escherichia coli O21:H4 strain ECO0563,562.2295,,0.0,0.0,0.0,0.0,0.0,,0.0,0.0,
Escherichia coli O21:H4 strain ECO1070,562.23438,,0.0,0.0,0.0,0.0,0.0,,0.0,0.0,
Escherichia coli O21:H5 strain ECO0499,562.22893,,,0.0,0.0,0.0,0.0,,0.0,,
Escherichia coli O21:H5 strain ECO0607,562.22984,,1.0,1.0,1.0,0.0,1.0,,0.0,0.0,
Escherichia coli O21:H5 strain ECO0791,562.23174,,0.0,0.0,0.0,0.0,0.0,,0.0,0.0,
Escherichia coli O21:H5 strain ECO1036,562.23469,,0.0,0.0,0.0,0.0,0.0,,0.0,0.0,
Escherichia coli O21:H5 strain ECO1389,562.23657,,0.0,0.0,0.0,0.0,0.0,,0.0,0.0,
Escherichia coli O21:H52 strain ECO0336,562.22746,1.0,0.0,0.0,0.0,1.0,0.0,0.0,0.0,0.0,
Escherichia coli O21:H7 strain ECO0507,562.229,,,0.0,0.0,1.0,0.0,,0.0,,
Escherichia coli O22:H1 strain ECO0115,562.2254,1.0,0.0,0.0,0.0,0.0,0.0,0.0,0.0,0.0,
Escherichia coli O22:H1 strain ECO0249,562.22663,0.0,0.0,0.0,0.0,0.0,0.0,0.0,0.0,0.0,
Escherichia coli O22:H1 strain ECO0731,562.2309,,0.0,0.0,1.0,0.0,0.0,,1.0,0.0,
Escherichia coli O22:H1 strain ECO0734,562.23093,,0.0,0.0,0.0,0.0,0.0,,1.0,0.0,
Escherichia coli O22:H1 strain ECO0869,562.23241,,0.0,0.0,0.0,0.0,0.0,,0.0,0.0,
Escherichia coli O22:H1 strain ECO0950,562.233,,0.0,0.0,0.0,0.0,0.0,,0.0,0.0,
Escherichia coli O22:H1 strain ECO1172,562.23915,,0.0,0.0,0.0,0.0,0.0,,0.0,0.0,
Escherichia coli O22:H1 strain ECO1300,562.23597,,0.0,0.0,0.0,0.0,0.0,,0.0,0.0,
Escherichia coli O22:H1 strain ECO1385,562.23655,,0.0,0.0,1.0,0.0,0.0,,0.0,0.0,
Escherichia coli O22:H1 strain ECO1388,562.23696,,0.0,0.0,0.0,0.0,0.0,,0.0,0.0,
Escherichia coli O22:H1 strain ECO1434,562.23711,,0.0,0.0,0.0,0.0,0.0,,0.0,0.0,
Escherichia coli O22:H1 strain ECO1530,562.23905,,0.0,0.0,0.0,0.0,0.0,,0.0,0.0,
Escherichia coli O22:H5 strain ECO0252,562.22664,0.0,0.0,0.0,0.0,0.0,0.0,0.0,0.0,0.0,
Escherichia coli O23:H16 strain ECO0033,562.2246,1.0,0.0,0.0,0.0,1.0,0.0,0.0,0.0,0.0,
Escherichia coli O23:H16 strain ECO0049,562.22476,1.0,0.0,0.0,0.0,0.0,1.0,0.0,0.0,0.0,
Escherichia coli O23:H16 strain ECO0238,562.22651,1.0,0.0,0.0,0.0,1.0,0.0,0.0,0.0,0.0,
Escherichia coli O23:H16 strain ECO1282,562.23826,,0.0,0.0,0.0,0.0,0.0,,1.0,0.0,
Escherichia coli O23:H16 strain ECO1398,562.23663,,0.0,0.0,0.0,0.0,0.0,,0.0,0.0,
Escherichia coli O23:H45 strain ECO0492,562.22886,,,0.0,0.0,0.0,0.0,,0.0,,
Escherichia coli O24:H4 strain ECO0183,562.22607,1.0,0.0,0.0,0.0,0.0,0.0,0.0,0.0,0.0,
Escherichia coli O24:H4 strain ECO0510,562.22903,,,0.0,0.0,0.0,0.0,,0.0,,
Escherichia coli O24:H4 strain ECO0595,562.22972,,0.0,0.0,0.0,0.0,0.0,,1.0,0.0,
Escherichia coli O24:H4 strain ECO0698,562.23063,,0.0,0.0,0.0,0.0,0.0,,0.0,0.0,
Escherichia coli O24:H4 strain ECO1127,562.23362,,0.0,0.0,0.0,0.0,0.0,,0.0,0.0,
Escherichia coli O24:H4 strain ECO1410,562.23673,,0.0,0.0,0.0,0.0,0.0,,0.0,0.0,
Escherichia coli O24:H4 strain ECO1435,562.23712,,0.0,0.0,0.0,0.0,0.0,,0.0,0.0,
Escherichia coli O25:H1 strain ECO0011,562.22439,0.0,0.0,0.0,0.0,0.0,0.0,0.0,0.0,0.0,
Escherichia coli O25:H1 strain ECO0143,562.22568,0.0,0.0,0.0,0.0,0.0,0.0,0.0,0.0,0.0,
Escherichia coli O25:H1 strain ECO0274,562.22682,1.0,0.0,0.0,0.0,0.0,0.0,0.0,0.0,0.0,
Escherichia coli O25:H1 strain ECO0385,562.22877,0.0,0.0,0.0,0.0,0.0,0.0,0.0,0.0,0.0,
Escherichia coli O25:H1 strain ECO0533,562.22924,,0.0,0.0,0.0,0.0,0.0,,0.0,0.0,
Escherichia coli O25:H1 strain ECO0636,562.2301,,0.0,0.0,0.0,0.0,0.0,,0.0,0.0,
Escherichia coli O25:H1 strain ECO0723,562.23084,,0.0,0.0,0.0,0.0,0.0,,0.0,0.0,
Escherichia coli O25:H1 strain ECO0847,562.23224,,0.0,0.0,0.0,0.0,0.0,,0.0,0.0,
Escherichia coli O25:H1 strain ECO1105,562.23343,,0.0,0.0,0.0,0.0,0.0,,1.0,0.0,
Escherichia coli O25:H1 strain ECO1146,562.23381,,0.0,0.0,0.0,0.0,0.0,,0.0,0.0,
Escherichia coli O25:H1 strain ECO1401,562.23703,,0.0,0.0,0.0,0.0,0.0,,0.0,0.0,
Escherichia coli O25:H1 strain ECO1418,562.2368,,0.0,0.0,0.0,0.0,0.0,,0.0,0.0,
Escherichia coli O25:H1 strain ECO1504,562.23841,,0.0,0.0,0.0,0.0,0.0,,0.0,0.0,
Escherichia coli O25:H1 strain ECO1527,562.23776,,0.0,0.0,0.0,0.0,0.0,,0.0,0.0,
Escherichia coli O25:H12 strain ECO0547,562.22936,,0.0,0.0,0.0,0.0,0.0,,0.0,0.0,
Escherichia coli O25:H18 strain ECO0081,562.22508,1.0,0.0,0.0,0.0,0.0,0.0,0.0,0.0,0.0,
Escherichia coli O25:H18 strain ECO0090,562.22516,1.0,0.0,0.0,0.0,0.0,0.0,0.0,0.0,0.0,
Escherichia coli O25:H18 strain ECO0631,562.23005,,0.0,0.0,0.0,0.0,0.0,,0.0,0.0,
Escherichia coli O25:H18 strain ECO1072,562.23473,,0.0,0.0,0.0,0.0,0.0,,0.0,0.0,
Escherichia coli O25:H34 strain ECO1132,562.23367,,0.0,0.0,0.0,1.0,1.0,,0.0,0.0,
Escherichia coli O25:H4 strain ECO0005,562.22432,1.0,1.0,1.0,1.0,1.0,0.0,0.0,0.0,0.0,
Escherichia coli O25:H4 strain ECO0013,562.2244,1.0,0.0,0.0,0.0,1.0,0.0,0.0,0.0,0.0,
Escherichia coli O25:H4 strain ECO0015,562.22442,1.0,0.0,0.0,0.0,1.0,0.0,0.0,0.0,0.0,
Escherichia coli O25:H4 strain ECO0029,562.22455,1.0,0.0,0.0,0.0,1.0,1.0,0.0,0.0,0.0,
Escherichia coli O25:H4 strain ECO0036,562.22465,1.0,0.0,0.0,0.0,1.0,1.0,0.0,0.0,0.0,
Escherichia coli O25:H4 strain ECO0051,562.22478,1.0,1.0,1.0,1.0,1.0,0.0,0.0,0.0,0.0,
Escherichia coli O25:H4 strain ECO0056,562.22483,0.0,0.0,0.0,0.0,1.0,0.0,0.0,0.0,0.0,
Escherichia coli O25:H4 strain ECO0061,562.22488,1.0,1.0,1.0,1.0,1.0,0.0,0.0,0.0,0.0,
Escherichia coli O25:H4 strain ECO0066,562.22491,1.0,1.0,0.0,1.0,1.0,0.0,0.0,0.0,0.0,
Escherichia coli O25:H4 strain ECO0072,562.22499,1.0,0.0,0.0,0.0,1.0,1.0,0.0,0.0,0.0,
Escherichia coli O25:H4 strain ECO0087,562.22514,0.0,0.0,0.0,0.0,0.0,0.0,0.0,0.0,0.0,
Escherichia coli O25:H4 strain ECO0092,562.22518,1.0,1.0,0.0,1.0,1.0,0.0,0.0,0.0,0.0,
Escherichia coli O25:H4 strain ECO0111,562.22536,1.0,1.0,1.0,1.0,1.0,0.0,0.0,0.0,0.0,
Escherichia coli O25:H4 strain ECO0114,562.22539,1.0,0.0,0.0,1.0,1.0,0.0,0.0,0.0,0.0,
Escherichia coli O25:H4 strain ECO0116,562.22541,1.0,1.0,1.0,1.0,1.0,0.0,0.0,0.0,0.0,
Escherichia coli O25:H4 strain ECO0126,562.22551,1.0,0.0,1.0,0.0,1.0,0.0,0.0,0.0,0.0,
Escherichia coli O25:H4 strain ECO0130,562.22555,0.0,0.0,0.0,0.0,0.0,0.0,0.0,0.0,0.0,
Escherichia coli O25:H4 strain ECO0136,562.22561,1.0,0.0,0.0,0.0,0.0,0.0,0.0,0.0,0.0,
Escherichia coli O25:H4 strain ECO0140,562.22565,1.0,0.0,0.0,0.0,1.0,0.0,0.0,0.0,0.0,
Escherichia coli O25:H4 strain ECO0163,562.22588,1.0,1.0,0.0,1.0,1.0,0.0,0.0,0.0,0.0,
Escherichia coli O25:H4 strain ECO0171,562.22595,1.0,0.0,0.0,1.0,1.0,0.0,0.0,0.0,0.0,
Escherichia coli O25:H4 strain ECO0172,562.22596,1.0,0.0,0.0,1.0,1.0,1.0,0.0,0.0,0.0,
Escherichia coli O25:H4 strain ECO0173,562.22597,1.0,0.0,0.0,0.0,0.0,0.0,0.0,0.0,0.0,
Escherichia coli O25:H4 strain ECO0177,562.22601,0.0,0.0,0.0,0.0,1.0,0.0,0.0,0.0,0.0,
Escherichia coli O25:H4 strain ECO0186,562.2261,0.0,0.0,0.0,0.0,0.0,0.0,0.0,0.0,0.0,
Escherichia coli O25:H4 strain ECO0187,562.22611,1.0,1.0,0.0,1.0,1.0,0.0,0.0,0.0,0.0,
Escherichia coli O25:H4 strain ECO0205,562.2262,1.0,0.0,0.0,0.0,1.0,0.0,0.0,0.0,0.0,
Escherichia coli O25:H4 strain ECO0207,562.22622,0.0,0.0,0.0,0.0,1.0,0.0,0.0,0.0,0.0,
Escherichia coli O25:H4 strain ECO0211,562.22626,1.0,0.0,0.0,0.0,1.0,0.0,0.0,0.0,0.0,
Escherichia coli O25:H4 strain ECO0216,562.2263,1.0,0.0,0.0,1.0,1.0,0.0,0.0,0.0,0.0,
Escherichia coli O25:H4 strain ECO0218,562.22631,0.0,0.0,0.0,0.0,1.0,0.0,0.0,0.0,0.0,
Escherichia coli O25:H4 strain ECO0222,562.22635,1.0,0.0,0.0,1.0,0.0,1.0,0.0,0.0,0.0,
Escherichia coli O25:H4 strain ECO0224,562.22637,0.0,0.0,0.0,0.0,0.0,0.0,0.0,0.0,0.0,
Escherichia coli O25:H4 strain ECO0230,562.22642,1.0,0.0,0.0,0.0,1.0,0.0,0.0,0.0,0.0,
Escherichia coli O25:H4 strain ECO0237,562.2265,1.0,0.0,0.0,0.0,1.0,1.0,0.0,1.0,0.0,
Escherichia coli O25:H4 strain ECO0243,562.22655,1.0,1.0,1.0,1.0,1.0,1.0,0.0,0.0,0.0,
Escherichia coli O25:H4 strain ECO0244,562.22657,1.0,0.0,0.0,0.0,1.0,0.0,0.0,1.0,0.0,
Escherichia coli O25:H4 strain ECO0257,562.22669,1.0,1.0,1.0,1.0,1.0,0.0,0.0,0.0,0.0,
Escherichia coli O25:H4 strain ECO0258,562.2267,0.0,0.0,0.0,0.0,0.0,0.0,0.0,0.0,0.0,
Escherichia coli O25:H4 strain ECO0259,562.22671,1.0,0.0,0.0,0.0,0.0,0.0,0.0,0.0,0.0,
Escherichia coli O25:H4 strain ECO0270,562.2268,1.0,1.0,1.0,1.0,1.0,0.0,0.0,1.0,0.0,
Escherichia coli O25:H4 strain ECO0282,562.22694,1.0,0.0,0.0,0.0,1.0,0.0,0.0,0.0,0.0,
Escherichia coli O25:H4 strain ECO0296,562.23792,1.0,1.0,1.0,1.0,1.0,0.0,0.0,1.0,0.0,
Escherichia coli O25:H4 strain ECO0297,562.23791,1.0,0.0,0.0,0.0,1.0,0.0,0.0,0.0,0.0,
Escherichia coli O25:H4 strain ECO0302,562.22717,1.0,1.0,1.0,1.0,1.0,1.0,0.0,0.0,0.0,
Escherichia coli O25:H4 strain ECO0304,562.22718,1.0,0.0,0.0,0.0,1.0,0.0,0.0,0.0,0.0,
Escherichia coli O25:H4 strain ECO0322,562.22733,1.0,1.0,1.0,1.0,1.0,0.0,0.0,0.0,0.0,
Escherichia coli O25:H4 strain ECO0345,562.22754,1.0,1.0,1.0,1.0,1.0,1.0,0.0,0.0,0.0,
Escherichia coli O25:H4 strain ECO0353,562.22762,0.0,0.0,0.0,0.0,0.0,0.0,0.0,0.0,0.0,
Escherichia coli O25:H4 strain ECO0357,562.22766,1.0,0.0,0.0,0.0,0.0,1.0,0.0,0.0,0.0,
Escherichia coli O25:H4 strain ECO0359,562.22768,1.0,1.0,1.0,1.0,1.0,0.0,0.0,0.0,0.0,
Escherichia coli O25:H4 strain ECO0365,562.22773,0.0,0.0,0.0,0.0,0.0,0.0,0.0,0.0,0.0,
Escherichia coli O25:H4 strain ECO0381,562.22783,1.0,1.0,0.0,1.0,1.0,0.0,0.0,0.0,0.0,
Escherichia coli O25:H4 strain ECO0382,562.22784,1.0,0.0,0.0,0.0,0.0,0.0,0.0,0.0,0.0,
Escherichia coli O25:H4 strain ECO0387,562.22878,0.0,0.0,0.0,0.0,0.0,0.0,0.0,0.0,0.0,
Escherichia coli O25:H4 strain ECO0392,562.22879,0.0,0.0,0.0,0.0,1.0,0.0,0.0,0.0,0.0,
Escherichia coli O25:H4 strain ECO0395,562.22797,0.0,0.0,0.0,1.0,1.0,0.0,0.0,0.0,0.0,
Escherichia coli O25:H4 strain ECO0404,562.22806,1.0,0.0,0.0,0.0,1.0,0.0,0.0,1.0,0.0,
Escherichia coli O25:H4 strain ECO0407,562.22811,1.0,1.0,1.0,1.0,1.0,0.0,0.0,0.0,0.0,
Escherichia coli O25:H4 strain ECO0411,562.22813,1.0,1.0,1.0,1.0,1.0,0.0,0.0,0.0,0.0,
Escherichia coli O25:H4 strain ECO0419,562.2282,1.0,0.0,0.0,0.0,0.0,0.0,0.0,1.0,0.0,
Escherichia coli O25:H4 strain ECO0420,562.22821,1.0,1.0,1.0,1.0,1.0,1.0,0.0,0.0,0.0,
Escherichia coli O25:H4 strain ECO0422,562.22822,1.0,1.0,1.0,1.0,1.0,0.0,0.0,0.0,0.0,
Escherichia coli O25:H4 strain ECO0576,562.2296,,0.0,0.0,0.0,0.0,0.0,,0.0,0.0,
Escherichia coli O25:H4 strain ECO0644,562.23018,,0.0,0.0,0.0,0.0,0.0,,0.0,0.0,
Escherichia coli O25:H4 strain ECO0655,562.23028,,0.0,0.0,1.0,1.0,0.0,,0.0,0.0,
Escherichia coli O25:H4 strain ECO0658,562.23144,,1.0,1.0,1.0,1.0,0.0,,1.0,0.0,
Escherichia coli O25:H4 strain ECO0668,562.23032,,0.0,0.0,0.0,0.0,0.0,,1.0,0.0,
Escherichia coli O25:H4 strain ECO0687,562.23053,,0.0,0.0,0.0,1.0,0.0,,0.0,0.0,
Escherichia coli O25:H4 strain ECO0696,562.23061,,0.0,0.0,0.0,0.0,0.0,,0.0,0.0,
Escherichia coli O25:H4 strain ECO0700,562.23065,,0.0,0.0,0.0,0.0,0.0,,0.0,0.0,
Escherichia coli O25:H4 strain ECO0701,562.23066,,0.0,0.0,0.0,1.0,0.0,,0.0,0.0,
Escherichia coli O25:H4 strain ECO0704,562.23068,,0.0,0.0,0.0,0.0,0.0,,0.0,0.0,
Escherichia coli O25:H4 strain ECO0710,562.23074,,0.0,0.0,0.0,0.0,0.0,,0.0,0.0,
Escherichia coli O25:H4 strain ECO0737,562.23096,,0.0,0.0,0.0,1.0,1.0,,1.0,0.0,
Escherichia coli O25:H4 strain ECO0742,562.231,,0.0,0.0,1.0,1.0,0.0,,0.0,0.0,
Escherichia coli O25:H4 strain ECO0752,562.23108,,0.0,0.0,0.0,1.0,1.0,,0.0,0.0,
Escherichia coli O25:H4 strain ECO0761,562.23112,,0.0,0.0,0.0,0.0,0.0,,0.0,0.0,
Escherichia coli O25:H4 strain ECO0765,562.23858,,0.0,0.0,1.0,1.0,1.0,,1.0,0.0,
Escherichia coli O25:H4 strain ECO0784,562.23167,,0.0,0.0,0.0,1.0,0.0,,0.0,0.0,
Escherichia coli O25:H4 strain ECO0789,562.23172,,1.0,1.0,1.0,0.0,1.0,,0.0,0.0,
Escherichia coli O25:H4 strain ECO0798,562.23181,,1.0,1.0,1.0,1.0,0.0,,0.0,0.0,
Escherichia coli O25:H4 strain ECO0810,562.23189,,1.0,0.0,1.0,1.0,0.0,,1.0,0.0,
Escherichia coli O25:H4 strain ECO0812,562.23191,,0.0,0.0,0.0,1.0,0.0,,0.0,0.0,
Escherichia coli O25:H4 strain ECO0816,562.23194,,1.0,0.0,1.0,1.0,0.0,,0.0,0.0,
Escherichia coli O25:H4 strain ECO0820,562.23199,,0.0,0.0,0.0,1.0,0.0,,0.0,0.0,
Escherichia coli O25:H4 strain ECO0822,562.232,,0.0,0.0,1.0,1.0,0.0,,1.0,0.0,
Escherichia coli O25:H4 strain ECO0835,562.23212,,1.0,1.0,1.0,1.0,1.0,,0.0,0.0,
Escherichia coli O25:H4 strain ECO0849,562.23226,,1.0,1.0,1.0,1.0,1.0,,0.0,0.0,
Escherichia coli O25:H4 strain ECO0852,562.23229,,1.0,1.0,1.0,1.0,0.0,,1.0,0.0,
Escherichia coli O25:H4 strain ECO0855,562.23231,,0.0,0.0,0.0,1.0,1.0,,0.0,0.0,
Escherichia coli O25:H4 strain ECO0861,562.23235,,0.0,0.0,0.0,0.0,0.0,,0.0,0.0,
Escherichia coli O25:H4 strain ECO0867,562.23239,,0.0,0.0,0.0,1.0,1.0,,0.0,0.0,
Escherichia coli O25:H4 strain ECO0876,562.23248,,0.0,0.0,0.0,1.0,0.0,,0.0,0.0,
Escherichia coli O25:H4 strain ECO0881,562.23159,,0.0,0.0,0.0,1.0,0.0,,0.0,0.0,
Escherichia coli O25:H4 strain ECO0887,562.23793,,0.0,0.0,0.0,0.0,0.0,,0.0,0.0,
Escherichia coli O25:H4 strain ECO0893,562.23259,,0.0,0.0,0.0,1.0,0.0,,0.0,0.0,
Escherichia coli O25:H4 strain ECO0895,562.23261,,0.0,0.0,0.0,1.0,0.0,,0.0,0.0,
Escherichia coli O25:H4 strain ECO0906,562.23269,,0.0,0.0,0.0,0.0,0.0,,0.0,0.0,
Escherichia coli O25:H4 strain ECO0909,562.23874,,1.0,1.0,1.0,1.0,0.0,,0.0,0.0,
Escherichia coli O25:H4 strain ECO0912,562.23804,,1.0,1.0,1.0,1.0,0.0,,0.0,0.0,
Escherichia coli O25:H4 strain ECO0919,562.23273,,1.0,1.0,1.0,1.0,0.0,,0.0,0.0,
Escherichia coli O25:H4 strain ECO0928,562.23282,,0.0,0.0,0.0,1.0,0.0,,0.0,0.0,
Escherichia coli O25:H4 strain ECO0930,562.23284,,1.0,1.0,1.0,1.0,1.0,,0.0,0.0,
Escherichia coli O25:H4 strain ECO0945,562.23297,,0.0,0.0,0.0,0.0,0.0,,0.0,0.0,
Escherichia coli O25:H4 strain ECO0956,562.23305,,0.0,0.0,1.0,1.0,1.0,,0.0,0.0,
Escherichia coli O25:H4 strain ECO0958,562.23306,,1.0,1.0,1.0,1.0,0.0,,1.0,0.0,
Escherichia coli O25:H4 strain ECO0959,562.23307,,0.0,0.0,0.0,1.0,1.0,,0.0,0.0,
Escherichia coli O25:H4 strain ECO0963,562.23311,,1.0,1.0,1.0,1.0,1.0,,0.0,0.0,
Escherichia coli O25:H4 strain ECO0974,562.23321,,0.0,0.0,0.0,1.0,0.0,,0.0,0.0,
Escherichia coli O25:H4 strain ECO0991,562.23428,,1.0,1.0,1.0,1.0,0.0,,1.0,0.0,
Escherichia coli O25:H4 strain ECO0999,562.23532,,0.0,0.0,0.0,1.0,0.0,,1.0,0.0,
Escherichia coli O25:H4 strain ECO1014,562.23493,,0.0,0.0,0.0,0.0,0.0,,0.0,0.0,
Escherichia coli O25:H4 strain ECO1015,562.23451,,1.0,1.0,1.0,1.0,0.0,,1.0,0.0,
Escherichia coli O25:H4 strain ECO1018,562.23454,,1.0,1.0,1.0,1.0,0.0,,1.0,0.0,
Escherichia coli O25:H4 strain ECO1021,562.23457,,1.0,1.0,1.0,1.0,1.0,,1.0,0.0,
Escherichia coli O25:H4 strain ECO1022,562.23458,,1.0,1.0,1.0,1.0,0.0,,1.0,0.0,
Escherichia coli O25:H4 strain ECO1025,562.23461,,1.0,1.0,1.0,1.0,0.0,,1.0,0.0,
Escherichia coli O25:H4 strain ECO1027,562.23463,,1.0,1.0,1.0,1.0,0.0,,1.0,0.0,
Escherichia coli O25:H4 strain ECO1031,562.23501,,1.0,1.0,1.0,1.0,0.0,,1.0,0.0,
Escherichia coli O25:H4 strain ECO1041,562.23474,,0.0,0.0,0.0,1.0,0.0,,0.0,0.0,
Escherichia coli O25:H4 strain ECO1043,562.23478,,0.0,0.0,0.0,1.0,1.0,,1.0,0.0,
Escherichia coli O25:H4 strain ECO1045,562.2348,,0.0,0.0,0.0,1.0,1.0,,0.0,0.0,
Escherichia coli O25:H4 strain ECO1049,562.23483,,0.0,0.0,0.0,0.0,0.0,,1.0,0.0,
Escherichia coli O25:H4 strain ECO1055,562.2341,,0.0,0.0,1.0,1.0,0.0,,0.0,0.0,
Escherichia coli O25:H4 strain ECO1062,562.23487,,1.0,1.0,1.0,1.0,0.0,,0.0,0.0,
Escherichia coli O25:H4 strain ECO1063,562.23488,,1.0,1.0,1.0,1.0,1.0,,0.0,0.0,
Escherichia coli O25:H4 strain ECO1090,562.23393,,0.0,0.0,0.0,1.0,1.0,,0.0,0.0,
Escherichia coli O25:H4 strain ECO1092,562.23329,,0.0,0.0,0.0,1.0,0.0,,0.0,0.0,
Escherichia coli O25:H4 strain ECO1099,562.23336,,0.0,0.0,0.0,0.0,0.0,,0.0,0.0,
Escherichia coli O25:H4 strain ECO1101,562.23338,,1.0,1.0,1.0,1.0,0.0,,0.0,0.0,
Escherichia coli O25:H4 strain ECO1110,562.23347,,0.0,0.0,0.0,0.0,0.0,,0.0,0.0,
Escherichia coli O25:H4 strain ECO1111,562.23348,,0.0,0.0,0.0,1.0,0.0,,0.0,0.0,
Escherichia coli O25:H4 strain ECO1115,562.23351,,0.0,0.0,1.0,1.0,1.0,,0.0,0.0,
Escherichia coli O25:H4 strain ECO1125,562.23359,,0.0,0.0,0.0,1.0,0.0,,0.0,0.0,
Escherichia coli O25:H4 strain ECO1130,562.23365,,1.0,1.0,1.0,1.0,0.0,,0.0,0.0,
Escherichia coli O25:H4 strain ECO1136,562.23823,,0.0,0.0,0.0,0.0,0.0,,0.0,0.0,
Escherichia coli O25:H4 strain ECO1140,562.23375,,1.0,0.0,1.0,1.0,0.0,,0.0,0.0,
Escherichia coli O25:H4 strain ECO1142,562.23377,,1.0,0.0,1.0,1.0,0.0,,0.0,0.0,
Escherichia coli O25:H4 strain ECO1148,562.2386,,1.0,1.0,1.0,1.0,1.0,,0.0,0.0,
Escherichia coli O25:H4 strain ECO1154,562.23884,,1.0,1.0,1.0,1.0,1.0,,1.0,0.0,
Escherichia coli O25:H4 strain ECO1159,562.23822,,0.0,0.0,0.0,1.0,1.0,,0.0,0.0,
Escherichia coli O25:H4 strain ECO1161,562.23395,,1.0,1.0,1.0,1.0,1.0,,0.0,0.0,
Escherichia coli O25:H4 strain ECO1163,562.23396,,1.0,1.0,1.0,1.0,0.0,,1.0,0.0,
Escherichia coli O25:H4 strain ECO1164,562.23397,,0.0,0.0,1.0,0.0,1.0,,0.0,0.0,
Escherichia coli O25:H4 strain ECO1165,562.23593,,0.0,0.0,1.0,1.0,1.0,,0.0,0.0,
Escherichia coli O25:H4 strain ECO1168,562.23398,,1.0,1.0,1.0,1.0,1.0,,1.0,0.0,
Escherichia coli O25:H4 strain ECO1169,562.23403,,1.0,1.0,1.0,1.0,1.0,,1.0,0.0,
Escherichia coli O25:H4 strain ECO1171,562.23405,,0.0,0.0,0.0,0.0,1.0,,0.0,0.0,
Escherichia coli O25:H4 strain ECO1180,562.23571,,0.0,0.0,1.0,1.0,0.0,,0.0,0.0,
Escherichia coli O25:H4 strain ECO1185,562.23883,,0.0,0.0,0.0,0.0,0.0,,0.0,0.0,
Escherichia coli O25:H4 strain ECO1189,562.23505,,1.0,1.0,1.0,1.0,0.0,,1.0,0.0,
Escherichia coli O25:H4 strain ECO1190,562.23821,,1.0,1.0,1.0,1.0,0.0,,1.0,0.0,
Escherichia coli O25:H4 strain ECO1191,562.2382,,0.0,0.0,0.0,0.0,0.0,,0.0,0.0,
Escherichia coli O25:H4 strain ECO1198,562.23819,,0.0,0.0,0.0,0.0,0.0,,0.0,0.0,
Escherichia coli O25:H4 strain ECO1223,562.23832,,0.0,0.0,0.0,1.0,0.0,,0.0,0.0,
Escherichia coli O25:H4 strain ECO1225,562.23539,,0.0,0.0,0.0,1.0,0.0,,0.0,0.0,
Escherichia coli O25:H4 strain ECO1226,562.23881,,0.0,0.0,0.0,0.0,0.0,,0.0,0.0,
Escherichia coli O25:H4 strain ECO1228,562.23542,,0.0,0.0,0.0,1.0,0.0,,0.0,0.0,
Escherichia coli O25:H4 strain ECO1236,562.23413,,1.0,1.0,1.0,1.0,1.0,,0.0,0.0,
Escherichia coli O25:H4 strain ECO1237,562.23412,,0.0,0.0,0.0,0.0,0.0,,0.0,0.0,
Escherichia coli O25:H4 strain ECO1244,562.23558,,1.0,1.0,1.0,1.0,1.0,,1.0,0.0,
Escherichia coli O25:H4 strain ECO1254,562.23551,,0.0,0.0,0.0,1.0,0.0,,0.0,0.0,
Escherichia coli O25:H4 strain ECO1258,562.23572,,0.0,0.0,1.0,0.0,0.0,,0.0,0.0,
Escherichia coli O25:H4 strain ECO1260,562.2383,,0.0,0.0,0.0,0.0,0.0,,0.0,0.0,
Escherichia coli O25:H4 strain ECO1261,562.23574,,1.0,1.0,1.0,1.0,1.0,,1.0,0.0,
Escherichia coli O25:H4 strain ECO1264,562.23923,,0.0,0.0,0.0,1.0,0.0,,0.0,0.0,
Escherichia coli O25:H4 strain ECO1267,562.23565,,0.0,0.0,0.0,0.0,1.0,,1.0,0.0,
Escherichia coli O25:H4 strain ECO1268,562.23566,,1.0,1.0,1.0,1.0,0.0,,0.0,0.0,
Escherichia coli O25:H4 strain ECO1269,562.23567,,0.0,0.0,0.0,0.0,1.0,,1.0,0.0,
Escherichia coli O25:H4 strain ECO1290,562.23371,,0.0,0.0,0.0,1.0,1.0,,0.0,0.0,
Escherichia coli O25:H4 strain ECO1294,562.23508,,1.0,1.0,1.0,1.0,0.0,,0.0,0.0,
Escherichia coli O25:H4 strain ECO1295,562.23399,,0.0,0.0,1.0,1.0,0.0,,0.0,0.0,
Escherichia coli O25:H4 strain ECO1297,562.23401,,0.0,0.0,0.0,0.0,0.0,,0.0,0.0,
Escherichia coli O25:H4 strain ECO1301,562.23633,,0.0,0.0,0.0,1.0,0.0,,0.0,0.0,
Escherichia coli O25:H4 strain ECO1322,562.2361,,0.0,0.0,1.0,1.0,0.0,,0.0,0.0,
Escherichia coli O25:H4 strain ECO1327,562.23615,,1.0,1.0,1.0,1.0,0.0,,0.0,0.0,
Escherichia coli O25:H4 strain ECO1332,562.23617,,0.0,0.0,0.0,0.0,0.0,,0.0,0.0,
Escherichia coli O25:H4 strain ECO1337,562.23623,,1.0,1.0,1.0,1.0,0.0,,0.0,0.0,
Escherichia coli O25:H4 strain ECO1353,562.23631,,0.0,0.0,0.0,0.0,0.0,,0.0,0.0,
Escherichia coli O25:H4 strain ECO1369,562.23642,,0.0,0.0,0.0,1.0,1.0,,0.0,0.0,
Escherichia coli O25:H4 strain ECO1371,562.23644,,0.0,0.0,0.0,0.0,0.0,,0.0,0.0,
Escherichia coli O25:H4 strain ECO1373,562.23646,,1.0,1.0,1.0,1.0,0.0,,1.0,0.0,
Escherichia coli O25:H4 strain ECO1383,562.23653,,0.0,0.0,1.0,1.0,0.0,,0.0,0.0,
Escherichia coli O25:H4 strain ECO1393,562.23659,,0.0,0.0,1.0,1.0,1.0,,0.0,0.0,
Escherichia coli O25:H4 strain ECO1399,562.23664,,0.0,0.0,1.0,1.0,0.0,,1.0,0.0,
Escherichia coli O25:H4 strain ECO1456,562.23727,,1.0,1.0,1.0,1.0,0.0,,0.0,0.0,
Escherichia coli O25:H4 strain ECO1462,562.239,,0.0,0.0,0.0,1.0,0.0,,0.0,0.0,
Escherichia coli O25:H4 strain ECO1466,562.23899,,1.0,1.0,1.0,1.0,1.0,,0.0,0.0,
Escherichia coli O25:H4 strain ECO1467,562.23737,,1.0,1.0,1.0,1.0,0.0,,0.0,0.0,
Escherichia coli O25:H4 strain ECO1471,562.23738,,0.0,0.0,0.0,0.0,0.0,,0.0,0.0,
Escherichia coli O25:H4 strain ECO1475,562.23741,,0.0,0.0,0.0,0.0,0.0,,0.0,0.0,
Escherichia coli O25:H4 strain ECO1478,562.23844,,0.0,0.0,0.0,0.0,0.0,,0.0,0.0,
Escherichia coli O25:H4 strain ECO1486,562.2375,,0.0,0.0,0.0,0.0,0.0,,0.0,0.0,
Escherichia coli O25:H4 strain ECO1490,562.23895,,1.0,1.0,1.0,1.0,1.0,,0.0,0.0,
Escherichia coli O25:H4 strain ECO1497,562.23894,,1.0,1.0,1.0,1.0,1.0,,0.0,0.0,
Escherichia coli O25:H4 strain ECO1500,562.23911,,1.0,0.0,1.0,1.0,0.0,,0.0,0.0,
Escherichia coli O25:H4 strain ECO1501,562.23758,,0.0,0.0,0.0,1.0,0.0,,0.0,0.0,
Escherichia coli O25:H4 strain ECO1507,562.2376,,0.0,0.0,0.0,1.0,1.0,,0.0,0.0,
Escherichia coli O25:H4 strain ECO1511,562.23909,,1.0,1.0,1.0,1.0,1.0,,0.0,0.0,
Escherichia coli O25:H4 strain ECO1515,562.2385,,1.0,1.0,1.0,1.0,0.0,,0.0,0.0,
Escherichia coli O25:H4 strain ECO1519,562.23769,,1.0,1.0,1.0,1.0,0.0,,0.0,0.0,
Escherichia coli O25:H4 strain ECO1528,562.23849,,0.0,0.0,0.0,0.0,0.0,,0.0,0.0,
Escherichia coli O26:H27 strain ECO0283,562.22692,1.0,0.0,0.0,0.0,0.0,0.0,0.0,0.0,0.0,
Escherichia coli O26:H30 strain ECO0227,562.22643,1.0,0.0,0.0,1.0,0.0,0.0,0.0,0.0,0.0,
Escherichia coli O29:H4 strain ECO1495,562.23756,,0.0,0.0,0.0,1.0,0.0,,0.0,0.0,
Escherichia coli O2:H1 strain ECO0001,562.22428,0.0,0.0,0.0,1.0,0.0,0.0,0.0,0.0,0.0,
Escherichia coli O2:H1 strain ECO0017,562.22444,0.0,0.0,0.0,0.0,0.0,0.0,0.0,0.0,0.0,
Escherichia coli O2:H1 strain ECO0019,562.22446,0.0,0.0,0.0,0.0,0.0,0.0,0.0,0.0,0.0,
Escherichia coli O2:H1 strain ECO0147,562.22572,1.0,0.0,0.0,1.0,0.0,0.0,0.0,0.0,0.0,
Escherichia coli O2:H1 strain ECO0189,562.22613,0.0,0.0,0.0,0.0,0.0,0.0,0.0,0.0,0.0,
Escherichia coli O2:H1 strain ECO0231,562.22644,1.0,0.0,0.0,0.0,0.0,0.0,0.0,0.0,0.0,
Escherichia coli O2:H1 strain ECO0272,562.22683,1.0,0.0,0.0,0.0,0.0,0.0,0.0,0.0,0.0,
Escherichia coli O2:H1 strain ECO0276,562.22686,1.0,0.0,0.0,0.0,0.0,0.0,0.0,0.0,0.0,
Escherichia coli O2:H1 strain ECO0376,562.22787,1.0,1.0,1.0,1.0,1.0,0.0,0.0,0.0,0.0,
Escherichia coli O2:H1 strain ECO0409,562.22812,1.0,0.0,0.0,0.0,0.0,0.0,0.0,0.0,0.0,
Escherichia coli O2:H1 strain ECO0486,562.22868,,,0.0,0.0,1.0,1.0,,0.0,,
Escherichia coli O2:H1 strain ECO0512,562.22905,,,0.0,0.0,0.0,0.0,,0.0,,
Escherichia coli O2:H1 strain ECO0524,562.23136,,0.0,0.0,0.0,0.0,0.0,,0.0,0.0,
Escherichia coli O2:H1 strain ECO0531,562.22922,,0.0,0.0,0.0,0.0,0.0,,0.0,0.0,
Escherichia coli O2:H1 strain ECO0552,562.2294,,0.0,0.0,0.0,0.0,0.0,,0.0,0.0,
Escherichia coli O2:H1 strain ECO0596,562.22973,,0.0,0.0,0.0,0.0,0.0,,0.0,0.0,
Escherichia coli O2:H1 strain ECO0637,562.23011,,0.0,0.0,1.0,0.0,1.0,,1.0,0.0,
Escherichia coli O2:H1 strain ECO0646,562.2302,,0.0,0.0,0.0,0.0,0.0,,1.0,0.0,
Escherichia coli O2:H1 strain ECO0660,562.23146,,0.0,0.0,0.0,0.0,0.0,,0.0,0.0,
Escherichia coli O2:H1 strain ECO0661,562.23147,,0.0,0.0,0.0,0.0,0.0,,0.0,0.0,
Escherichia coli O2:H1 strain ECO0669,562.23033,,0.0,0.0,0.0,0.0,0.0,,0.0,0.0,
Escherichia coli O2:H1 strain ECO0684,562.2305,,0.0,0.0,0.0,0.0,0.0,,0.0,0.0,
Escherichia coli O2:H1 strain ECO0724,562.23085,,0.0,0.0,0.0,0.0,0.0,,0.0,0.0,
Escherichia coli O2:H1 strain ECO0762,562.23113,,0.0,0.0,1.0,0.0,0.0,,1.0,0.0,
Escherichia coli O2:H1 strain ECO0799,562.23182,,0.0,0.0,0.0,0.0,0.0,,0.0,0.0,
Escherichia coli O2:H1 strain ECO0818,562.23196,,0.0,0.0,0.0,0.0,0.0,,0.0,0.0,
Escherichia coli O2:H1 strain ECO0833,562.23211,,0.0,0.0,0.0,0.0,0.0,,0.0,0.0,
Escherichia coli O2:H1 strain ECO0879,562.23161,,0.0,0.0,0.0,0.0,0.0,,1.0,0.0,
Escherichia coli O2:H1 strain ECO0904,562.23806,,0.0,0.0,0.0,0.0,0.0,,1.0,0.0,
Escherichia coli O2:H1 strain ECO0908,562.23805,,0.0,0.0,0.0,0.0,0.0,,0.0,0.0,
Escherichia coli O2:H1 strain ECO0913,562.23802,,0.0,0.0,0.0,0.0,0.0,,0.0,0.0,
Escherichia coli O2:H1 strain ECO0960,562.23308,,0.0,0.0,0.0,0.0,0.0,,0.0,0.0,
Escherichia coli O2:H1 strain ECO1067,562.23812,,0.0,0.0,0.0,0.0,0.0,,0.0,0.0,
Escherichia coli O2:H1 strain ECO1071,562.23811,,0.0,0.0,0.0,0.0,0.0,,0.0,0.0,
Escherichia coli O2:H1 strain ECO1291,562.23388,,0.0,0.0,0.0,0.0,0.0,,0.0,0.0,
Escherichia coli O2:H1 strain ECO1310,562.23602,,0.0,0.0,1.0,0.0,0.0,,0.0,0.0,
Escherichia coli O2:H1 strain ECO1340,562.23666,,0.0,0.0,0.0,0.0,0.0,,0.0,0.0,
Escherichia coli O2:H1 strain ECO1348,562.23687,,0.0,0.0,0.0,0.0,0.0,,0.0,0.0,
Escherichia coli O2:H1 strain ECO1351,562.23688,,0.0,0.0,0.0,0.0,0.0,,0.0,0.0,
Escherichia coli O2:H1 strain ECO1472,562.23739,,0.0,0.0,0.0,0.0,0.0,,0.0,0.0,
Escherichia coli O2:H1 strain ECO1489,562.23751,,0.0,0.0,0.0,0.0,0.0,,0.0,0.0,
Escherichia coli O2:H1 strain ECO1529,562.23777,,0.0,0.0,0.0,0.0,0.0,,0.0,0.0,
Escherichia coli O2:H14 strain ECO0050,562.22477,0.0,0.0,0.0,0.0,0.0,0.0,0.0,0.0,0.0,
Escherichia coli O2:H18 strain ECO0104,562.22529,1.0,1.0,1.0,1.0,0.0,0.0,0.0,0.0,0.0,
Escherichia coli O2:H18 strain ECO0269,562.22679,0.0,0.0,0.0,0.0,0.0,0.0,0.0,0.0,0.0,
Escherichia coli O2:H18 strain ECO0568,562.22954,,0.0,0.0,0.0,0.0,0.0,,0.0,0.0,
Escherichia coli O2:H4 strain ECO0080,562.22507,0.0,0.0,0.0,0.0,0.0,0.0,0.0,0.0,0.0,
Escherichia coli O2:H4 strain ECO0094,562.2252,1.0,0.0,0.0,0.0,0.0,0.0,0.0,0.0,0.0,
Escherichia coli O2:H4 strain ECO0113,562.22538,1.0,0.0,0.0,0.0,0.0,0.0,0.0,0.0,0.0,
Escherichia coli O2:H4 strain ECO0139,562.22564,1.0,0.0,0.0,0.0,0.0,0.0,0.0,0.0,0.0,
Escherichia coli O2:H4 strain ECO0202,562.22617,0.0,0.0,0.0,0.0,0.0,0.0,0.0,0.0,0.0,
Escherichia coli O2:H4 strain ECO0217,562.22632,1.0,0.0,0.0,0.0,0.0,0.0,0.0,1.0,0.0,
Escherichia coli O2:H4 strain ECO0235,562.22647,1.0,0.0,0.0,0.0,1.0,0.0,0.0,0.0,0.0,
Escherichia coli O2:H4 strain ECO0298,562.23867,1.0,0.0,0.0,0.0,0.0,0.0,0.0,0.0,0.0,
Escherichia coli O2:H4 strain ECO0308,562.22721,1.0,0.0,0.0,0.0,1.0,0.0,0.0,0.0,0.0,
Escherichia coli O2:H4 strain ECO0314,562.22727,1.0,0.0,0.0,0.0,0.0,0.0,0.0,0.0,0.0,
Escherichia coli O2:H4 strain ECO0315,562.22728,1.0,0.0,0.0,0.0,0.0,0.0,0.0,0.0,0.0,
Escherichia coli O2:H4 strain ECO0327,562.22737,0.0,0.0,0.0,0.0,0.0,0.0,0.0,0.0,0.0,
Escherichia coli O2:H4 strain ECO0358,562.22767,1.0,0.0,0.0,0.0,1.0,0.0,0.0,0.0,0.0,
Escherichia coli O2:H4 strain ECO0449,562.22837,,,0.0,0.0,0.0,0.0,,0.0,,
Escherichia coli O2:H4 strain ECO0482,562.22864,,,0.0,0.0,0.0,0.0,,0.0,,
Escherichia coli O2:H4 strain ECO0580,562.23935,,0.0,0.0,0.0,0.0,0.0,,0.0,0.0,
Escherichia coli O2:H4 strain ECO0592,562.22969,,0.0,0.0,0.0,0.0,0.0,,0.0,0.0,
Escherichia coli O2:H4 strain ECO0662,562.23148,,0.0,0.0,0.0,0.0,0.0,,0.0,0.0,
Escherichia coli O2:H4 strain ECO0683,562.23049,,0.0,0.0,0.0,0.0,0.0,,0.0,0.0,
Escherichia coli O2:H4 strain ECO0703,562.23067,,0.0,0.0,0.0,0.0,0.0,,0.0,0.0,
Escherichia coli O2:H4 strain ECO0775,562.23794,,0.0,0.0,1.0,0.0,0.0,,1.0,0.0,
Escherichia coli O2:H4 strain ECO0805,562.23155,,0.0,0.0,0.0,0.0,0.0,,0.0,0.0,
Escherichia coli O2:H4 strain ECO0814,562.23192,,0.0,0.0,0.0,0.0,0.0,,0.0,0.0,
Escherichia coli O2:H4 strain ECO0845,562.23222,,0.0,0.0,0.0,0.0,0.0,,0.0,0.0,
Escherichia coli O2:H4 strain ECO0915,562.2327,,0.0,0.0,0.0,0.0,0.0,,0.0,0.0,
Escherichia coli O2:H4 strain ECO0949,562.23299,,0.0,0.0,0.0,0.0,0.0,,0.0,0.0,
Escherichia coli O2:H4 strain ECO1020,562.23496,,0.0,0.0,0.0,0.0,0.0,,0.0,0.0,
Escherichia coli O2:H4 strain ECO1042,562.23372,,0.0,0.0,0.0,0.0,0.0,,0.0,0.0,
Escherichia coli O2:H4 strain ECO1080,562.2345,,0.0,0.0,0.0,0.0,0.0,,0.0,0.0,
Escherichia coli O2:H4 strain ECO1121,562.23356,,1.0,1.0,1.0,1.0,1.0,,0.0,0.0,
Escherichia coli O2:H4 strain ECO1123,562.23357,,0.0,0.0,0.0,1.0,0.0,,0.0,0.0,
Escherichia coli O2:H4 strain ECO1141,562.23376,,0.0,0.0,1.0,0.0,0.0,,0.0,0.0,
Escherichia coli O2:H4 strain ECO1252,562.2355,,0.0,0.0,0.0,0.0,0.0,,0.0,0.0,
Escherichia coli O2:H4 strain ECO1298,562.23595,,0.0,0.0,1.0,0.0,0.0,,1.0,0.0,
Escherichia coli O2:H4 strain ECO1309,562.23601,,0.0,0.0,1.0,0.0,0.0,,0.0,0.0,
Escherichia coli O2:H4 strain ECO1356,562.23889,,0.0,0.0,0.0,0.0,0.0,,0.0,0.0,
Escherichia coli O2:H4 strain ECO1374,562.23647,,0.0,0.0,0.0,0.0,0.0,,0.0,0.0,
Escherichia coli O2:H4 strain ECO1422,562.23691,,0.0,0.0,0.0,0.0,0.0,,1.0,0.0,
Escherichia coli O2:H4 strain ECO1452,562.23725,,0.0,0.0,0.0,0.0,0.0,,0.0,0.0,
Escherichia coli O2:H4 strain ECO1455,562.23846,,0.0,0.0,0.0,0.0,0.0,,0.0,0.0,
Escherichia coli O2:H4 strain ECO1488,562.23896,,0.0,0.0,0.0,0.0,0.0,,0.0,0.0,
Escherichia coli O2:H4 strain ECO1496,562.23757,,0.0,0.0,0.0,0.0,0.0,,0.0,0.0,
Escherichia coli O2:H42 strain ECO1271,562.23569,,0.0,0.0,1.0,0.0,0.0,,1.0,0.0,
Escherichia coli O2:H48 strain ECO0520,562.2313,,0.0,0.0,0.0,0.0,0.0,,0.0,0.0,
Escherichia coli O2:H48 strain ECO1137,562.23555,,0.0,0.0,0.0,0.0,0.0,,0.0,0.0,
Escherichia coli O2:H5 strain ECO1182,562.23579,,0.0,0.0,0.0,0.0,0.0,,0.0,0.0,
Escherichia coli O2:H6 strain ECO0245,562.22658,1.0,0.0,0.0,0.0,0.0,0.0,0.0,0.0,0.0,
Escherichia coli O2:H6 strain ECO0300,562.22715,1.0,0.0,0.0,0.0,0.0,0.0,0.0,0.0,0.0,
Escherichia coli O2:H6 strain ECO0362,562.22771,1.0,0.0,0.0,0.0,0.0,0.0,0.0,0.0,0.0,
Escherichia coli O2:H6 strain ECO0464,562.23913,,,0.0,1.0,0.0,1.0,,1.0,,
Escherichia coli O2:H6 strain ECO0583,562.23045,,0.0,0.0,1.0,0.0,0.0,,0.0,0.0,
Escherichia coli O2:H6 strain ECO0604,562.2298,,0.0,0.0,0.0,0.0,0.0,,0.0,0.0,
Escherichia coli O2:H6 strain ECO0611,562.22987,,0.0,0.0,0.0,0.0,0.0,,0.0,0.0,
Escherichia coli O2:H6 strain ECO0619,562.22994,,0.0,0.0,0.0,0.0,0.0,,0.0,0.0,
Escherichia coli O2:H6 strain ECO0628,562.23003,,0.0,0.0,0.0,0.0,0.0,,0.0,0.0,
Escherichia coli O2:H6 strain ECO0653,562.23026,,0.0,0.0,0.0,0.0,0.0,,0.0,0.0,
Escherichia coli O2:H6 strain ECO0780,562.23127,,0.0,0.0,0.0,0.0,0.0,,0.0,0.0,
Escherichia coli O2:H6 strain ECO0796,562.23179,,0.0,0.0,0.0,0.0,0.0,,0.0,0.0,
Escherichia coli O2:H6 strain ECO0826,562.23204,,0.0,0.0,0.0,0.0,0.0,,0.0,0.0,
Escherichia coli O2:H6 strain ECO1019,562.23455,,0.0,0.0,0.0,0.0,0.0,,1.0,0.0,
Escherichia coli O2:H6 strain ECO1079,562.2381,,0.0,0.0,0.0,0.0,0.0,,0.0,0.0,
Escherichia coli O2:H6 strain ECO1128,562.23361,,0.0,0.0,0.0,0.0,0.0,,0.0,0.0,
Escherichia coli O2:H6 strain ECO1160,562.23394,,0.0,0.0,0.0,0.0,0.0,,0.0,0.0,
Escherichia coli O2:H6 strain ECO1222,562.23537,,0.0,0.0,1.0,0.0,0.0,,0.0,0.0,
Escherichia coli O2:H6 strain ECO1341,562.23625,,0.0,0.0,0.0,0.0,0.0,,0.0,0.0,
Escherichia coli O2:H6 strain ECO1365,562.23638,,0.0,0.0,0.0,0.0,0.0,,0.0,0.0,
Escherichia coli O2:H6 strain ECO1379,562.2365,,0.0,0.0,0.0,0.0,0.0,,0.0,0.0,
Escherichia coli O2:H6 strain ECO1404,562.23668,,0.0,0.0,0.0,0.0,0.0,,0.0,0.0,
Escherichia coli O2:H6 strain ECO1445,562.23887,,0.0,0.0,0.0,0.0,0.0,,0.0,0.0,
Escherichia coli O2:H6 strain ECO1476,562.23903,,0.0,0.0,0.0,0.0,0.0,,0.0,0.0,
Escherichia coli O2:H6 strain ECO1531,562.23779,,0.0,0.0,0.0,0.0,0.0,,0.0,0.0,
Escherichia coli O2:H7 strain ECO0023,562.22451,0.0,0.0,0.0,0.0,0.0,0.0,0.0,0.0,0.0,
Escherichia coli O2:H7 strain ECO0082,562.22509,0.0,0.0,0.0,0.0,0.0,0.0,0.0,0.0,0.0,
Escherichia coli O2:H7 strain ECO0086,562.22513,0.0,0.0,0.0,0.0,0.0,0.0,0.0,0.0,0.0,
Escherichia coli O2:H7 strain ECO0131,562.22557,1.0,0.0,0.0,0.0,0.0,0.0,0.0,0.0,0.0,
Escherichia coli O2:H7 strain ECO0141,562.22566,1.0,0.0,0.0,0.0,0.0,0.0,0.0,0.0,0.0,
Escherichia coli O2:H7 strain ECO0146,562.22571,0.0,0.0,0.0,0.0,0.0,0.0,0.0,0.0,0.0,
Escherichia coli O2:H7 strain ECO0169,562.22593,1.0,0.0,0.0,0.0,0.0,0.0,0.0,0.0,0.0,
Escherichia coli O2:H7 strain ECO0234,562.22648,1.0,0.0,0.0,0.0,0.0,0.0,0.0,0.0,0.0,
Escherichia coli O2:H7 strain ECO0317,562.2273,0.0,0.0,0.0,0.0,0.0,0.0,0.0,0.0,0.0,
Escherichia coli O2:H7 strain ECO0380,562.22789,1.0,0.0,0.0,0.0,0.0,0.0,0.0,0.0,0.0,
Escherichia coli O2:H7 strain ECO0403,562.22805,1.0,0.0,0.0,0.0,0.0,0.0,0.0,0.0,0.0,
Escherichia coli O2:H7 strain ECO0406,562.22808,0.0,0.0,0.0,0.0,0.0,0.0,0.0,0.0,0.0,
Escherichia coli O2:H7 strain ECO0458,562.22844,,,0.0,0.0,0.0,0.0,,0.0,,
Escherichia coli O2:H7 strain ECO0495,562.22889,,,0.0,0.0,0.0,0.0,,0.0,,
Escherichia coli O2:H7 strain ECO0549,562.22938,,0.0,0.0,0.0,0.0,0.0,,0.0,0.0,
Escherichia coli O2:H7 strain ECO0578,562.23143,,0.0,0.0,0.0,0.0,0.0,,0.0,0.0,
Escherichia coli O2:H7 strain ECO0727,562.23087,,0.0,0.0,0.0,0.0,0.0,,0.0,0.0,
Escherichia coli O2:H7 strain ECO0758,562.23111,,0.0,0.0,0.0,0.0,0.0,,0.0,0.0,
Escherichia coli O2:H7 strain ECO0777,562.23122,,0.0,0.0,0.0,0.0,0.0,,0.0,0.0,
Escherichia coli O2:H7 strain ECO0803,562.23185,,0.0,0.0,0.0,0.0,0.0,,0.0,0.0,
Escherichia coli O2:H7 strain ECO0804,562.23154,,0.0,0.0,0.0,0.0,0.0,,0.0,0.0,
Escherichia coli O2:H7 strain ECO0806,562.23926,,0.0,0.0,0.0,1.0,0.0,,0.0,0.0,
Escherichia coli O2:H7 strain ECO0825,562.23203,,0.0,0.0,0.0,0.0,0.0,,0.0,0.0,
Escherichia coli O2:H7 strain ECO0868,562.2324,,0.0,0.0,0.0,0.0,1.0,,0.0,0.0,
Escherichia coli O2:H7 strain ECO0939,562.23292,,0.0,0.0,0.0,0.0,0.0,,0.0,0.0,
Escherichia coli O2:H7 strain ECO1010,562.23446,,0.0,0.0,0.0,0.0,0.0,,0.0,0.0,
Escherichia coli O2:H7 strain ECO1024,562.2346,,0.0,0.0,0.0,0.0,0.0,,0.0,0.0,
Escherichia coli O2:H7 strain ECO1026,562.23492,,0.0,0.0,0.0,0.0,0.0,,0.0,0.0,
Escherichia coli O2:H7 strain ECO1064,562.23813,,0.0,0.0,0.0,0.0,0.0,,0.0,0.0,
Escherichia coli O2:H7 strain ECO1084,562.23809,,0.0,0.0,0.0,0.0,0.0,,0.0,0.0,
Escherichia coli O2:H7 strain ECO1114,562.2335,,0.0,0.0,0.0,0.0,0.0,,0.0,0.0,
Escherichia coli O2:H7 strain ECO1139,562.23374,,0.0,0.0,0.0,0.0,0.0,,0.0,0.0,
Escherichia coli O2:H7 strain ECO1204,562.23519,,0.0,0.0,0.0,0.0,0.0,,0.0,0.0,
Escherichia coli O2:H7 strain ECO1315,562.23605,,0.0,0.0,0.0,0.0,0.0,,0.0,0.0,
Escherichia coli O2:H7 strain ECO1405,562.23669,,0.0,0.0,0.0,0.0,0.0,,0.0,0.0,
Escherichia coli O2:H7 strain ECO1506,562.23852,,0.0,0.0,0.0,0.0,0.0,,0.0,0.0,
Escherichia coli O2:H9 strain ECO0069,562.22496,1.0,0.0,0.0,0.0,1.0,0.0,0.0,0.0,0.0,
Escherichia coli O30:H11 strain ECO0632,562.23006,,0.0,0.0,0.0,0.0,0.0,,0.0,0.0,
Escherichia coli O30:H11 strain ECO0952,562.23302,,0.0,0.0,0.0,0.0,0.0,,0.0,0.0,
Escherichia coli O34:H9 strain ECO0483,562.22865,,,0.0,0.0,1.0,1.0,,0.0,,
Escherichia coli O34:H9 strain ECO0484,562.22867,,,0.0,0.0,1.0,1.0,,0.0,,
Escherichia coli O36:H42 strain ECO0446,562.22834,,,0.0,0.0,0.0,0.0,,0.0,,
Escherichia coli O39:H4 strain ECO0370,562.22776,0.0,0.0,0.0,0.0,0.0,0.0,0.0,0.0,0.0,
Escherichia coli O39:H4 strain ECO0481,562.22863,,,0.0,0.0,0.0,0.0,,0.0,,
Escherichia coli O39:H4 strain ECO0513,562.22907,,,0.0,0.0,0.0,0.0,,0.0,,
Escherichia coli O39:H4 strain ECO0565,562.22952,,0.0,0.0,0.0,0.0,0.0,,0.0,0.0,
Escherichia coli O39:H4 strain ECO0614,562.2299,,0.0,0.0,0.0,0.0,0.0,,0.0,0.0,
Escherichia coli O39:H4 strain ECO0862,562.23877,,0.0,0.0,0.0,0.0,0.0,,0.0,0.0,
Escherichia coli O39:H4 strain ECO0886,562.23253,,0.0,0.0,0.0,0.0,0.0,,0.0,0.0,
Escherichia coli O39:H4 strain ECO1436,562.23713,,0.0,0.0,0.0,0.0,0.0,,0.0,0.0,
Escherichia coli O45:H45 strain ECO0007,562.22434,1.0,0.0,0.0,0.0,1.0,0.0,0.0,0.0,0.0,
Escherichia coli O45:H7 strain ECO0027,562.22454,1.0,0.0,0.0,0.0,0.0,0.0,0.0,0.0,0.0,
Escherichia coli O45:H7 strain ECO0460,562.22845,,,0.0,0.0,0.0,0.0,,0.0,,
Escherichia coli O45:H7 strain ECO0476,562.22859,,,0.0,0.0,0.0,0.0,,0.0,,
Escherichia coli O45:H7 strain ECO0528,562.22919,,0.0,0.0,0.0,0.0,0.0,,0.0,0.0,
Escherichia coli O45:H7 strain ECO0600,562.22977,,0.0,0.0,0.0,0.0,0.0,,0.0,0.0,
Escherichia coli O45:H7 strain ECO0627,562.23002,,0.0,0.0,0.0,0.0,0.0,,0.0,0.0,
Escherichia coli O45:H7 strain ECO0757,562.2311,,0.0,0.0,0.0,0.0,0.0,,1.0,0.0,
Escherichia coli O45:H7 strain ECO0769,562.23118,,0.0,0.0,0.0,0.0,0.0,,0.0,0.0,
Escherichia coli O45:H7 strain ECO0848,562.23225,,0.0,0.0,0.0,0.0,0.0,,0.0,0.0,
Escherichia coli O45:H7 strain ECO0894,562.2326,,0.0,0.0,0.0,0.0,0.0,,0.0,0.0,
Escherichia coli O45:H7 strain ECO0944,562.23296,,0.0,0.0,0.0,0.0,0.0,,0.0,0.0,
Escherichia coli O45:H7 strain ECO0976,562.23323,,0.0,0.0,0.0,0.0,0.0,,0.0,0.0,
Escherichia coli O45:H7 strain ECO1009,562.23445,,0.0,0.0,0.0,0.0,0.0,,0.0,0.0,
Escherichia coli O45:H7 strain ECO1094,562.23331,,0.0,0.0,0.0,0.0,0.0,,0.0,0.0,
Escherichia coli O45:H7 strain ECO1413,562.23676,,0.0,0.0,0.0,0.0,0.0,,0.0,0.0,
Escherichia coli O45:H7 strain ECO1450,562.23886,,0.0,0.0,0.0,0.0,0.0,,0.0,0.0,
Escherichia coli O45:H7 strain ECO1505,562.23853,,0.0,0.0,0.0,0.0,0.0,,0.0,0.0,
Escherichia coli O48:H7 strain ECO1432,562.23709,,0.0,0.0,0.0,0.0,0.0,,0.0,0.0,
Escherichia coli O49:H40 strain ECO1194,562.23511,,0.0,0.0,0.0,0.0,0.0,,0.0,0.0,
Escherichia coli O4:H1 strain ECO0021,562.22448,0.0,0.0,0.0,0.0,0.0,0.0,0.0,0.0,0.0,
Escherichia coli O4:H1 strain ECO0206,562.22621,0.0,0.0,0.0,0.0,0.0,0.0,0.0,0.0,0.0,
Escherichia coli O4:H1 strain ECO0277,562.22689,1.0,0.0,0.0,0.0,0.0,1.0,0.0,0.0,0.0,
Escherichia coli O4:H1 strain ECO0306,562.22873,1.0,0.0,0.0,0.0,0.0,0.0,0.0,0.0,0.0,
Escherichia coli O4:H1 strain ECO0312,562.22725,0.0,0.0,0.0,0.0,0.0,0.0,0.0,0.0,0.0,
Escherichia coli O4:H1 strain ECO0378,562.22788,1.0,0.0,0.0,0.0,0.0,0.0,0.0,0.0,0.0,
Escherichia coli O4:H1 strain ECO0504,562.22898,,,0.0,0.0,0.0,0.0,,0.0,,
Escherichia coli O4:H1 strain ECO0538,562.22928,,0.0,0.0,0.0,0.0,0.0,,0.0,0.0,
Escherichia coli O4:H1 strain ECO0542,562.22932,,0.0,0.0,0.0,0.0,0.0,,0.0,0.0,
Escherichia coli O4:H1 strain ECO0634,562.23008,,0.0,0.0,0.0,0.0,0.0,,0.0,0.0,
Escherichia coli O4:H1 strain ECO0706,562.2307,,0.0,0.0,0.0,0.0,0.0,,0.0,0.0,
Escherichia coli O4:H1 strain ECO0772,562.23121,,0.0,0.0,0.0,0.0,0.0,,1.0,0.0,
Escherichia coli O4:H1 strain ECO0809,562.23188,,0.0,0.0,0.0,0.0,0.0,,0.0,0.0,
Escherichia coli O4:H1 strain ECO0813,562.23933,,0.0,0.0,0.0,0.0,0.0,,0.0,0.0,
Escherichia coli O4:H1 strain ECO0921,562.23275,,0.0,0.0,0.0,0.0,0.0,,0.0,0.0,
Escherichia coli O4:H1 strain ECO0993,562.2343,,0.0,0.0,0.0,0.0,0.0,,0.0,0.0,
Escherichia coli O4:H1 strain ECO1106,562.23342,,0.0,0.0,0.0,0.0,1.0,,1.0,0.0,
Escherichia coli O4:H1 strain ECO1158,562.23392,,0.0,0.0,1.0,0.0,0.0,,1.0,0.0,
Escherichia coli O4:H1 strain ECO1210,562.23818,,0.0,0.0,1.0,0.0,1.0,,1.0,0.0,
Escherichia coli O4:H1 strain ECO1229,562.23545,,0.0,0.0,0.0,0.0,0.0,,0.0,0.0,
Escherichia coli O4:H1 strain ECO1230,562.23544,,0.0,0.0,0.0,0.0,0.0,,0.0,0.0,
Escherichia coli O4:H1 strain ECO1274,562.23588,,0.0,0.0,0.0,0.0,0.0,,0.0,0.0,
Escherichia coli O4:H1 strain ECO1334,562.23619,,0.0,0.0,0.0,0.0,0.0,,0.0,0.0,
Escherichia coli O4:H1 strain ECO1350,562.23629,,0.0,0.0,1.0,1.0,0.0,,0.0,0.0,
Escherichia coli O4:H1 strain ECO1352,562.23689,,0.0,0.0,1.0,0.0,0.0,,0.0,0.0,
Escherichia coli O4:H1 strain ECO1377,562.23693,,0.0,0.0,0.0,0.0,0.0,,0.0,0.0,
Escherichia coli O4:H1 strain ECO1387,562.23656,,0.0,0.0,0.0,0.0,0.0,,0.0,0.0,
Escherichia coli O4:H1 strain ECO1412,562.23834,,0.0,0.0,0.0,0.0,0.0,,0.0,0.0,
Escherichia coli O4:H1 strain ECO1518,562.23768,,0.0,0.0,0.0,0.0,0.0,,0.0,0.0,
Escherichia coli O4:H1 strain ECO1522,562.23772,,0.0,0.0,0.0,0.0,0.0,,0.0,0.0,
Escherichia coli O4:H4 strain ECO0465,562.22849,,,0.0,0.0,0.0,0.0,,0.0,,
Escherichia coli O4:H40 strain ECO1175,562.23916,,0.0,0.0,0.0,0.0,0.0,,0.0,0.0,
Escherichia coli O4:H5 strain ECO0024,562.2245,0.0,0.0,0.0,0.0,0.0,0.0,0.0,0.0,0.0,
Escherichia coli O4:H5 strain ECO0110,562.22535,1.0,1.0,0.0,1.0,0.0,0.0,0.0,0.0,0.0,
Escherichia coli O4:H5 strain ECO0128,562.22553,0.0,0.0,0.0,0.0,0.0,0.0,0.0,0.0,0.0,
Escherichia coli O4:H5 strain ECO0286,562.22696,1.0,1.0,0.0,1.0,0.0,0.0,0.0,0.0,0.0,
Escherichia coli O4:H5 strain ECO0332,562.22742,1.0,0.0,0.0,0.0,0.0,0.0,0.0,0.0,0.0,
Escherichia coli O4:H5 strain ECO0334,562.22744,1.0,0.0,0.0,0.0,0.0,0.0,0.0,0.0,0.0,
Escherichia coli O4:H5 strain ECO0352,562.22761,1.0,0.0,0.0,0.0,1.0,0.0,0.0,,0.0,
Escherichia coli O4:H5 strain ECO0427,562.22826,1.0,0.0,0.0,0.0,0.0,0.0,0.0,0.0,0.0,
Escherichia coli O4:H5 strain ECO0429,562.22827,0.0,0.0,0.0,0.0,0.0,0.0,0.0,0.0,0.0,
Escherichia coli O4:H5 strain ECO0451,562.22839,,,0.0,0.0,0.0,0.0,,0.0,,
Escherichia coli O4:H5 strain ECO0514,562.22906,,,0.0,0.0,0.0,0.0,,0.0,,
Escherichia coli O4:H5 strain ECO0519,562.22912,,0.0,0.0,0.0,0.0,0.0,,0.0,0.0,
Escherichia coli O4:H5 strain ECO0545,562.22935,,0.0,0.0,0.0,0.0,0.0,,0.0,0.0,
Escherichia coli O4:H5 strain ECO0626,562.23001,,0.0,0.0,0.0,0.0,0.0,,0.0,0.0,
Escherichia coli O4:H5 strain ECO0665,562.23151,,0.0,0.0,0.0,0.0,0.0,,0.0,0.0,
Escherichia coli O4:H5 strain ECO0675,562.23039,,0.0,0.0,0.0,0.0,0.0,,0.0,0.0,
Escherichia coli O4:H5 strain ECO0709,562.23073,,0.0,0.0,0.0,0.0,0.0,,0.0,0.0,
Escherichia coli O4:H5 strain ECO0776,562.23124,,0.0,0.0,0.0,0.0,0.0,,0.0,0.0,
Escherichia coli O4:H5 strain ECO0948,562.23815,,0.0,0.0,0.0,0.0,0.0,,0.0,0.0,
Escherichia coli O4:H5 strain ECO1006,562.23363,,0.0,0.0,0.0,0.0,0.0,,0.0,0.0,
Escherichia coli O4:H5 strain ECO1048,562.23482,,0.0,0.0,0.0,0.0,0.0,,0.0,0.0,
Escherichia coli O4:H5 strain ECO1051,562.23475,,0.0,0.0,0.0,0.0,0.0,,0.0,0.0,
Escherichia coli O4:H5 strain ECO1059,562.23485,,0.0,0.0,0.0,0.0,0.0,,0.0,0.0,
Escherichia coli O4:H5 strain ECO1176,562.23408,,0.0,0.0,0.0,0.0,0.0,,0.0,0.0,
Escherichia coli O4:H5 strain ECO1257,562.23919,,0.0,0.0,0.0,0.0,0.0,,0.0,0.0,
Escherichia coli O4:H5 strain ECO1281,562.2354,,0.0,0.0,1.0,0.0,0.0,,0.0,0.0,
Escherichia coli O4:H5 strain ECO1355,562.23632,,0.0,0.0,0.0,0.0,0.0,,0.0,0.0,
Escherichia coli O4:H5 strain ECO1359,562.23634,,0.0,0.0,0.0,0.0,0.0,,0.0,0.0,
Escherichia coli O4:H5 strain ECO1394,562.2366,,0.0,0.0,0.0,1.0,0.0,,0.0,0.0,
Escherichia coli O4:H5 strain ECO1411,562.23674,,0.0,0.0,0.0,0.0,0.0,,0.0,0.0,
Escherichia coli O4:H5 strain ECO1458,562.23729,,0.0,0.0,0.0,0.0,0.0,,0.0,0.0,
Escherichia coli O4:H5 strain ECO1459,562.2373,,0.0,0.0,0.0,0.0,0.0,,0.0,0.0,
Escherichia coli O51:H24 strain ECO0309,562.22722,1.0,0.0,0.0,0.0,0.0,0.0,0.0,1.0,0.0,
Escherichia coli O51:H34 strain ECO0532,562.22923,,0.0,0.0,0.0,1.0,1.0,,0.0,0.0,
Escherichia coli O54:H14 strain ECO0647,562.23022,,0.0,0.0,0.0,0.0,0.0,,0.0,0.0,
Escherichia coli O54:H2 strain ECO0167,562.22591,0.0,0.0,0.0,0.0,0.0,0.0,0.0,0.0,0.0,
Escherichia coli O54:H28 strain ECO0677,562.23042,,0.0,0.0,0.0,0.0,0.0,,0.0,0.0,
Escherichia coli O54:H45 strain ECO0819,562.23197,,0.0,0.0,1.0,0.0,0.0,,0.0,0.0,
Escherichia coli O5:H4 strain ECO0291,562.22701,1.0,0.0,0.0,0.0,0.0,0.0,0.0,0.0,0.0,
Escherichia coli O64:H21 strain ECO1151,562.23385,,0.0,0.0,1.0,1.0,0.0,,1.0,0.0,
Escherichia coli O6:H1 strain ECO0014,562.22441,1.0,0.0,0.0,0.0,0.0,0.0,0.0,1.0,0.0,
Escherichia coli O6:H1 strain ECO0016,562.22443,1.0,0.0,0.0,1.0,0.0,0.0,0.0,0.0,0.0,
Escherichia coli O6:H1 strain ECO0044,562.22469,1.0,0.0,0.0,0.0,1.0,0.0,0.0,0.0,0.0,
Escherichia coli O6:H1 strain ECO0045,562.22472,1.0,0.0,0.0,0.0,1.0,0.0,0.0,0.0,0.0,
Escherichia coli O6:H1 strain ECO0064,562.22492,0.0,0.0,0.0,0.0,0.0,0.0,0.0,0.0,0.0,
Escherichia coli O6:H1 strain ECO0070,562.22497,0.0,0.0,0.0,0.0,0.0,0.0,0.0,0.0,0.0,
Escherichia coli O6:H1 strain ECO0073,562.225,1.0,0.0,0.0,0.0,0.0,0.0,0.0,0.0,0.0,
Escherichia coli O6:H1 strain ECO0075,562.22502,0.0,0.0,0.0,0.0,0.0,0.0,0.0,0.0,0.0,
Escherichia coli O6:H1 strain ECO0077,562.22504,0.0,0.0,0.0,0.0,0.0,0.0,0.0,0.0,0.0,
Escherichia coli O6:H1 strain ECO0093,562.22519,1.0,0.0,0.0,0.0,0.0,0.0,0.0,0.0,0.0,
Escherichia coli O6:H1 strain ECO0097,562.22523,0.0,0.0,0.0,0.0,0.0,1.0,0.0,0.0,0.0,
Escherichia coli O6:H1 strain ECO0099,562.22525,1.0,0.0,0.0,0.0,0.0,0.0,0.0,0.0,0.0,
Escherichia coli O6:H1 strain ECO0102,562.22528,1.0,0.0,0.0,0.0,0.0,0.0,0.0,0.0,0.0,
Escherichia coli O6:H1 strain ECO0105,562.2253,0.0,0.0,0.0,0.0,0.0,0.0,0.0,0.0,0.0,
Escherichia coli O6:H1 strain ECO0112,562.22537,1.0,0.0,0.0,1.0,0.0,0.0,0.0,0.0,0.0,
Escherichia coli O6:H1 strain ECO0120,562.22545,1.0,0.0,0.0,0.0,0.0,0.0,0.0,1.0,0.0,
Escherichia coli O6:H1 strain ECO0127,562.22552,1.0,0.0,0.0,0.0,0.0,0.0,0.0,0.0,0.0,
Escherichia coli O6:H1 strain ECO0149,562.22574,0.0,0.0,0.0,0.0,0.0,0.0,0.0,0.0,0.0,
Escherichia coli O6:H1 strain ECO0154,562.22579,1.0,0.0,0.0,0.0,0.0,0.0,0.0,1.0,0.0,
Escherichia coli O6:H1 strain ECO0156,562.22581,1.0,0.0,0.0,0.0,0.0,0.0,0.0,0.0,0.0,
Escherichia coli O6:H1 strain ECO0162,562.22587,1.0,0.0,0.0,0.0,0.0,0.0,0.0,1.0,0.0,
Escherichia coli O6:H1 strain ECO0168,562.22592,1.0,0.0,0.0,1.0,0.0,0.0,0.0,1.0,0.0,
Escherichia coli O6:H1 strain ECO0170,562.22594,0.0,0.0,0.0,0.0,0.0,0.0,0.0,0.0,0.0,
Escherichia coli O6:H1 strain ECO0179,562.22603,0.0,0.0,0.0,0.0,0.0,0.0,0.0,0.0,0.0,
Escherichia coli O6:H1 strain ECO0182,562.22606,0.0,0.0,0.0,0.0,0.0,0.0,0.0,0.0,0.0,
Escherichia coli O6:H1 strain ECO0197,562.22712,0.0,0.0,0.0,0.0,0.0,0.0,0.0,0.0,0.0,
Escherichia coli O6:H1 strain ECO0200,562.22615,0.0,0.0,0.0,0.0,0.0,0.0,0.0,0.0,0.0,
Escherichia coli O6:H1 strain ECO0208,562.22623,0.0,0.0,0.0,0.0,0.0,0.0,0.0,0.0,0.0,
Escherichia coli O6:H1 strain ECO0209,562.22624,0.0,0.0,0.0,0.0,0.0,0.0,0.0,0.0,0.0,
Escherichia coli O6:H1 strain ECO0221,562.22634,1.0,0.0,0.0,0.0,0.0,0.0,0.0,0.0,0.0,
Escherichia coli O6:H1 strain ECO0225,562.22638,1.0,0.0,0.0,0.0,0.0,0.0,0.0,0.0,0.0,
Escherichia coli O6:H1 strain ECO0242,562.22656,1.0,0.0,0.0,0.0,0.0,0.0,0.0,0.0,0.0,
Escherichia coli O6:H1 strain ECO0273,562.22684,1.0,0.0,0.0,0.0,0.0,0.0,0.0,0.0,0.0,
Escherichia coli O6:H1 strain ECO0292,562.22702,1.0,0.0,0.0,0.0,0.0,0.0,0.0,0.0,0.0,
Escherichia coli O6:H1 strain ECO0294,562.22704,0.0,0.0,0.0,0.0,0.0,0.0,0.0,0.0,0.0,
Escherichia coli O6:H1 strain ECO0299,562.22714,1.0,0.0,0.0,0.0,0.0,0.0,0.0,0.0,0.0,
Escherichia coli O6:H1 strain ECO0328,562.22738,0.0,0.0,0.0,0.0,0.0,0.0,0.0,0.0,0.0,
Escherichia coli O6:H1 strain ECO0335,562.22745,1.0,0.0,0.0,0.0,0.0,0.0,0.0,1.0,0.0,
Escherichia coli O6:H1 strain ECO0350,562.22759,1.0,0.0,0.0,0.0,0.0,0.0,0.0,1.0,0.0,
Escherichia coli O6:H1 strain ECO0360,562.22769,0.0,0.0,0.0,0.0,0.0,0.0,0.0,0.0,0.0,
Escherichia coli O6:H1 strain ECO0368,562.22774,1.0,0.0,0.0,0.0,0.0,0.0,0.0,1.0,0.0,
Escherichia coli O6:H1 strain ECO0386,562.2279,0.0,0.0,0.0,0.0,0.0,0.0,0.0,0.0,0.0,
Escherichia coli O6:H1 strain ECO0398,562.228,1.0,0.0,0.0,1.0,0.0,0.0,0.0,0.0,0.0,
Escherichia coli O6:H1 strain ECO0415,562.22816,1.0,0.0,0.0,0.0,0.0,0.0,0.0,0.0,0.0,
Escherichia coli O6:H1 strain ECO0417,562.22818,1.0,0.0,0.0,0.0,0.0,0.0,0.0,0.0,0.0,
Escherichia coli O6:H1 strain ECO0418,562.22819,1.0,0.0,0.0,0.0,0.0,0.0,0.0,0.0,0.0,
Escherichia coli O6:H1 strain ECO0441,562.22829,,,0.0,0.0,0.0,0.0,,0.0,,
Escherichia coli O6:H1 strain ECO0444,562.22832,,,0.0,0.0,0.0,0.0,,0.0,,
Escherichia coli O6:H1 strain ECO0445,562.22833,,,0.0,0.0,0.0,0.0,,0.0,,
Escherichia coli O6:H1 strain ECO0448,562.22836,,,0.0,0.0,0.0,0.0,,0.0,,
Escherichia coli O6:H1 strain ECO0461,562.22846,,,0.0,0.0,0.0,0.0,,0.0,,
Escherichia coli O6:H1 strain ECO0473,562.22856,,,0.0,0.0,0.0,0.0,,0.0,,
Escherichia coli O6:H1 strain ECO0475,562.22857,,,0.0,1.0,0.0,0.0,,0.0,,
Escherichia coli O6:H1 strain ECO0489,562.22871,,,0.0,0.0,0.0,0.0,,0.0,,
Escherichia coli O6:H1 strain ECO0490,562.22884,,,0.0,0.0,0.0,0.0,,0.0,,
Escherichia coli O6:H1 strain ECO0506,562.22899,,,0.0,0.0,0.0,0.0,,0.0,,
Escherichia coli O6:H1 strain ECO0511,562.22904,,,0.0,0.0,0.0,0.0,,0.0,,
Escherichia coli O6:H1 strain ECO0518,562.22911,,0.0,0.0,0.0,0.0,0.0,,0.0,0.0,
Escherichia coli O6:H1 strain ECO0522,562.22914,,0.0,0.0,0.0,0.0,0.0,,1.0,0.0,
Escherichia coli O6:H1 strain ECO0525,562.22916,,0.0,0.0,0.0,0.0,0.0,,0.0,0.0,
Escherichia coli O6:H1 strain ECO0553,562.22941,,0.0,0.0,1.0,0.0,0.0,,1.0,0.0,
Escherichia coli O6:H1 strain ECO0555,562.22943,,0.0,0.0,0.0,0.0,0.0,,0.0,1.0,
Escherichia coli O6:H1 strain ECO0556,562.22944,,0.0,0.0,0.0,0.0,0.0,,0.0,0.0,
Escherichia coli O6:H1 strain ECO0561,562.23139,,0.0,0.0,0.0,0.0,0.0,,1.0,0.0,
Escherichia coli O6:H1 strain ECO0562,562.22949,,0.0,0.0,0.0,0.0,0.0,,0.0,0.0,
Escherichia coli O6:H1 strain ECO0573,562.22957,,0.0,0.0,0.0,0.0,0.0,,0.0,0.0,
Escherichia coli O6:H1 strain ECO0575,562.22959,,0.0,0.0,0.0,0.0,0.0,,0.0,0.0,
Escherichia coli O6:H1 strain ECO0579,562.22961,,0.0,0.0,0.0,0.0,0.0,,0.0,0.0,
Escherichia coli O6:H1 strain ECO0582,562.23936,,0.0,0.0,0.0,0.0,0.0,,0.0,0.0,
Escherichia coli O6:H1 strain ECO0588,562.22965,,0.0,0.0,0.0,0.0,0.0,,0.0,0.0,
Escherichia coli O6:H1 strain ECO0590,562.22967,,0.0,0.0,0.0,0.0,0.0,,0.0,0.0,
Escherichia coli O6:H1 strain ECO0591,562.22968,,0.0,0.0,0.0,0.0,0.0,,0.0,0.0,
Escherichia coli O6:H1 strain ECO0597,562.22974,,0.0,0.0,0.0,0.0,0.0,,0.0,0.0,
Escherichia coli O6:H1 strain ECO0598,562.22975,,0.0,0.0,0.0,0.0,0.0,,0.0,0.0,
Escherichia coli O6:H1 strain ECO0601,562.22978,,0.0,0.0,0.0,0.0,0.0,,0.0,0.0,
Escherichia coli O6:H1 strain ECO0602,562.22979,,0.0,0.0,0.0,0.0,1.0,,0.0,0.0,
Escherichia coli O6:H1 strain ECO0606,562.22983,,0.0,0.0,0.0,0.0,0.0,,0.0,0.0,
Escherichia coli O6:H1 strain ECO0610,562.22986,,0.0,0.0,0.0,0.0,0.0,,0.0,0.0,
Escherichia coli O6:H1 strain ECO0625,562.23,,0.0,0.0,0.0,0.0,0.0,,0.0,0.0,
Escherichia coli O6:H1 strain ECO0630,562.23789,,0.0,0.0,0.0,0.0,0.0,,0.0,0.0,
Escherichia coli O6:H1 strain ECO0635,562.23009,,0.0,0.0,0.0,0.0,0.0,,0.0,0.0,
Escherichia coli O6:H1 strain ECO0673,562.23037,,0.0,0.0,0.0,0.0,0.0,,0.0,0.0,
Escherichia coli O6:H1 strain ECO0674,562.23038,,0.0,0.0,0.0,0.0,0.0,,0.0,0.0,
Escherichia coli O6:H1 strain ECO0702,562.23041,,0.0,0.0,0.0,0.0,0.0,,0.0,0.0,
Escherichia coli O6:H1 strain ECO0705,562.23069,,0.0,0.0,0.0,0.0,0.0,,0.0,0.0,
Escherichia coli O6:H1 strain ECO0707,562.23071,,0.0,0.0,0.0,0.0,0.0,,0.0,0.0,
Escherichia coli O6:H1 strain ECO0708,562.23072,,0.0,0.0,0.0,0.0,0.0,,0.0,0.0,
Escherichia coli O6:H1 strain ECO0717,562.2308,,0.0,0.0,0.0,1.0,0.0,,0.0,0.0,
Escherichia coli O6:H1 strain ECO0725,562.23086,,0.0,0.0,0.0,0.0,0.0,,0.0,0.0,
Escherichia coli O6:H1 strain ECO0730,562.23089,,0.0,0.0,0.0,0.0,0.0,,1.0,0.0,
Escherichia coli O6:H1 strain ECO0732,562.23091,,0.0,0.0,0.0,0.0,0.0,,0.0,0.0,
Escherichia coli O6:H1 strain ECO0735,562.23094,,0.0,0.0,0.0,0.0,0.0,,1.0,0.0,
Escherichia coli O6:H1 strain ECO0738,562.23097,,0.0,0.0,0.0,0.0,0.0,,0.0,0.0,
Escherichia coli O6:H1 strain ECO0744,562.23932,,0.0,0.0,0.0,0.0,0.0,,1.0,0.0,
Escherichia coli O6:H1 strain ECO0746,562.23103,,0.0,0.0,0.0,0.0,0.0,,0.0,0.0,
Escherichia coli O6:H1 strain ECO0751,562.23107,,0.0,0.0,0.0,0.0,0.0,,1.0,0.0,
Escherichia coli O6:H1 strain ECO0755,562.23797,,0.0,0.0,0.0,0.0,0.0,,0.0,0.0,
Escherichia coli O6:H1 strain ECO0770,562.23119,,0.0,0.0,0.0,0.0,0.0,,0.0,0.0,
Escherichia coli O6:H1 strain ECO0800,562.23183,,0.0,0.0,0.0,0.0,0.0,,0.0,0.0,
Escherichia coli O6:H1 strain ECO0808,562.23187,,0.0,0.0,0.0,0.0,0.0,,0.0,0.0,
Escherichia coli O6:H1 strain ECO0823,562.23201,,0.0,0.0,0.0,0.0,0.0,,0.0,0.0,
Escherichia coli O6:H1 strain ECO0832,562.23209,,0.0,0.0,0.0,0.0,0.0,,0.0,0.0,
Escherichia coli O6:H1 strain ECO0841,562.23218,,0.0,0.0,0.0,0.0,0.0,,0.0,0.0,
Escherichia coli O6:H1 strain ECO0842,562.23219,,0.0,0.0,0.0,0.0,0.0,,0.0,0.0,
Escherichia coli O6:H1 strain ECO0854,562.2323,,0.0,0.0,0.0,0.0,0.0,,0.0,0.0,
Escherichia coli O6:H1 strain ECO0858,562.23234,,0.0,0.0,0.0,0.0,0.0,,0.0,0.0,
Escherichia coli O6:H1 strain ECO0864,562.23156,,0.0,0.0,1.0,0.0,0.0,,0.0,0.0,
Escherichia coli O6:H1 strain ECO0865,562.23237,,0.0,0.0,1.0,0.0,0.0,,0.0,0.0,
Escherichia coli O6:H1 strain ECO0871,562.23243,,0.0,0.0,0.0,0.0,0.0,,0.0,0.0,
Escherichia coli O6:H1 strain ECO0875,562.23247,,0.0,0.0,0.0,0.0,0.0,,0.0,0.0,
Escherichia coli O6:H1 strain ECO0877,562.23249,,0.0,0.0,0.0,0.0,0.0,,0.0,0.0,
Escherichia coli O6:H1 strain ECO0882,562.2316,,0.0,0.0,0.0,0.0,0.0,,0.0,0.0,
Escherichia coli O6:H1 strain ECO0901,562.23266,,0.0,0.0,0.0,0.0,0.0,,0.0,0.0,
Escherichia coli O6:H1 strain ECO0916,562.23271,,0.0,0.0,0.0,0.0,0.0,,0.0,0.0,
Escherichia coli O6:H1 strain ECO0938,562.23291,,0.0,0.0,0.0,0.0,0.0,,0.0,0.0,
Escherichia coli O6:H1 strain ECO0941,562.23293,,1.0,1.0,1.0,0.0,0.0,,0.0,0.0,
Escherichia coli O6:H1 strain ECO0942,562.23294,,1.0,1.0,1.0,0.0,0.0,,0.0,0.0,
Escherichia coli O6:H1 strain ECO0943,562.23295,,1.0,1.0,1.0,0.0,0.0,,0.0,0.0,
Escherichia coli O6:H1 strain ECO0947,562.23816,,0.0,0.0,1.0,0.0,0.0,,0.0,0.0,
Escherichia coli O6:H1 strain ECO0961,562.23309,,0.0,0.0,0.0,0.0,0.0,,0.0,0.0,
Escherichia coli O6:H1 strain ECO0962,562.2331,,0.0,0.0,0.0,0.0,0.0,,0.0,0.0,
Escherichia coli O6:H1 strain ECO0984,562.23421,,0.0,0.0,0.0,0.0,0.0,,0.0,0.0,
Escherichia coli O6:H1 strain ECO0985,562.23422,,0.0,0.0,0.0,0.0,0.0,,0.0,0.0,
Escherichia coli O6:H1 strain ECO0989,562.23426,,0.0,0.0,0.0,0.0,0.0,,0.0,0.0,
Escherichia coli O6:H1 strain ECO1028,562.23464,,0.0,0.0,1.0,0.0,0.0,,0.0,0.0,
Escherichia coli O6:H1 strain ECO1037,562.23471,,0.0,0.0,0.0,0.0,0.0,,0.0,0.0,
Escherichia coli O6:H1 strain ECO1065,562.23912,,0.0,0.0,0.0,0.0,0.0,,0.0,0.0,
Escherichia coli O6:H1 strain ECO1068,562.23489,,0.0,0.0,0.0,0.0,0.0,,0.0,0.0,
Escherichia coli O6:H1 strain ECO1083,562.23459,,0.0,0.0,0.0,0.0,1.0,,0.0,0.0,
Escherichia coli O6:H1 strain ECO1097,562.23334,,0.0,0.0,0.0,0.0,0.0,,0.0,0.0,
Escherichia coli O6:H1 strain ECO1113,562.23929,,0.0,0.0,0.0,0.0,0.0,,0.0,0.0,
Escherichia coli O6:H1 strain ECO1124,562.23358,,0.0,0.0,0.0,0.0,0.0,,0.0,0.0,
Escherichia coli O6:H1 strain ECO1167,562.23925,,0.0,0.0,0.0,0.0,0.0,,1.0,0.0,
Escherichia coli O6:H1 strain ECO1181,562.23578,,0.0,0.0,0.0,0.0,0.0,,0.0,0.0,
Escherichia coli O6:H1 strain ECO1183,562.23418,,0.0,0.0,0.0,0.0,0.0,,0.0,0.0,
Escherichia coli O6:H1 strain ECO1186,562.23502,,0.0,0.0,0.0,0.0,0.0,,0.0,0.0,
Escherichia coli O6:H1 strain ECO1208,562.23523,,0.0,0.0,1.0,0.0,0.0,,1.0,0.0,
Escherichia coli O6:H1 strain ECO1214,562.23526,,0.0,0.0,0.0,0.0,0.0,,1.0,0.0,
Escherichia coli O6:H1 strain ECO1218,562.23534,,0.0,0.0,0.0,0.0,0.0,,0.0,0.0,
Escherichia coli O6:H1 strain ECO1219,562.23533,,0.0,0.0,0.0,0.0,0.0,,0.0,0.0,
Escherichia coli O6:H1 strain ECO1233,562.23546,,0.0,0.0,0.0,0.0,0.0,,0.0,0.0,
Escherichia coli O6:H1 strain ECO1234,562.23411,,0.0,0.0,0.0,0.0,0.0,,0.0,0.0,
Escherichia coli O6:H1 strain ECO1242,562.23556,,0.0,0.0,0.0,0.0,0.0,,0.0,0.0,
Escherichia coli O6:H1 strain ECO1248,562.23561,,0.0,0.0,0.0,0.0,0.0,,0.0,0.0,
Escherichia coli O6:H1 strain ECO1250,562.23548,,0.0,0.0,0.0,1.0,0.0,,0.0,0.0,
Escherichia coli O6:H1 strain ECO1287,562.23584,,0.0,0.0,0.0,0.0,0.0,,0.0,0.0,
Escherichia coli O6:H1 strain ECO1302,562.23598,,0.0,0.0,0.0,0.0,0.0,,0.0,0.0,
Escherichia coli O6:H1 strain ECO1303,562.23599,,0.0,0.0,0.0,0.0,0.0,,0.0,0.0,
Escherichia coli O6:H1 strain ECO1307,562.23683,,0.0,0.0,0.0,0.0,0.0,,0.0,0.0,
Escherichia coli O6:H1 strain ECO1320,562.23609,,0.0,0.0,0.0,0.0,0.0,,0.0,0.0,
Escherichia coli O6:H1 strain ECO1342,562.2389,,0.0,0.0,0.0,0.0,0.0,,0.0,0.0,
Escherichia coli O6:H1 strain ECO1349,562.23628,,0.0,0.0,0.0,0.0,0.0,,0.0,0.0,
Escherichia coli O6:H1 strain ECO1362,562.23778,,0.0,0.0,0.0,0.0,0.0,,0.0,0.0,
Escherichia coli O6:H1 strain ECO1364,562.23637,,0.0,0.0,0.0,0.0,0.0,,0.0,0.0,
Escherichia coli O6:H1 strain ECO1391,562.23871,,0.0,0.0,0.0,0.0,0.0,,0.0,0.0,
Escherichia coli O6:H1 strain ECO1408,562.23702,,0.0,0.0,0.0,0.0,0.0,,0.0,0.0,
Escherichia coli O6:H1 strain ECO1414,562.23677,,0.0,0.0,0.0,0.0,0.0,,0.0,0.0,
Escherichia coli O6:H1 strain ECO1416,562.23678,,0.0,0.0,0.0,0.0,0.0,,0.0,0.0,
Escherichia coli O6:H1 strain ECO1417,562.23679,,0.0,0.0,1.0,0.0,0.0,,0.0,0.0,
Escherichia coli O6:H1 strain ECO1441,562.23718,,0.0,0.0,0.0,0.0,0.0,,0.0,0.0,
Escherichia coli O6:H1 strain ECO1443,562.2372,,0.0,0.0,0.0,0.0,0.0,,0.0,0.0,
Escherichia coli O6:H1 strain ECO1448,562.23722,,0.0,0.0,0.0,0.0,0.0,,0.0,0.0,
Escherichia coli O6:H1 strain ECO1469,562.23736,,0.0,0.0,0.0,0.0,0.0,,0.0,0.0,
Escherichia coli O6:H1 strain ECO1477,562.23742,,0.0,0.0,0.0,0.0,0.0,,0.0,0.0,
Escherichia coli O6:H1 strain ECO1480,562.23744,,0.0,0.0,0.0,0.0,0.0,,0.0,0.0,
Escherichia coli O6:H1 strain ECO1483,562.23746,,0.0,0.0,0.0,0.0,0.0,,0.0,0.0,
Escherichia coli O6:H1 strain ECO1493,562.23754,,0.0,0.0,0.0,0.0,0.0,,0.0,0.0,
Escherichia coli O6:H1 strain ECO1509,562.23851,,0.0,0.0,0.0,0.0,0.0,,0.0,0.0,
Escherichia coli O6:H1 strain ECO1514,562.23908,,0.0,0.0,0.0,0.0,0.0,,0.0,0.0,
Escherichia coli O6:H1 strain ECO1516,562.23766,,0.0,0.0,0.0,0.0,0.0,,0.0,0.0,
Escherichia coli O6:H1 strain ECO1517,562.23767,,0.0,0.0,0.0,0.0,0.0,,0.0,0.0,
Escherichia coli O6:H1 strain ECO1526,562.23775,,0.0,0.0,0.0,0.0,0.0,,0.0,0.0,
Escherichia coli O6:H12 strain ECO1150,562.23885,,0.0,0.0,0.0,0.0,0.0,,0.0,0.0,
Escherichia coli O6:H16 strain ECO1534,562.23782,,0.0,0.0,0.0,1.0,0.0,,0.0,0.0,
Escherichia coli O6:H31 strain ECO0003,562.2243,0.0,0.0,0.0,0.0,0.0,0.0,0.0,0.0,0.0,
Escherichia coli O6:H31 strain ECO0012,562.22438,0.0,0.0,0.0,0.0,0.0,0.0,0.0,0.0,0.0,
Escherichia coli O6:H31 strain ECO0100,562.22526,0.0,0.0,0.0,0.0,0.0,0.0,0.0,0.0,0.0,
Escherichia coli O6:H31 strain ECO0108,562.22533,0.0,0.0,0.0,0.0,0.0,0.0,0.0,0.0,0.0,
Escherichia coli O6:H31 strain ECO0144,562.22569,1.0,0.0,0.0,1.0,0.0,0.0,0.0,0.0,0.0,
Escherichia coli O6:H31 strain ECO0152,562.22577,1.0,0.0,0.0,0.0,0.0,0.0,0.0,0.0,0.0,
Escherichia coli O6:H31 strain ECO0229,562.22641,0.0,0.0,0.0,0.0,0.0,0.0,0.0,0.0,0.0,
Escherichia coli O6:H31 strain ECO0263,562.22674,0.0,0.0,0.0,0.0,0.0,0.0,0.0,0.0,0.0,
Escherichia coli O6:H31 strain ECO0340,562.22748,1.0,0.0,0.0,0.0,0.0,0.0,0.0,0.0,0.0,
Escherichia coli O6:H31 strain ECO0347,562.22756,1.0,0.0,0.0,0.0,0.0,0.0,0.0,0.0,0.0,
Escherichia coli O6:H31 strain ECO0371,562.22777,0.0,0.0,0.0,0.0,0.0,0.0,0.0,0.0,0.0,
Escherichia coli O6:H31 strain ECO0373,562.22781,0.0,0.0,0.0,0.0,0.0,0.0,0.0,0.0,0.0,
Escherichia coli O6:H31 strain ECO0442,562.2283,,,0.0,0.0,0.0,0.0,,0.0,,
Escherichia coli O6:H31 strain ECO0485,562.22866,,,0.0,0.0,0.0,0.0,,0.0,,
Escherichia coli O6:H31 strain ECO0497,562.22891,,,0.0,1.0,0.0,0.0,,0.0,,
Escherichia coli O6:H31 strain ECO0558,562.22946,,0.0,0.0,0.0,0.0,0.0,,0.0,0.0,
Escherichia coli O6:H31 strain ECO0618,562.22995,,0.0,0.0,0.0,0.0,0.0,,0.0,0.0,
Escherichia coli O6:H31 strain ECO0678,562.23043,,0.0,0.0,0.0,0.0,0.0,,0.0,0.0,
Escherichia coli O6:H31 strain ECO0693,562.23059,,0.0,0.0,0.0,0.0,0.0,,0.0,0.0,
Escherichia coli O6:H31 strain ECO0720,562.23081,,0.0,0.0,0.0,0.0,0.0,,0.0,0.0,
Escherichia coli O6:H31 strain ECO0722,562.23083,,0.0,0.0,0.0,0.0,0.0,,0.0,0.0,
Escherichia coli O6:H31 strain ECO0736,562.23095,,0.0,0.0,0.0,1.0,0.0,,0.0,0.0,
Escherichia coli O6:H31 strain ECO0744,562.23102,,0.0,0.0,0.0,0.0,0.0,,0.0,0.0,
Escherichia coli O6:H31 strain ECO0834,562.2321,,0.0,0.0,0.0,0.0,0.0,,0.0,0.0,
Escherichia coli O6:H31 strain ECO0896,562.23262,,0.0,0.0,0.0,0.0,0.0,,0.0,0.0,
Escherichia coli O6:H31 strain ECO0954,562.23304,,0.0,0.0,0.0,0.0,0.0,,0.0,0.0,
Escherichia coli O6:H31 strain ECO0968,562.23316,,0.0,0.0,0.0,0.0,0.0,,0.0,0.0,
Escherichia coli O6:H31 strain ECO0973,562.2332,,0.0,0.0,0.0,0.0,0.0,,0.0,0.0,
Escherichia coli O6:H31 strain ECO1053,562.23409,,0.0,0.0,0.0,0.0,0.0,,0.0,0.0,
Escherichia coli O6:H31 strain ECO1119,562.23934,,0.0,0.0,0.0,0.0,0.0,,0.0,0.0,
Escherichia coli O6:H31 strain ECO1235,562.23863,,0.0,0.0,0.0,0.0,0.0,,0.0,0.0,
Escherichia coli O6:H31 strain ECO1251,562.23549,,0.0,0.0,0.0,0.0,0.0,,0.0,0.0,
Escherichia coli O6:H31 strain ECO1265,562.23575,,0.0,0.0,0.0,0.0,0.0,,0.0,0.0,
Escherichia coli O6:H31 strain ECO1288,562.23586,,0.0,0.0,0.0,0.0,0.0,,0.0,0.0,
Escherichia coli O6:H31 strain ECO1299,562.23596,,0.0,0.0,0.0,0.0,0.0,,0.0,0.0,
Escherichia coli O6:H31 strain ECO1415,562.23704,,0.0,0.0,0.0,0.0,0.0,,0.0,0.0,
Escherichia coli O6:H31 strain ECO1420,562.23835,,0.0,0.0,0.0,0.0,0.0,,0.0,0.0,
Escherichia coli O6:H31 strain ECO1426,562.23701,,0.0,0.0,0.0,0.0,0.0,,0.0,0.0,
Escherichia coli O6:H31 strain ECO1433,562.2371,,0.0,0.0,0.0,0.0,0.0,,0.0,0.0,
Escherichia coli O6:H31 strain ECO1461,562.23732,,0.0,0.0,0.0,0.0,0.0,,0.0,0.0,
Escherichia coli O6:H31 strain ECO1481,562.23745,,0.0,0.0,0.0,0.0,0.0,,0.0,0.0,
Escherichia coli O6:H4 strain ECO1145,562.2338,,0.0,0.0,0.0,0.0,0.0,,0.0,0.0,
Escherichia coli O6:H5 strain ECO0587,562.22964,,0.0,0.0,0.0,0.0,0.0,,0.0,0.0,
Escherichia coli O6:H5 strain ECO0838,562.23215,,0.0,1.0,0.0,0.0,0.0,,1.0,0.0,
Escherichia coli O6:H5 strain ECO1147,562.23382,,0.0,0.0,0.0,0.0,0.0,,0.0,0.0,
Escherichia coli O6:H5 strain ECO1439,562.23716,,0.0,0.0,0.0,0.0,0.0,,0.0,0.0,
Escherichia coli O6:H7 strain ECO0159,562.22584,1.0,0.0,0.0,0.0,0.0,0.0,0.0,1.0,0.0,
Escherichia coli O70:H10 strain ECO1358,562.23914,,1.0,1.0,1.0,0.0,0.0,,0.0,0.0,
Escherichia coli O75:H31 strain ECO0844,562.23221,,0.0,0.0,0.0,0.0,0.0,,0.0,0.0,
Escherichia coli O75:H38 strain ECO1285,562.23583,,0.0,0.0,0.0,0.0,0.0,,0.0,0.0,
Escherichia coli O75:H5 strain ECO0085,562.22512,1.0,0.0,0.0,0.0,0.0,0.0,0.0,0.0,0.0,
Escherichia coli O75:H5 strain ECO0109,562.22534,1.0,0.0,0.0,0.0,0.0,0.0,0.0,0.0,0.0,
Escherichia coli O75:H5 strain ECO0191,562.22706,0.0,0.0,0.0,0.0,0.0,0.0,0.0,0.0,0.0,
Escherichia coli O75:H5 strain ECO0253,562.22665,0.0,0.0,0.0,0.0,0.0,0.0,0.0,0.0,0.0,
Escherichia coli O75:H5 strain ECO0271,562.22681,1.0,0.0,0.0,0.0,0.0,0.0,0.0,0.0,0.0,
Escherichia coli O75:H5 strain ECO0391,562.22794,1.0,0.0,0.0,0.0,1.0,1.0,0.0,0.0,0.0,
Escherichia coli O75:H5 strain ECO0396,562.22798,0.0,0.0,0.0,0.0,0.0,0.0,0.0,0.0,0.0,
Escherichia coli O75:H5 strain ECO0397,562.22799,0.0,0.0,0.0,0.0,0.0,0.0,0.0,0.0,0.0,
Escherichia coli O75:H5 strain ECO0450,562.22838,,,0.0,0.0,0.0,0.0,,0.0,,
Escherichia coli O75:H5 strain ECO0452,562.2284,,,0.0,0.0,0.0,0.0,,1.0,,
Escherichia coli O75:H5 strain ECO0453,562.22841,,,0.0,0.0,0.0,0.0,,0.0,,
Escherichia coli O75:H5 strain ECO0468,562.22852,,,0.0,0.0,0.0,0.0,,0.0,,
Escherichia coli O75:H5 strain ECO0498,562.22892,,,0.0,0.0,0.0,1.0,,0.0,,
Escherichia coli O75:H5 strain ECO0508,562.22901,,,0.0,0.0,0.0,0.0,,0.0,,
Escherichia coli O75:H5 strain ECO0550,562.22939,,0.0,0.0,0.0,0.0,0.0,,1.0,0.0,
Escherichia coli O75:H5 strain ECO0574,562.22958,,0.0,0.0,0.0,0.0,0.0,,0.0,0.0,
Escherichia coli O75:H5 strain ECO0642,562.23016,,0.0,0.0,0.0,0.0,0.0,,0.0,0.0,
Escherichia coli O75:H5 strain ECO0714,562.23077,,0.0,0.0,0.0,0.0,0.0,,0.0,0.0,
Escherichia coli O75:H5 strain ECO0750,562.23106,,0.0,0.0,0.0,0.0,0.0,,1.0,0.0,
Escherichia coli O75:H5 strain ECO0767,562.23115,,0.0,0.0,0.0,0.0,0.0,,0.0,0.0,
Escherichia coli O75:H5 strain ECO0771,562.2312,,0.0,0.0,0.0,0.0,0.0,,1.0,0.0,
Escherichia coli O75:H5 strain ECO0785,562.23169,,0.0,0.0,0.0,0.0,0.0,,0.0,0.0,
Escherichia coli O75:H5 strain ECO0850,562.23228,,0.0,0.0,0.0,0.0,0.0,,0.0,0.0,
Escherichia coli O75:H5 strain ECO0922,562.23276,,0.0,0.0,0.0,0.0,0.0,,0.0,0.0,
Escherichia coli O75:H5 strain ECO0923,562.23277,,0.0,0.0,0.0,0.0,0.0,,0.0,0.0,
Escherichia coli O75:H5 strain ECO0967,562.23315,,0.0,0.0,0.0,0.0,0.0,,0.0,0.0,
Escherichia coli O75:H5 strain ECO0990,562.23427,,0.0,0.0,0.0,0.0,0.0,,0.0,0.0,
Escherichia coli O75:H5 strain ECO1029,562.23495,,0.0,0.0,0.0,0.0,0.0,,0.0,0.0,
Escherichia coli O75:H5 strain ECO1088,562.235,,0.0,0.0,0.0,0.0,0.0,,0.0,0.0,
Escherichia coli O75:H5 strain ECO1279,562.2359,,0.0,0.0,0.0,0.0,0.0,,0.0,0.0,
Escherichia coli O75:H5 strain ECO1318,562.23838,,0.0,0.0,0.0,0.0,0.0,,0.0,0.0,
Escherichia coli O75:H5 strain ECO1376,562.23692,,0.0,0.0,0.0,0.0,0.0,,0.0,0.0,
Escherichia coli O75:H5 strain ECO1384,562.23654,,0.0,0.0,0.0,0.0,0.0,,0.0,0.0,
Escherichia coli O75:H5 strain ECO1395,562.23661,,0.0,0.0,1.0,0.0,0.0,,0.0,0.0,
Escherichia coli O75:H5 strain ECO1407,562.23671,,0.0,0.0,0.0,0.0,0.0,,0.0,0.0,
Escherichia coli O75:H7 strain ECO0040,562.22467,1.0,0.0,0.0,0.0,0.0,0.0,0.0,0.0,0.0,
Escherichia coli O75:H7 strain ECO0174,562.22598,0.0,0.0,0.0,0.0,0.0,0.0,0.0,0.0,0.0,
Escherichia coli O75:H7 strain ECO0195,562.2271,0.0,0.0,0.0,0.0,0.0,0.0,0.0,0.0,0.0,
Escherichia coli O75:H7 strain ECO0472,562.22855,,,0.0,0.0,0.0,0.0,,0.0,,
Escherichia coli O75:H7 strain ECO0500,562.22894,,,0.0,0.0,0.0,0.0,,0.0,,
Escherichia coli O75:H7 strain ECO0654,562.23027,,0.0,0.0,0.0,0.0,0.0,,0.0,0.0,
Escherichia coli O75:H7 strain ECO0670,562.23034,,0.0,0.0,0.0,0.0,0.0,,0.0,0.0,
Escherichia coli O75:H7 strain ECO0721,562.23082,,0.0,0.0,0.0,0.0,0.0,,0.0,0.0,
Escherichia coli O75:H7 strain ECO0747,562.23104,,0.0,0.0,0.0,0.0,0.0,,1.0,0.0,
Escherichia coli O75:H7 strain ECO0756,562.23109,,0.0,0.0,0.0,0.0,0.0,,0.0,0.0,
Escherichia coli O75:H7 strain ECO0885,562.23876,,0.0,0.0,0.0,0.0,0.0,,0.0,0.0,
Escherichia coli O75:H7 strain ECO0978,562.23325,,0.0,0.0,0.0,0.0,0.0,,1.0,0.0,
Escherichia coli O75:H7 strain ECO1152,562.23386,,0.0,0.0,0.0,0.0,0.0,,0.0,0.0,
Escherichia coli O75:H7 strain ECO1179,562.23577,,0.0,0.0,0.0,0.0,0.0,,0.0,0.0,
Escherichia coli O75:H7 strain ECO1314,562.23604,,0.0,0.0,0.0,0.0,0.0,,0.0,0.0,
Escherichia coli O75:H7 strain ECO1338,562.23622,,0.0,0.0,1.0,0.0,0.0,,0.0,0.0,
Escherichia coli O75:H7 strain ECO1396,562.23662,,0.0,0.0,0.0,0.0,0.0,,0.0,0.0,
Escherichia coli O75:H7 strain ECO1419,562.23705,,0.0,0.0,0.0,0.0,0.0,,0.0,0.0,
Escherichia coli O78:H4 strain ECO0584,562.23131,,1.0,1.0,1.0,0.0,0.0,,0.0,0.0,
Escherichia coli O78:H4 strain ECO0585,562.23046,,1.0,1.0,1.0,0.0,0.0,,0.0,0.0,
Escherichia coli O78:H4 strain ECO0624,562.22999,,0.0,0.0,0.0,0.0,0.0,,0.0,0.0,
Escherichia coli O78:H4 strain ECO0667,562.23031,,0.0,0.0,0.0,0.0,0.0,,1.0,0.0,
Escherichia coli O78:H4 strain ECO0829,562.23206,,0.0,0.0,0.0,0.0,0.0,,0.0,0.0,
Escherichia coli O78:H4 strain ECO1047,562.23554,,0.0,0.0,0.0,0.0,0.0,,0.0,0.0,
Escherichia coli O78:H9 strain ECO0035,562.22462,1.0,0.0,0.0,0.0,0.0,0.0,0.0,0.0,0.0,
Escherichia coli O79:H1 strain ECO1437,562.23714,,0.0,0.0,0.0,0.0,0.0,,0.0,0.0,
Escherichia coli O7:H15 strain ECO0198,562.22713,1.0,0.0,0.0,0.0,0.0,0.0,0.0,0.0,0.0,
Escherichia coli O7:H15 strain ECO1442,562.23833,,0.0,0.0,0.0,0.0,0.0,,0.0,0.0,
Escherichia coli O7:H18 strain ECO0759,562.23857,,0.0,0.0,0.0,0.0,0.0,,1.0,0.0,
Escherichia coli O7:H4 strain ECO0995,562.23432,,0.0,0.0,0.0,0.0,0.0,,0.0,0.0,
Escherichia coli O7:H45 strain ECO0025,562.22452,0.0,0.0,0.0,0.0,0.0,0.0,0.0,0.0,0.0,
Escherichia coli O7:H45 strain ECO0153,562.22578,0.0,0.0,0.0,0.0,0.0,0.0,0.0,0.0,0.0,
Escherichia coli O7:H45 strain ECO0638,562.23012,,0.0,0.0,0.0,0.0,0.0,,0.0,0.0,
Escherichia coli O7:H45 strain ECO0639,562.23013,,0.0,0.0,0.0,0.0,0.0,,0.0,0.0,
Escherichia coli O7:H45 strain ECO0643,562.23017,,0.0,0.0,0.0,0.0,0.0,,0.0,0.0,
Escherichia coli O7:H45 strain ECO0648,562.23021,,0.0,0.0,0.0,0.0,0.0,,0.0,0.0,
Escherichia coli O7:H45 strain ECO0663,562.23149,,0.0,0.0,0.0,0.0,0.0,,0.0,0.0,
Escherichia coli O7:H45 strain ECO0689,562.23055,,0.0,0.0,0.0,0.0,0.0,,0.0,0.0,
Escherichia coli O7:H45 strain ECO0741,562.23785,,0.0,0.0,0.0,0.0,0.0,,0.0,0.0,
Escherichia coli O7:H45 strain ECO0790,562.23173,,0.0,0.0,0.0,0.0,0.0,,0.0,0.0,
Escherichia coli O7:H45 strain ECO0793,562.23176,,0.0,0.0,0.0,0.0,0.0,,0.0,0.0,
Escherichia coli O7:H45 strain ECO0890,562.23256,,0.0,0.0,0.0,0.0,0.0,,0.0,0.0,
Escherichia coli O7:H45 strain ECO1066,562.23389,,0.0,0.0,0.0,1.0,1.0,,0.0,0.0,
Escherichia coli O7:H45 strain ECO1095,562.23332,,0.0,0.0,0.0,0.0,0.0,,0.0,0.0,
Escherichia coli O7:H45 strain ECO1227,562.23541,,0.0,0.0,0.0,1.0,0.0,,0.0,0.0,
Escherichia coli O7:H45 strain ECO1245,562.23559,,0.0,0.0,0.0,0.0,0.0,,0.0,0.0,
Escherichia coli O7:H45 strain ECO1382,562.23694,,0.0,0.0,0.0,0.0,0.0,,0.0,0.0,
Escherichia coli O7:H45 strain ECO1386,562.23695,,0.0,0.0,0.0,0.0,0.0,,0.0,0.0,
Escherichia coli O7:H45 strain ECO1499,562.23842,,0.0,0.0,0.0,0.0,0.0,,0.0,0.0,
Escherichia coli O7:H6 strain ECO1205,562.2352,,0.0,0.0,0.0,0.0,0.0,,0.0,0.0,
Escherichia coli O81:H14 strain ECO0992,562.23429,,0.0,0.0,0.0,0.0,0.0,,0.0,0.0,
Escherichia coli O81:H27 strain ECO0287,562.22697,0.0,0.0,0.0,0.0,0.0,0.0,0.0,0.0,0.0,
Escherichia coli O81:H27 strain ECO0410,562.2281,0.0,0.0,0.0,0.0,0.0,0.0,0.0,0.0,0.0,
Escherichia coli O81:H27 strain ECO0559,562.22947,,0.0,0.0,0.0,0.0,0.0,,0.0,0.0,
Escherichia coli O81:H27 strain ECO0929,562.23283,,0.0,0.0,0.0,0.0,0.0,,0.0,0.0,
Escherichia coli O81:H27 strain ECO1057,562.23476,,0.0,0.0,0.0,0.0,0.0,,0.0,0.0,
Escherichia coli O82:H20 strain ECO0998,562.23531,,0.0,0.0,0.0,0.0,0.0,,0.0,0.0,
Escherichia coli O83:H27 strain ECO1241,562.23416,,0.0,0.0,1.0,0.0,0.0,,0.0,0.0,
Escherichia coli O83:H31 strain ECO0181,562.22605,1.0,0.0,0.0,0.0,0.0,0.0,0.0,0.0,0.0,
Escherichia coli O83:H31 strain ECO0469,562.22853,,,0.0,0.0,0.0,0.0,,0.0,,
Escherichia coli O83:H31 strain ECO0488,562.2287,,,0.0,1.0,0.0,0.0,,0.0,,
Escherichia coli O83:H31 strain ECO0566,562.22953,,0.0,0.0,0.0,0.0,0.0,,0.0,0.0,
Escherichia coli O83:H31 strain ECO0953,562.23303,,0.0,0.0,0.0,0.0,0.0,,0.0,0.0,
Escherichia coli O83:H31 strain ECO1513,562.23763,,0.0,0.0,0.0,0.0,0.0,,0.0,0.0,
Escherichia coli O83:H33 strain ECO0305,562.22719,0.0,0.0,0.0,0.0,0.0,0.0,0.0,0.0,0.0,
Escherichia coli O83:H33 strain ECO0763,562.23114,,0.0,0.0,0.0,0.0,0.0,,0.0,0.0,
Escherichia coli O83:H33 strain ECO0786,562.23168,,0.0,0.0,0.0,0.0,0.0,,0.0,0.0,
Escherichia coli O83:H33 strain ECO1463,562.23733,,0.0,0.0,0.0,0.0,0.0,,0.0,0.0,
Escherichia coli O83:H4 strain ECO1109,562.23346,,0.0,0.0,0.0,0.0,0.0,,0.0,0.0,
Escherichia coli O83:H42 strain ECO0059,562.22486,0.0,0.0,0.0,0.0,0.0,0.0,0.0,0.0,0.0,
Escherichia coli O83:H42 strain ECO1283,562.23581,,0.0,0.0,0.0,0.0,0.0,,0.0,0.0,
Escherichia coli O83:H6 strain ECO0690,562.23056,,0.0,0.0,0.0,0.0,0.0,,0.0,0.0,
Escherichia coli O85:H1 strain ECO0811,562.2319,,0.0,0.0,1.0,0.0,0.0,,0.0,0.0,
Escherichia coli O85:H4 strain ECO0122,562.22547,1.0,1.0,0.0,1.0,0.0,0.0,0.0,0.0,0.0,
Escherichia coli O86:H10 strain ECO1270,562.23568,,0.0,0.0,0.0,0.0,0.0,,0.0,0.0,
Escherichia coli O86:H18 strain ECO0285,562.22695,1.0,0.0,0.0,0.0,0.0,0.0,0.0,0.0,0.0,
Escherichia coli O86:H18 strain ECO0323,562.22734,1.0,0.0,0.0,0.0,0.0,0.0,0.0,0.0,0.0,
Escherichia coli O86:H18 strain ECO0341,562.2275,1.0,0.0,0.0,0.0,0.0,0.0,0.0,1.0,0.0,
Escherichia coli O86:H18 strain ECO0589,562.22966,,0.0,0.0,0.0,0.0,0.0,,0.0,0.0,
Escherichia coli O86:H18 strain ECO0608,562.22985,,0.0,0.0,0.0,0.0,0.0,,0.0,0.0,
Escherichia coli O86:H18 strain ECO0609,562.23132,,0.0,0.0,0.0,0.0,0.0,,0.0,0.0,
Escherichia coli O86:H18 strain ECO0652,562.23133,,0.0,0.0,0.0,0.0,0.0,,0.0,0.0,
Escherichia coli O86:H18 strain ECO0659,562.23145,,0.0,0.0,1.0,0.0,0.0,,1.0,0.0,
Escherichia coli O86:H18 strain ECO0691,562.23057,,0.0,0.0,0.0,0.0,0.0,,0.0,0.0,
Escherichia coli O86:H18 strain ECO1012,562.23448,,0.0,0.0,0.0,0.0,0.0,,0.0,0.0,
Escherichia coli O86:H18 strain ECO1201,562.23402,,0.0,0.0,0.0,0.0,0.0,,0.0,0.0,
Escherichia coli O86:H18 strain ECO1231,562.23543,,0.0,0.0,0.0,0.0,0.0,,0.0,0.0,
Escherichia coli O86:H18 strain ECO1240,562.23415,,0.0,0.0,0.0,0.0,0.0,,0.0,0.0,
Escherichia coli O86:H18 strain ECO1280,562.2358,,0.0,0.0,1.0,1.0,0.0,,0.0,0.0,
Escherichia coli O86:H18 strain ECO1305,562.23684,,0.0,0.0,1.0,0.0,0.0,,0.0,0.0,
Escherichia coli O86:H2 strain ECO1078,562.23437,,0.0,0.0,0.0,0.0,0.0,,0.0,0.0,
Escherichia coli O86:H2 strain ECO1344,562.23681,,0.0,0.0,0.0,0.0,0.0,,0.0,0.0,
Escherichia coli O86:H2 strain ECO1533,562.23781,,0.0,0.0,0.0,1.0,1.0,,0.0,0.0,
Escherichia coli O86:H30 strain ECO1166,562.23594,,1.0,1.0,1.0,1.0,1.0,,1.0,0.0,
Escherichia coli O86:H5 strain ECO1357,562.23719,,0.0,0.0,1.0,0.0,0.0,,0.0,0.0,
Escherichia coli O86:H51 strain ECO0117,562.22542,0.0,0.0,0.0,0.0,0.0,0.0,0.0,0.0,0.0,
Escherichia coli O89/O162:H4 strain ECO0290,562.227,1.0,1.0,1.0,1.0,1.0,1.0,0.0,0.0,0.0,
Escherichia coli O8:H10 strain ECO0039,562.22463,0.0,0.0,0.0,0.0,0.0,0.0,0.0,0.0,0.0,
Escherichia coli O8:H10 strain ECO0455,562.22842,,,0.0,0.0,0.0,0.0,,0.0,,
Escherichia coli O8:H10 strain ECO0478,562.22861,,,0.0,0.0,0.0,0.0,,0.0,,
Escherichia coli O8:H10 strain ECO0766,562.23795,,0.0,0.0,0.0,0.0,0.0,,1.0,0.0,
Escherichia coli O8:H10 strain ECO1144,562.23379,,0.0,0.0,0.0,0.0,0.0,,0.0,0.0,
Escherichia coli O8:H10 strain ECO1263,562.23922,,0.0,0.0,0.0,0.0,0.0,,0.0,0.0,
Escherichia coli O8:H11 strain ECO1073,562.23491,,0.0,0.0,0.0,0.0,0.0,,0.0,0.0,
Escherichia coli O8:H15 strain ECO0132,562.22556,0.0,0.0,0.0,0.0,0.0,0.0,0.0,0.0,0.0,
Escherichia coli O8:H19 strain ECO0176,562.226,0.0,0.0,0.0,0.0,0.0,0.0,0.0,0.0,0.0,
Escherichia coli O8:H19 strain ECO0311,562.22724,1.0,0.0,0.0,0.0,1.0,0.0,0.0,0.0,0.0,
Escherichia coli O8:H19 strain ECO0594,562.22971,,0.0,0.0,0.0,0.0,0.0,,0.0,0.0,
Escherichia coli O8:H19 strain ECO0911,562.23872,,0.0,0.0,0.0,0.0,0.0,,0.0,0.0,
Escherichia coli O8:H19 strain ECO1089,562.2387,,0.0,0.0,0.0,0.0,0.0,,0.0,0.0,
Escherichia coli O8:H19 strain ECO1316,562.23606,,0.0,0.0,0.0,0.0,0.0,,0.0,0.0,
Escherichia coli O8:H21 strain ECO0966,562.23314,,1.0,1.0,1.0,1.0,1.0,,0.0,0.0,
Escherichia coli O8:H21 strain ECO0969,562.23317,,1.0,1.0,1.0,1.0,1.0,,0.0,0.0,
Escherichia coli O8:H21 strain ECO1081,562.23868,,0.0,0.0,0.0,1.0,0.0,,0.0,0.0,
Escherichia coli O8:H21 strain ECO1308,562.2384,,0.0,0.0,0.0,0.0,0.0,,0.0,0.0,
Escherichia coli O8:H21 strain ECO1367,562.2364,,1.0,1.0,1.0,1.0,1.0,,0.0,0.0,
Escherichia coli O8:H25 strain ECO0509,562.22902,,,0.0,0.0,0.0,0.0,,0.0,,
Escherichia coli O8:H25 strain ECO0537,562.22927,,0.0,0.0,0.0,1.0,0.0,,0.0,0.0,
Escherichia coli O8:H25 strain ECO0802,562.23153,,0.0,0.0,0.0,0.0,0.0,,0.0,0.0,
Escherichia coli O8:H25 strain ECO1117,562.23353,,0.0,0.0,0.0,0.0,0.0,,0.0,0.0,
Escherichia coli O8:H25 strain ECO1209,562.23524,,0.0,0.0,0.0,0.0,0.0,,0.0,0.0,
Escherichia coli O8:H25 strain ECO1363,562.23636,,0.0,0.0,0.0,0.0,0.0,,0.0,0.0,
Escherichia coli O8:H30 strain ECO0337,562.22747,1.0,0.0,0.0,0.0,0.0,0.0,0.0,0.0,0.0,
Escherichia coli O8:H30 strain ECO0349,562.22758,1.0,0.0,0.0,0.0,0.0,0.0,0.0,1.0,0.0,
Escherichia coli O8:H4 strain ECO0030,562.22458,0.0,0.0,0.0,0.0,0.0,0.0,0.0,0.0,0.0,
Escherichia coli O8:H4 strain ECO0228,562.2264,1.0,0.0,0.0,0.0,0.0,0.0,0.0,0.0,0.0,
Escherichia coli O8:H4 strain ECO0412,562.2379,1.0,0.0,0.0,0.0,0.0,0.0,0.0,0.0,0.0,
Escherichia coli O8:H4 strain ECO0454,562.22881,,,0.0,0.0,0.0,0.0,,0.0,,
Escherichia coli O8:H4 strain ECO0544,562.22934,,0.0,0.0,0.0,0.0,0.0,,0.0,0.0,
Escherichia coli O8:H4 strain ECO0605,562.22982,,0.0,0.0,0.0,0.0,0.0,,0.0,0.0,
Escherichia coli O8:H4 strain ECO0754,562.23798,,0.0,0.0,0.0,0.0,0.0,,0.0,0.0,
Escherichia coli O8:H4 strain ECO1085,562.23465,,0.0,0.0,0.0,0.0,0.0,,0.0,0.0,
Escherichia coli O8:H8 strain ECO0361,562.2277,1.0,0.0,0.0,0.0,1.0,0.0,0.0,,0.0,
Escherichia coli O8:H8 strain ECO1535,562.23783,,1.0,1.0,1.0,1.0,0.0,,0.0,0.0,
Escherichia coli O8:H9 strain ECO0400,562.22802,1.0,0.0,0.0,0.0,0.0,0.0,0.0,0.0,0.0,
Escherichia coli O8:H9 strain ECO0515,562.22908,,,0.0,0.0,0.0,0.0,,0.0,,
Escherichia coli O8:H9 strain ECO0548,562.22937,,0.0,0.0,0.0,0.0,0.0,,0.0,0.0,
Escherichia coli O8:H9 strain ECO0927,562.23281,,0.0,0.0,0.0,0.0,0.0,,0.0,0.0,
Escherichia coli O8:H9 strain ECO0996,562.23433,,0.0,0.0,1.0,0.0,0.0,,1.0,0.0,
Escherichia coli O8:H9 strain ECO1199,562.23515,,0.0,0.0,0.0,0.0,0.0,,0.0,0.0,
Escherichia coli O8:H9 strain ECO1319,562.23608,,1.0,1.0,1.0,0.0,0.0,,0.0,0.0,
Escherichia coli O8:H9 strain ECO1492,562.23753,,0.0,0.0,0.0,0.0,0.0,,0.0,0.0,
Escherichia coli O91:H10 strain ECO1007,562.23443,,0.0,0.0,0.0,0.0,0.0,,0.0,0.0,
Escherichia coli O91:H21 strain ECO0250,562.2266,0.0,0.0,0.0,0.0,0.0,0.0,0.0,0.0,0.0,
Escherichia coli O92:H31 strain ECO1040,562.23497,,0.0,0.0,0.0,0.0,0.0,,0.0,0.0,
Escherichia coli O93:H8 strain ECO0577,562.22962,,0.0,0.0,0.0,0.0,0.0,,0.0,0.0,
Escherichia coli O9:H10 strain ECO0106,562.22531,1.0,0.0,0.0,0.0,1.0,0.0,0.0,0.0,0.0,
Escherichia coli O9:H10 strain ECO1162,562.23592,,0.0,0.0,0.0,0.0,0.0,,0.0,0.0,
Escherichia coli O9:H19 strain ECO1032,562.23468,,0.0,0.0,0.0,0.0,0.0,,0.0,0.0,
Escherichia coli O9:H19 strain ECO1429,562.23706,,0.0,0.0,0.0,0.0,0.0,,0.0,0.0,
Escherichia coli O9:H25 strain ECO0369,562.22775,1.0,0.0,0.0,0.0,0.0,0.0,0.0,0.0,0.0,
Escherichia coli O9:H25 strain ECO0599,562.22976,,0.0,0.0,0.0,0.0,0.0,,0.0,0.0,
Escherichia coli O9:H25 strain ECO0688,562.23054,,0.0,0.0,0.0,0.0,0.0,,1.0,0.0,
Escherichia coli O9:H25 strain ECO0892,562.23258,,0.0,0.0,0.0,0.0,0.0,,0.0,0.0,
Escherichia coli O9:H25 strain ECO1520,562.2377,,0.0,0.0,0.0,0.0,0.0,,0.0,0.0,
Escherichia coli O9:H30 strain ECO0192,562.22707,1.0,0.0,0.0,0.0,0.0,0.0,0.0,1.0,0.0,
Escherichia coli O9:H30 strain ECO0267,562.22677,1.0,0.0,0.0,1.0,1.0,1.0,0.0,1.0,0.0,
Escherichia coli O9:H30 strain ECO1153,562.23591,,0.0,0.0,0.0,0.0,0.0,,0.0,0.0,
Escherichia coli O9:H30 strain ECO1296,562.234,,0.0,0.0,0.0,0.0,0.0,,0.0,0.0,
Escherichia coli O9:H31 strain ECO0918,562.23272,,0.0,1.0,1.0,1.0,0.0,,1.0,0.0,
Escherichia coli O9:H4 strain ECO0071,562.22498,0.0,0.0,0.0,0.0,0.0,0.0,0.0,0.0,0.0,
Escherichia coli O9:H4 strain ECO0240,562.22653,1.0,0.0,0.0,0.0,0.0,0.0,0.0,0.0,0.0,
Escherichia coli O9:H4 strain ECO0695,562.23855,,0.0,0.0,0.0,0.0,0.0,,0.0,0.0,
Escherichia coli O9:H4 strain ECO0888,562.23254,,0.0,0.0,0.0,0.0,0.0,,0.0,0.0,
Escherichia coli O9:H4 strain ECO0975,562.23322,,0.0,0.0,0.0,0.0,0.0,,0.0,0.0,
Escherichia coli O9:H9 strain ECO0074,562.22501,1.0,1.0,1.0,1.0,1.0,0.0,0.0,1.0,0.0,
Escherichia coli O9:H9 strain ECO0129,562.22554,1.0,0.0,0.0,0.0,0.0,0.0,0.0,1.0,0.0,
Escherichia coli O9:H9 strain ECO0474,562.22858,,,0.0,0.0,0.0,0.0,,0.0,,
Escherichia coli O9:H9 strain ECO0487,562.22869,,,0.0,1.0,0.0,0.0,,0.0,,
Escherichia coli O9:H9 strain ECO0491,562.22885,,,0.0,1.0,0.0,0.0,,0.0,,
Escherichia coli O9:H9 strain ECO0501,562.22895,,,0.0,0.0,0.0,0.0,,0.0,,
Escherichia coli O9:H9 strain ECO0680,562.2393,,0.0,0.0,0.0,0.0,0.0,,0.0,0.0,
Escherichia coli O9:H9 strain ECO1170,562.23404,,0.0,0.0,1.0,0.0,1.0,,0.0,0.0,
Escherichia coli OSUCMP42NDM,562.91162,1.0,1.0,,,1.0,0.0,1.0,1.0,,1.0
Escherichia coli PT_EC0001,562.145048,0.0,0.0,0.0,,0.0,0.0,0.0,,0.0,
Escherichia coli PT_EC0002,562.145011,0.0,0.0,0.0,,0.0,0.0,0.0,,0.0,
Escherichia coli PT_EC0003,562.145073,0.0,0.0,0.0,,0.0,0.0,0.0,,0.0,
Escherichia coli PT_EC0004,562.144961,0.0,0.0,0.0,,0.0,0.0,0.0,,0.0,
Escherichia coli PT_EC0005,562.144983,0.0,0.0,0.0,,0.0,0.0,0.0,,0.0,
Escherichia coli PT_EC0006,562.144964,0.0,0.0,0.0,,0.0,0.0,0.0,,0.0,
Escherichia coli PT_EC0007,562.145029,0.0,0.0,0.0,,0.0,0.0,0.0,,0.0,
Escherichia coli PT_EC0008,562.144954,0.0,0.0,0.0,,0.0,0.0,0.0,,0.0,
Escherichia coli PT_EC0009,562.144957,0.0,0.0,0.0,,0.0,0.0,0.0,,0.0,
Escherichia coli PT_EC0010,562.145016,0.0,0.0,0.0,,0.0,0.0,0.0,,0.0,
Escherichia coli PT_EC0012,562.145068,0.0,0.0,0.0,,0.0,0.0,0.0,,0.0,
Escherichia coli PT_EC0013,562.145001,0.0,0.0,0.0,,0.0,0.0,0.0,,0.0,
Escherichia coli PT_EC0014,562.144974,0.0,0.0,0.0,,0.0,0.0,0.0,,0.0,
Escherichia coli PT_EC0015,562.145033,0.0,0.0,0.0,,0.0,0.0,0.0,,0.0,
Escherichia coli PT_EC0016,562.144967,0.0,0.0,0.0,,0.0,0.0,0.0,,0.0,
Escherichia coli PT_EC0017,562.144949,0.0,0.0,0.0,,0.0,0.0,0.0,,0.0,
Escherichia coli PT_EC0018,562.145003,0.0,0.0,0.0,,0.0,0.0,0.0,,0.0,
Escherichia coli PT_EC0019,562.144945,0.0,0.0,0.0,,0.0,0.0,0.0,,0.0,
Escherichia coli PT_EC0020,562.145072,0.0,0.0,0.0,,0.0,0.0,0.0,,0.0,
Escherichia coli PT_EC0021,562.144951,0.0,0.0,0.0,,0.0,0.0,0.0,,0.0,
Escherichia coli PT_EC0022,562.145071,0.0,0.0,0.0,,0.0,0.0,0.0,,0.0,
Escherichia coli PT_EC0023,562.145035,0.0,0.0,0.0,,0.0,0.0,0.0,,0.0,
Escherichia coli PT_EC0024,562.144987,0.0,0.0,0.0,,0.0,0.0,0.0,,0.0,
Escherichia coli PT_EC0025,562.14503,0.0,0.0,0.0,,0.0,0.0,0.0,,0.0,
Escherichia coli PT_EC0026,562.145057,0.0,0.0,0.0,,0.0,0.0,0.0,,0.0,
Escherichia coli PT_EC0027,562.144978,0.0,0.0,0.0,,0.0,0.0,0.0,,0.0,
Escherichia coli PT_EC0028,562.144993,0.0,0.0,0.0,,0.0,0.0,0.0,,0.0,
Escherichia coli PT_EC0029,562.145041,0.0,0.0,0.0,,0.0,0.0,0.0,,0.0,
Escherichia coli PT_EC0030,562.144962,0.0,0.0,0.0,,0.0,0.0,0.0,,0.0,
Escherichia coli PT_EC0031,562.145078,0.0,0.0,0.0,,0.0,0.0,0.0,,0.0,
Escherichia coli PT_EC0032,562.144981,0.0,0.0,0.0,,0.0,0.0,0.0,,0.0,
Escherichia coli PT_EC0033,562.144979,0.0,0.0,0.0,,0.0,0.0,0.0,,0.0,
Escherichia coli PT_EC0034,562.144989,0.0,0.0,0.0,,0.0,0.0,0.0,,0.0,
Escherichia coli PT_EC0035,562.145054,0.0,0.0,0.0,,0.0,0.0,0.0,,0.0,
Escherichia coli PT_EC0036,562.145038,0.0,0.0,0.0,,0.0,0.0,0.0,,0.0,
Escherichia coli PT_EC0037,562.145027,0.0,0.0,0.0,,0.0,0.0,0.0,,0.0,
Escherichia coli PT_EC0038,562.144976,0.0,0.0,0.0,,0.0,0.0,0.0,,0.0,
Escherichia coli PT_EC0039,562.14505,0.0,0.0,0.0,,0.0,0.0,0.0,,0.0,
Escherichia coli PT_EC0040,562.145062,0.0,0.0,0.0,,0.0,0.0,0.0,,0.0,
Escherichia coli PT_EC0041,562.144984,0.0,0.0,0.0,,0.0,0.0,0.0,,0.0,
Escherichia coli PT_EC0042,562.14504,0.0,0.0,0.0,,0.0,0.0,0.0,,0.0,
Escherichia coli PT_EC0043,562.145002,0.0,0.0,0.0,,0.0,0.0,0.0,,0.0,
Escherichia coli PT_EC0044,562.145,0.0,0.0,0.0,,0.0,0.0,0.0,,0.0,
Escherichia coli PT_EC0045,562.144997,0.0,0.0,0.0,,0.0,0.0,0.0,,0.0,
Escherichia coli PT_EC0046,562.145004,0.0,0.0,0.0,,0.0,0.0,0.0,,0.0,
Escherichia coli PT_EC0047,562.144946,0.0,0.0,0.0,,0.0,0.0,0.0,,0.0,
Escherichia coli PT_EC0048,562.144975,0.0,0.0,0.0,,0.0,0.0,0.0,,0.0,
Escherichia coli PT_EC0049,562.145034,0.0,0.0,0.0,,0.0,0.0,0.0,,0.0,
Escherichia coli PT_EC0050,562.14507,1.0,0.0,0.0,,1.0,0.0,0.0,,0.0,
Escherichia coli PT_EC0051,562.145079,0.0,0.0,0.0,,0.0,0.0,0.0,,0.0,
Escherichia coli PT_EC0052,562.145075,0.0,0.0,0.0,,0.0,0.0,0.0,,0.0,
Escherichia coli PT_EC0053,562.145019,0.0,0.0,0.0,,0.0,0.0,0.0,,0.0,
Escherichia coli PT_EC0064,562.144953,0.0,0.0,0.0,,0.0,0.0,0.0,,0.0,
Escherichia coli PT_EC0065,562.145025,0.0,0.0,0.0,,0.0,0.0,0.0,,0.0,
Escherichia coli PT_EC0066,562.144995,0.0,0.0,0.0,,0.0,0.0,0.0,,0.0,
Escherichia coli PT_EC0067,562.145053,0.0,0.0,0.0,,0.0,0.0,0.0,,0.0,
Escherichia coli PT_EC0068,562.145066,0.0,0.0,0.0,,0.0,0.0,0.0,,0.0,
Escherichia coli PT_EC0069,562.145064,0.0,0.0,0.0,,0.0,0.0,0.0,,0.0,
Escherichia coli PT_EC0070,562.144971,0.0,0.0,0.0,,0.0,0.0,0.0,,0.0,
Escherichia coli PT_EC0124,562.145076,0.0,0.0,0.0,,1.0,0.0,0.0,,0.0,
Escherichia coli PT_EC0128,562.144994,0.0,0.0,0.0,,0.0,0.0,0.0,,0.0,
Escherichia coli PT_EC0129,562.145024,1.0,0.0,0.0,,1.0,0.0,0.0,,0.0,
Escherichia coli PT_EC0130,562.145039,0.0,0.0,0.0,,0.0,0.0,0.0,,0.0,
Escherichia coli PT_EC0131,562.144988,0.0,0.0,0.0,,0.0,0.0,0.0,,0.0,
Escherichia coli PT_EC0132,562.145021,0.0,0.0,0.0,,0.0,0.0,0.0,,0.0,
Escherichia coli PT_EC0133,562.145077,0.0,0.0,0.0,,0.0,0.0,0.0,,0.0,
Escherichia coli PT_EC0134,562.145032,0.0,0.0,0.0,,0.0,0.0,0.0,,0.0,
Escherichia coli PT_EC0135,562.144992,0.0,0.0,0.0,,0.0,0.0,0.0,,0.0,
Escherichia coli PT_EC0136,562.145042,0.0,0.0,0.0,,0.0,0.0,0.0,,0.0,
Escherichia coli PT_EC0137,562.145067,0.0,0.0,0.0,,0.0,0.0,0.0,,0.0,
Escherichia coli PT_EC0138,562.145049,0.0,0.0,0.0,,0.0,0.0,0.0,,0.0,
Escherichia coli PT_EC0139,562.145015,0.0,0.0,0.0,,0.0,0.0,0.0,,0.0,
Escherichia coli PT_EC0140,562.145028,0.0,0.0,0.0,,0.0,0.0,0.0,,0.0,
Escherichia coli PT_EC0141,562.145059,0.0,0.0,0.0,,0.0,0.0,0.0,,0.0,
Escherichia coli PT_EC0142,562.14496,0.0,0.0,0.0,,0.0,0.0,0.0,,0.0,
Escherichia coli PT_EC0143,562.144966,0.0,0.0,0.0,,0.0,0.0,0.0,,0.0,
Escherichia coli PT_EC0144,562.145058,0.0,0.0,0.0,,0.0,0.0,0.0,,0.0,
Escherichia coli PT_EC0145,562.145005,0.0,0.0,0.0,,0.0,0.0,0.0,,0.0,
Escherichia coli PT_EC0146,562.144963,0.0,0.0,0.0,,0.0,0.0,0.0,,0.0,
Escherichia coli PT_EC0150,562.144998,0.0,0.0,0.0,,0.0,0.0,0.0,,0.0,
Escherichia coli PT_EC0151,562.14506,0.0,0.0,0.0,,0.0,0.0,0.0,,0.0,
Escherichia coli PT_EC0152,562.145008,0.0,0.0,0.0,,0.0,0.0,0.0,,0.0,
Escherichia coli PT_EC0153,562.145022,0.0,0.0,0.0,,0.0,0.0,0.0,,0.0,
Escherichia coli PT_EC0154,562.145074,0.0,0.0,0.0,,0.0,0.0,0.0,,0.0,
Escherichia coli PT_EC0155,562.14495,0.0,0.0,0.0,,0.0,0.0,0.0,,0.0,
Escherichia coli PT_EC0156,562.145055,0.0,0.0,0.0,,0.0,0.0,0.0,,0.0,
Escherichia coli PT_EC0157,562.145046,0.0,0.0,0.0,,0.0,0.0,0.0,,0.0,
Escherichia coli PT_EC0158,562.14502,0.0,0.0,0.0,,0.0,0.0,0.0,,0.0,
Escherichia coli PT_EC0159,562.144944,0.0,0.0,0.0,,0.0,0.0,0.0,,0.0,
Escherichia coli PT_EC0160,562.145044,0.0,0.0,0.0,,0.0,0.0,0.0,,0.0,
Escherichia coli PT_EC0161,562.14498,0.0,0.0,0.0,,0.0,0.0,0.0,,0.0,
Escherichia coli PT_EC0162,562.145081,0.0,0.0,0.0,,0.0,0.0,0.0,,0.0,
Escherichia coli PT_EC0163,562.144996,0.0,0.0,0.0,,0.0,0.0,0.0,,0.0,
Escherichia coli PT_EC0164,562.145031,0.0,0.0,0.0,,0.0,0.0,0.0,,0.0,
Escherichia coli PT_EC0165,562.145013,0.0,0.0,0.0,,0.0,0.0,0.0,,0.0,
Escherichia coli PT_EC0166,562.145014,0.0,0.0,0.0,,0.0,0.0,0.0,,0.0,
Escherichia coli PT_EC0167,562.144972,0.0,0.0,0.0,,0.0,0.0,0.0,,0.0,
Escherichia coli PT_EC0168,562.14501,0.0,0.0,0.0,,0.0,0.0,0.0,,0.0,
Escherichia coli PT_EC0170,562.145018,0.0,0.0,0.0,,0.0,0.0,0.0,,0.0,
Escherichia coli PT_EC0171,562.144952,0.0,0.0,0.0,,0.0,0.0,0.0,,0.0,
Escherichia coli PT_EC0172,562.145045,1.0,0.0,0.0,,0.0,0.0,0.0,,0.0,
Escherichia coli PT_EC0175,562.144973,0.0,0.0,0.0,,0.0,0.0,0.0,,0.0,
Escherichia coli PT_EC0176,562.144985,0.0,0.0,0.0,,0.0,0.0,0.0,,0.0,
Escherichia coli PT_EC0179,562.145006,1.0,0.0,0.0,,0.0,0.0,0.0,,0.0,
Escherichia coli PT_EC0180,562.144965,1.0,0.0,0.0,,0.0,1.0,0.0,,0.0,
Escherichia coli PT_EC0181,562.14497,0.0,0.0,0.0,,0.0,0.0,0.0,,0.0,
Escherichia coli PT_EC0182,562.145037,0.0,0.0,0.0,,0.0,0.0,0.0,,0.0,
Escherichia coli PT_EC0188,562.145007,0.0,0.0,0.0,,0.0,0.0,0.0,,0.0,
Escherichia coli PT_EC0193,562.145023,0.0,0.0,0.0,,0.0,1.0,0.0,,0.0,
Escherichia coli PT_EC0194,562.145026,0.0,0.0,0.0,,0.0,0.0,0.0,,0.0,
Escherichia coli PT_EC0197,562.145036,0.0,0.0,0.0,,0.0,0.0,0.0,,0.0,
Escherichia coli PT_EC0200,562.144977,0.0,0.0,0.0,,0.0,0.0,0.0,,0.0,
Escherichia coli PT_EC0201,562.145051,0.0,0.0,0.0,,0.0,0.0,0.0,,0.0,
Escherichia coli PT_EC0202,562.14508,0.0,0.0,0.0,,0.0,0.0,0.0,,0.0,
Escherichia coli PT_EC0203,562.14499,0.0,0.0,0.0,,0.0,0.0,0.0,,0.0,
Escherichia coli PT_EC0205,562.144969,0.0,0.0,0.0,,0.0,0.0,0.0,,0.0,
Escherichia coli PT_EC0206,562.145069,0.0,0.0,0.0,,0.0,0.0,0.0,,0.0,
Escherichia coli PT_EC0207,562.144959,0.0,0.0,0.0,,0.0,0.0,0.0,,0.0,
Escherichia coli PT_EC0208,562.145043,0.0,0.0,0.0,,0.0,0.0,0.0,,0.0,
Escherichia coli PT_EC0209,562.144999,0.0,0.0,0.0,,0.0,0.0,0.0,,0.0,
Escherichia coli PT_EC0210,562.145063,0.0,0.0,0.0,,0.0,0.0,0.0,,0.0,
Escherichia coli PT_EC0211,562.145009,0.0,0.0,0.0,,0.0,0.0,0.0,,0.0,
Escherichia coli PT_EC0212,562.145061,0.0,0.0,0.0,,0.0,0.0,0.0,,0.0,
Escherichia coli PT_EC0213,562.145017,1.0,0.0,0.0,,0.0,0.0,0.0,,0.0,
Escherichia coli PT_EC0214,562.145012,0.0,0.0,0.0,,0.0,0.0,0.0,,0.0,
Escherichia coli PT_EC0215,562.144948,0.0,0.0,0.0,,0.0,0.0,0.0,,0.0,
Escherichia coli PT_EC0216,562.144986,0.0,0.0,0.0,,0.0,0.0,0.0,,0.0,
Escherichia coli PT_EC0217,562.145047,0.0,0.0,0.0,,0.0,0.0,0.0,,0.0,
Escherichia coli PT_EC0218,562.145056,0.0,0.0,0.0,,0.0,0.0,0.0,,0.0,
Escherichia coli PT_EC0220,562.144991,0.0,0.0,0.0,,0.0,0.0,0.0,,0.0,
Escherichia coli PT_EC0221,562.144955,0.0,0.0,0.0,,0.0,0.0,0.0,,0.0,
Escherichia coli PT_EC0224,562.144982,0.0,0.0,0.0,,0.0,0.0,0.0,,0.0,
Escherichia coli PT_EC0234,562.144968,0.0,0.0,0.0,,0.0,0.0,0.0,,0.0,
Escherichia coli PT_EC0239,562.144958,0.0,0.0,0.0,,0.0,0.0,0.0,,0.0,
Escherichia coli PT_EC0241,562.144947,0.0,0.0,0.0,,0.0,0.0,0.0,,0.0,
Escherichia coli PT_EC0244,562.145052,0.0,0.0,0.0,,0.0,0.0,0.0,,0.0,
Escherichia coli PT_EC0246,562.144956,0.0,0.0,0.0,,0.0,0.0,0.0,,0.0,
Escherichia coli PT_EC0248,562.145065,1.0,0.0,0.0,,0.0,0.0,0.0,,0.0,
Escherichia coli S20323,562.14582,0.0,,,,0.0,0.0,,,,0.0
Escherichia coli SCAID URN1-2021 (19/278) strain SCAID URN1-2021 (19/278),562.90695,1.0,,,,,0.0,0.0,,,
Escherichia coli SCAID WND1-2021 (1/128) strain SCAID WND1-2021 (1/128),562.90694,1.0,,,,,0.0,0.0,,,
Escherichia coli SCAID WND1-2022 (119) strain SCAID WND1-2022 (119),562.108812,1.0,,,,,0.0,0.0,,,
Escherichia coli SCAID WND2-2021 (3/145) strain SCAID WND2-2021 (3/145),562.90696,1.0,,,,,0.0,0.0,,,
Escherichia coli SMG008F2,562.101974,,,1.0,,1.0,1.0,0.0,,1.0,
Escherichia coli SMG008F9,562.101975,,,1.0,,1.0,1.0,0.0,,1.0,
Escherichia coli SMG008U,562.102124,,,1.0,,1.0,0.0,0.0,,1.0,
Escherichia coli SMG010F1,562.102106,,,1.0,,1.0,1.0,0.0,,1.0,
Escherichia coli TR_AVFP-1,562.112424,1.0,,,,0.0,0.0,,,0.0,0.0
Escherichia coli TR_AVFP-2,562.112425,0.0,,,,1.0,0.0,,,0.0,0.0
Escherichia coli TR_AVFP-3,562.112423,0.0,,,,1.0,1.0,,,0.0,0.0
Escherichia coli TR_AVFP-4,562.112426,1.0,,,,0.0,0.0,,,0.0,0.0
Escherichia coli USDA-ARS-USMARC-49610,562.111035,1.0,,,,1.0,0.0,,,,1.0
Escherichia coli USDA-ARS-USMARC-50748,562.111036,1.0,,,,1.0,1.0,,,,1.0
Escherichia coli USDA-ARS-USMARC-51408,562.111033,1.0,,,,0.0,0.0,,,,0.0
Escherichia coli USDA-ARS-USMARC-51688,562.111034,1.0,,,,0.0,0.0,,,,0.0
Escherichia coli UTI PI 141,562.145821,1.0,,,,0.0,0.0,,,,1.0
Escherichia coli UTI PI 500,562.145822,1.0,,,,0.0,0.0,,,,1.0
Escherichia coli VG204,562.129397,1.0,0.0,0.0,0.0,0.0,0.0,0.0,,0.0,0.0
Escherichia coli VREC0648,562.96426,,0.0,0.0,,1.0,0.0,0.0,0.0,,
Escherichia coli VREC0649,562.9644,,0.0,0.0,,1.0,0.0,0.0,0.0,,
Escherichia coli VREC0650,562.96439,,0.0,0.0,,0.0,0.0,0.0,0.0,,
Escherichia coli VREC0651,562.96436,,0.0,0.0,,1.0,0.0,0.0,0.0,,
Escherichia coli VREC0652,562.96437,,0.0,0.0,,1.0,0.0,0.0,0.0,,
Escherichia coli VREC0653,562.96431,,0.0,0.0,,0.0,0.0,0.0,0.0,,
Escherichia coli VREC0654,562.9643,,0.0,0.0,,0.0,0.0,0.0,0.0,,
Escherichia coli VREC0655,562.96434,,0.0,0.0,,0.0,0.0,0.0,0.0,,
Escherichia coli VREC0656,562.96438,,0.0,0.0,,0.0,0.0,0.0,0.0,,
Escherichia coli VREC0657,562.96435,,0.0,0.0,,0.0,0.0,0.0,0.0,,
Escherichia coli VREC0658,562.96447,,0.0,0.0,,0.0,1.0,0.0,1.0,,
Escherichia coli VREC0659,562.96458,,0.0,0.0,,0.0,1.0,0.0,1.0,,
Escherichia coli VREC0660,562.96456,,0.0,0.0,,0.0,1.0,0.0,1.0,,
Escherichia coli VREC0661,562.96448,,0.0,0.0,,0.0,1.0,0.0,1.0,,
Escherichia coli VREC0662,562.96455,,0.0,0.0,,0.0,1.0,0.0,1.0,,
Escherichia coli VREC0663,562.9645,,0.0,0.0,,0.0,0.0,0.0,0.0,,
Escherichia coli VREC0664,562.96451,,0.0,0.0,,0.0,0.0,0.0,0.0,,
Escherichia coli VREC0665,562.96452,,0.0,0.0,,0.0,0.0,0.0,0.0,,
Escherichia coli VREC0666,562.96449,,0.0,0.0,,0.0,0.0,0.0,0.0,,
Escherichia coli VREC0667,562.96471,,0.0,0.0,,0.0,0.0,0.0,0.0,,
Escherichia coli VREC0668,562.96472,,0.0,0.0,,0.0,1.0,0.0,0.0,,
Escherichia coli VREC0669,562.96478,,0.0,0.0,,0.0,1.0,0.0,0.0,,
Escherichia coli VREC0670,562.96475,,0.0,0.0,,0.0,1.0,0.0,0.0,,
Escherichia coli VREC0671,562.96474,,0.0,0.0,,0.0,1.0,0.0,0.0,,
Escherichia coli VREC0672,562.96476,,0.0,0.0,,0.0,1.0,0.0,0.0,,
Escherichia coli VREC0673,562.96481,,0.0,0.0,,0.0,1.0,0.0,0.0,,
Escherichia coli VREC0674,562.96461,,0.0,0.0,,0.0,1.0,0.0,0.0,,
Escherichia coli VREC0675,562.96463,,0.0,0.0,,0.0,1.0,0.0,0.0,,
Escherichia coli VREC0676,562.96482,,0.0,0.0,,0.0,1.0,0.0,0.0,,
Escherichia coli VREC0677,562.96486,,0.0,0.0,,0.0,1.0,0.0,0.0,,
Escherichia coli VREC0678,562.96473,,0.0,0.0,,0.0,0.0,0.0,0.0,,
Escherichia coli VREC0679,562.96477,,0.0,0.0,,0.0,0.0,0.0,0.0,,
Escherichia coli VREC0680,562.96465,,0.0,0.0,,0.0,0.0,0.0,0.0,,
Escherichia coli VREC0681,562.9647,,0.0,0.0,,0.0,0.0,0.0,0.0,,
Escherichia coli VREC0682,562.96469,,0.0,0.0,,0.0,0.0,0.0,0.0,,
Escherichia coli VREC0685,562.96468,,0.0,0.0,,0.0,0.0,0.0,0.0,,
Escherichia coli VREC0686,562.96467,,0.0,0.0,,0.0,0.0,0.0,0.0,,
Escherichia coli VREC0688,562.96501,,0.0,0.0,,0.0,0.0,0.0,0.0,,
Escherichia coli VREC0689,562.96502,,0.0,0.0,,0.0,0.0,0.0,0.0,,
Escherichia coli VREC0690,562.965,,0.0,0.0,,0.0,0.0,0.0,0.0,,
Escherichia coli VREC0691,562.96503,,0.0,0.0,,0.0,0.0,0.0,0.0,,
Escherichia coli VREC0692,562.96505,,0.0,0.0,,0.0,0.0,0.0,0.0,,
Escherichia coli VREC0693,562.96492,,1.0,1.0,,1.0,0.0,0.0,0.0,,
Escherichia coli VREC0694,562.96493,,1.0,1.0,,1.0,0.0,0.0,0.0,,
Escherichia coli VREC0695,562.96479,,0.0,0.0,,0.0,0.0,0.0,0.0,,
Escherichia coli VREC0696,562.96487,,1.0,1.0,,1.0,0.0,0.0,0.0,,
Escherichia coli VREC0697,562.96497,,0.0,0.0,,0.0,0.0,0.0,0.0,,
Escherichia coli VREC0699,562.96483,,0.0,0.0,,0.0,0.0,0.0,0.0,,
Escherichia coli VREC0701,562.96499,,0.0,0.0,,0.0,0.0,0.0,0.0,,
Escherichia coli VREC0702,562.96498,,0.0,0.0,,0.0,0.0,0.0,0.0,,
Escherichia coli VREC0704,562.96504,,0.0,0.0,,0.0,0.0,0.0,0.0,,
Escherichia coli VREC0707,562.96506,,0.0,0.0,,0.0,0.0,0.0,0.0,,
Escherichia coli VREC0708,562.96512,,0.0,0.0,,1.0,0.0,0.0,0.0,,
Escherichia coli VREC0709,562.96517,,0.0,0.0,,1.0,0.0,0.0,0.0,,
Escherichia coli VREC0710,562.96521,,0.0,0.0,,1.0,0.0,0.0,0.0,,
Escherichia coli VREC0711,562.96514,,0.0,0.0,,1.0,0.0,0.0,0.0,,
Escherichia coli VREC0712,562.96513,,0.0,0.0,,1.0,0.0,0.0,0.0,,
Escherichia coli VREC0713,562.96507,,0.0,0.0,,0.0,0.0,0.0,0.0,,
Escherichia coli VREC0714,562.96523,,0.0,0.0,,0.0,0.0,0.0,0.0,,
Escherichia coli VREC0715,562.96525,,0.0,0.0,,0.0,0.0,0.0,0.0,,
Escherichia coli VREC0716,562.96524,,0.0,0.0,,0.0,0.0,0.0,0.0,,
Escherichia coli VREC0717,562.96526,,0.0,0.0,,0.0,0.0,0.0,0.0,,
Escherichia coli VREC0718,562.96543,,0.0,0.0,,0.0,0.0,0.0,0.0,,
Escherichia coli VREC0719,562.96542,,0.0,0.0,,0.0,0.0,0.0,0.0,,
Escherichia coli VREC0720,562.96541,,0.0,0.0,,0.0,0.0,0.0,0.0,,
Escherichia coli VREC0721,562.96528,,0.0,0.0,,0.0,0.0,0.0,0.0,,
Escherichia coli VREC0722,562.96535,,0.0,0.0,,0.0,0.0,0.0,0.0,,
Escherichia coli VREC0723,562.96532,,0.0,0.0,,0.0,0.0,0.0,0.0,,
Escherichia coli VREC0724,562.96544,,0.0,0.0,,1.0,0.0,0.0,0.0,,
Escherichia coli VREC0725,562.96527,,0.0,0.0,,1.0,0.0,0.0,0.0,,
Escherichia coli VREC0726,562.96533,,0.0,0.0,,1.0,0.0,0.0,0.0,,
Escherichia coli VREC0727,562.96547,,0.0,0.0,,1.0,0.0,0.0,0.0,,
Escherichia coli VREC0728,562.96545,,0.0,0.0,,1.0,0.0,0.0,0.0,,
Escherichia coli VREC0729,562.96537,,0.0,0.0,,0.0,0.0,0.0,0.0,,
Escherichia coli VREC0730,562.96536,,0.0,0.0,,0.0,0.0,0.0,0.0,,
Escherichia coli VREC0731,562.9653,,0.0,0.0,,0.0,0.0,0.0,0.0,,
Escherichia coli VREC0732,562.96548,,0.0,0.0,,0.0,0.0,0.0,0.0,,
Escherichia coli VREC0733,562.96538,,0.0,0.0,,0.0,0.0,0.0,0.0,,
Escherichia coli VREC0734,562.96529,,0.0,0.0,,1.0,0.0,0.0,0.0,,
Escherichia coli VREC0735,562.96539,,0.0,0.0,,1.0,0.0,0.0,0.0,,
Escherichia coli VREC0736,562.9654,,0.0,0.0,,1.0,0.0,0.0,0.0,,
Escherichia coli VREC0737,562.96549,,0.0,0.0,,1.0,0.0,0.0,0.0,,
Escherichia coli VREC0738,562.96546,,0.0,0.0,,1.0,0.0,0.0,0.0,,
Escherichia coli VREC0739,562.96531,,0.0,0.0,,0.0,0.0,0.0,0.0,,
Escherichia coli VREC0740,562.96558,,1.0,1.0,,1.0,0.0,0.0,0.0,,
Escherichia coli VREC0741,562.96559,,1.0,1.0,,1.0,0.0,0.0,0.0,,
Escherichia coli VREC0742,562.96534,,0.0,0.0,,0.0,0.0,0.0,0.0,,
Escherichia coli VREC0743,562.9655,,0.0,0.0,,0.0,0.0,0.0,0.0,,
Escherichia coli VREC0749,562.96563,,0.0,0.0,,0.0,0.0,0.0,0.0,,
Escherichia coli VREC0750,562.96564,,0.0,0.0,,0.0,0.0,0.0,0.0,,
Escherichia coli VREC0751,562.96565,,0.0,0.0,,0.0,0.0,0.0,0.0,,
Escherichia coli VREC0752,562.96566,,0.0,0.0,,0.0,0.0,0.0,0.0,,
Escherichia coli VREC0753,562.96567,,0.0,0.0,,0.0,0.0,0.0,0.0,,
Escherichia coli VREC0754,562.96569,,0.0,0.0,,0.0,0.0,0.0,0.0,,
Escherichia coli VREC0755,562.96568,,0.0,0.0,,0.0,0.0,0.0,0.0,,
Escherichia coli VREC0756,562.9657,,0.0,0.0,,0.0,0.0,0.0,0.0,,
Escherichia coli VREC0757,562.96573,,0.0,0.0,,0.0,0.0,0.0,0.0,,
Escherichia coli VREC0758,562.96574,,0.0,0.0,,0.0,0.0,0.0,0.0,,
Escherichia coli VREC0759,562.96577,,0.0,0.0,,0.0,0.0,0.0,0.0,,
Escherichia coli VREC0760,562.96576,,0.0,0.0,,0.0,0.0,0.0,0.0,,
Escherichia coli VREC0761,562.96585,,0.0,0.0,,0.0,0.0,0.0,0.0,,
Escherichia coli VREC0762,562.96581,,0.0,0.0,,0.0,0.0,0.0,0.0,,
Escherichia coli VREC0763,562.96583,,0.0,0.0,,0.0,1.0,0.0,0.0,,
Escherichia coli VREC0764,562.96582,,0.0,0.0,,0.0,0.0,0.0,0.0,,
Escherichia coli VREC0765,562.96578,,0.0,0.0,,0.0,0.0,0.0,0.0,,
Escherichia coli VREC0766,562.96589,,0.0,0.0,,0.0,0.0,0.0,0.0,,
Escherichia coli VREC0767,562.96584,,0.0,0.0,,0.0,0.0,0.0,0.0,,
Escherichia coli VREC0768,562.96587,,0.0,0.0,,0.0,0.0,0.0,0.0,,
Escherichia coli VREC0769,562.96588,,0.0,0.0,,0.0,0.0,0.0,0.0,,
Escherichia coli VREC0770,562.96586,,0.0,0.0,,0.0,0.0,0.0,0.0,,
Escherichia coli VREC0771,562.96593,,0.0,0.0,,0.0,0.0,0.0,0.0,,
Escherichia coli VREC0772,562.96591,,0.0,0.0,,0.0,0.0,0.0,0.0,,
Escherichia coli VREC0773,562.96595,,0.0,0.0,,0.0,0.0,0.0,0.0,,
Escherichia coli VREC0774,562.96592,,0.0,0.0,,1.0,0.0,0.0,0.0,,
Escherichia coli VREC0775,562.96594,,0.0,0.0,,1.0,0.0,0.0,0.0,,
Escherichia coli VREC0776,562.9659,,0.0,0.0,,1.0,0.0,0.0,0.0,,
Escherichia coli VREC0777,562.96612,,0.0,0.0,,1.0,0.0,0.0,0.0,,
Escherichia coli VREC0778,562.96613,,0.0,0.0,,1.0,0.0,0.0,0.0,,
Escherichia coli VREC0779,562.9658,,0.0,0.0,,0.0,0.0,0.0,0.0,,
Escherichia coli VREC0780,562.96606,,0.0,0.0,,0.0,0.0,0.0,0.0,,
Escherichia coli VREC0781,562.96611,,0.0,0.0,,0.0,0.0,0.0,0.0,,
Escherichia coli VREC0782,562.96608,,0.0,0.0,,0.0,0.0,0.0,0.0,,
Escherichia coli VREC0784,562.96605,,0.0,0.0,,0.0,0.0,0.0,0.0,,
Escherichia coli VREC0786,562.96464,,0.0,0.0,,1.0,0.0,0.0,0.0,,
Escherichia coli VREC0787,562.9646,,0.0,0.0,,1.0,0.0,0.0,0.0,,
Escherichia coli VREC0788,562.96462,,0.0,0.0,,1.0,0.0,0.0,0.0,,
Escherichia coli VREC0790,562.96599,,0.0,0.0,,0.0,0.0,0.0,0.0,,
Escherichia coli VREC0791,562.9661,,0.0,0.0,,0.0,0.0,0.0,0.0,,
Escherichia coli VREC0792,562.96602,,0.0,0.0,,1.0,0.0,0.0,0.0,,
Escherichia coli VREC0793,562.96601,,0.0,0.0,,0.0,0.0,0.0,0.0,,
Escherichia coli VREC0794,562.96609,,0.0,0.0,,0.0,0.0,0.0,0.0,,
Escherichia coli VREC0795,562.96604,,0.0,0.0,,1.0,0.0,0.0,0.0,,
Escherichia coli VREC0796,562.96607,,0.0,0.0,,1.0,0.0,0.0,0.0,,
Escherichia coli VREC0797,562.96598,,0.0,0.0,,1.0,0.0,0.0,1.0,,
Escherichia coli VREC0798,562.966,,0.0,0.0,,1.0,0.0,0.0,1.0,,
Escherichia coli VREC0799,562.96596,,0.0,0.0,,1.0,0.0,0.0,0.0,,
Escherichia coli VREC0802,562.96603,,0.0,0.0,,1.0,0.0,0.0,0.0,,
Escherichia coli VREC0803,562.96597,,0.0,0.0,,1.0,0.0,0.0,0.0,,
Escherichia coli VREC0804,562.96624,,0.0,0.0,,1.0,0.0,0.0,0.0,,
Escherichia coli VREC0805,562.96617,,0.0,0.0,,1.0,0.0,0.0,0.0,,
Escherichia coli VREC0806,562.9662,,0.0,0.0,,1.0,0.0,0.0,0.0,,
Escherichia coli VREC0807,562.9663,,0.0,0.0,,1.0,0.0,0.0,0.0,,
Escherichia coli VREC0808,562.96615,,0.0,0.0,,1.0,0.0,0.0,0.0,,
Escherichia coli VREC0809,562.96631,,0.0,0.0,,1.0,0.0,0.0,0.0,,
Escherichia coli VREC0810,562.96629,,0.0,0.0,,0.0,0.0,0.0,0.0,,
Escherichia coli VREC0812,562.96623,,0.0,0.0,,0.0,0.0,0.0,0.0,,
Escherichia coli VREC0813,562.96627,,0.0,0.0,,0.0,0.0,0.0,0.0,,
Escherichia coli VREC0814,562.96626,,0.0,0.0,,0.0,0.0,0.0,0.0,,
Escherichia coli VREC0815,562.96622,,0.0,0.0,,0.0,0.0,0.0,0.0,,
Escherichia coli VREC0816,562.96625,,0.0,0.0,,0.0,0.0,0.0,0.0,,
Escherichia coli VREC0817,562.96637,,0.0,0.0,,0.0,0.0,0.0,0.0,,
Escherichia coli VREC0818,562.96635,,0.0,0.0,,0.0,0.0,0.0,0.0,,
Escherichia coli VREC0819,562.96636,,0.0,0.0,,0.0,0.0,0.0,0.0,,
Escherichia coli VREC0825,562.96618,,0.0,0.0,,1.0,0.0,0.0,0.0,,
Escherichia coli VREC0826,562.96616,,0.0,0.0,,1.0,0.0,0.0,0.0,,
Escherichia coli VREC0827,562.96628,,0.0,0.0,,1.0,0.0,0.0,0.0,,
Escherichia coli VREC0828,562.96621,,0.0,0.0,,1.0,0.0,0.0,0.0,,
Escherichia coli VREC0829,562.96638,,0.0,0.0,,1.0,0.0,0.0,0.0,,
Escherichia coli VREC0830,562.96639,,0.0,0.0,,1.0,0.0,0.0,0.0,,
Escherichia coli VREC0831,562.96634,,0.0,0.0,,1.0,0.0,0.0,0.0,,
Escherichia coli VREC0832,562.96633,,0.0,0.0,,1.0,0.0,0.0,0.0,,
Escherichia coli VREC0833,562.96632,,0.0,0.0,,1.0,0.0,0.0,0.0,,
Escherichia coli VREC0834,562.9664,,0.0,0.0,,0.0,0.0,0.0,0.0,,
Escherichia coli VREC0835,562.96641,,0.0,0.0,,0.0,0.0,0.0,0.0,,
Escherichia coli VREC0836,562.96642,,0.0,0.0,,0.0,0.0,0.0,0.0,,
Escherichia coli VREC0837,562.96643,,0.0,0.0,,0.0,0.0,0.0,0.0,,
Escherichia coli VREC0838,562.96646,,0.0,0.0,,0.0,0.0,0.0,0.0,,
Escherichia coli VREC0839,562.96659,,0.0,0.0,,1.0,0.0,0.0,0.0,,
Escherichia coli VREC0840,562.96655,,0.0,0.0,,1.0,0.0,0.0,0.0,,
Escherichia coli VREC0841,562.96661,,0.0,0.0,,1.0,0.0,0.0,0.0,,
Escherichia coli VREC0842,562.96656,,0.0,0.0,,1.0,0.0,0.0,0.0,,
Escherichia coli VREC0843,562.96665,,0.0,0.0,,1.0,0.0,0.0,0.0,,
Escherichia coli VREC0844,562.96649,,0.0,0.0,,0.0,0.0,0.0,0.0,,
Escherichia coli VREC0845,562.9665,,0.0,0.0,,0.0,0.0,0.0,0.0,,
Escherichia coli VREC0846,562.96651,,0.0,0.0,,0.0,0.0,0.0,0.0,,
Escherichia coli VREC0847,562.96652,,0.0,0.0,,0.0,0.0,0.0,0.0,,
Escherichia coli VREC0848,562.96653,,0.0,0.0,,0.0,0.0,0.0,0.0,,
Escherichia coli VREC0849,562.96644,,0.0,0.0,,1.0,0.0,0.0,0.0,,
Escherichia coli VREC0850,562.96645,,0.0,0.0,,1.0,0.0,0.0,0.0,,
Escherichia coli VREC0851,562.96647,,0.0,0.0,,1.0,0.0,0.0,0.0,,
Escherichia coli VREC0852,562.96648,,0.0,0.0,,1.0,0.0,0.0,0.0,,
Escherichia coli VREC0853,562.96654,,0.0,0.0,,1.0,0.0,0.0,0.0,,
Escherichia coli VREC0854,562.96668,,0.0,0.0,,0.0,0.0,0.0,0.0,,
Escherichia coli VREC0855,562.96667,,0.0,0.0,,0.0,0.0,0.0,0.0,,
Escherichia coli VREC0856,562.96669,,0.0,0.0,,0.0,0.0,0.0,0.0,,
Escherichia coli VREC0857,562.96675,,0.0,0.0,,0.0,0.0,0.0,0.0,,
Escherichia coli VREC0858,562.96676,,0.0,0.0,,0.0,0.0,0.0,0.0,,
Escherichia coli VREC0859,562.96677,,0.0,0.0,,1.0,0.0,0.0,0.0,,
Escherichia coli VREC0860,562.96672,,0.0,0.0,,1.0,0.0,0.0,0.0,,
Escherichia coli VREC0861,562.96674,,0.0,0.0,,1.0,0.0,0.0,0.0,,
Escherichia coli VREC0862,562.96678,,0.0,0.0,,1.0,0.0,0.0,0.0,,
Escherichia coli VREC0863,562.96679,,0.0,0.0,,1.0,0.0,0.0,0.0,,
Escherichia coli VREC0864,562.96734,,0.0,0.0,,1.0,0.0,0.0,0.0,,
Escherichia coli VREC0865,562.96727,,0.0,0.0,,1.0,0.0,0.0,0.0,,
Escherichia coli VREC0866,562.96729,,0.0,0.0,,1.0,0.0,0.0,0.0,,
Escherichia coli VREC0867,562.96728,,0.0,0.0,,1.0,0.0,0.0,0.0,,
Escherichia coli VREC0868,562.96726,,0.0,0.0,,1.0,0.0,0.0,0.0,,
Escherichia coli VREC0869,562.96725,,0.0,0.0,,1.0,0.0,0.0,0.0,,
Escherichia coli VREC0870,562.96699,,1.0,1.0,,1.0,1.0,0.0,0.0,,
Escherichia coli VREC0871,562.967,,1.0,1.0,,1.0,1.0,0.0,0.0,,
Escherichia coli VREC0872,562.96696,,1.0,1.0,,1.0,1.0,0.0,0.0,,
Escherichia coli VREC0873,562.96701,,1.0,1.0,,1.0,1.0,0.0,0.0,,
Escherichia coli VREC0874,562.96703,,1.0,1.0,,1.0,1.0,0.0,0.0,,
Escherichia coli VREC0875,562.96718,,0.0,0.0,,0.0,0.0,0.0,0.0,,
Escherichia coli VREC0877,562.96717,,0.0,0.0,,0.0,0.0,0.0,0.0,,
Escherichia coli VREC0879,562.96715,,0.0,0.0,,0.0,0.0,0.0,0.0,,
Escherichia coli VREC0880,562.96704,,0.0,0.0,,0.0,0.0,0.0,0.0,,
Escherichia coli VREC0881,562.96697,,0.0,0.0,,0.0,0.0,0.0,0.0,,
Escherichia coli VREC0882,562.96698,,0.0,0.0,,0.0,0.0,0.0,0.0,,
Escherichia coli VREC0883,562.96702,,0.0,0.0,,0.0,0.0,0.0,0.0,,
Escherichia coli VREC0884,562.96735,,0.0,0.0,,1.0,0.0,0.0,0.0,,
Escherichia coli VREC0885,562.96743,,0.0,0.0,,1.0,0.0,0.0,0.0,,
Escherichia coli VREC0886,562.96742,,0.0,0.0,,0.0,0.0,0.0,0.0,,
Escherichia coli VREC0887,562.96733,,0.0,0.0,,0.0,0.0,0.0,0.0,,
Escherichia coli VREC0888,562.96736,,0.0,0.0,,0.0,0.0,0.0,0.0,,
Escherichia coli VREC0889,562.96732,,0.0,0.0,,0.0,0.0,0.0,0.0,,
Escherichia coli VREC0890,562.96741,,0.0,0.0,,1.0,0.0,0.0,1.0,,
Escherichia coli VREC0891,562.96739,,0.0,0.0,,1.0,0.0,0.0,1.0,,
Escherichia coli VREC0892,562.9674,,0.0,0.0,,1.0,0.0,0.0,1.0,,
Escherichia coli VREC0893,562.96752,,0.0,0.0,,0.0,0.0,0.0,0.0,,
Escherichia coli VREC0894,562.96751,,1.0,0.0,,0.0,1.0,0.0,0.0,,
Escherichia coli VREC0895,562.96748,,0.0,0.0,,0.0,0.0,0.0,0.0,,
Escherichia coli VREC0896,562.96749,,0.0,0.0,,0.0,0.0,0.0,0.0,,
Escherichia coli VREC0897,562.96754,,1.0,0.0,,0.0,1.0,0.0,0.0,,
Escherichia coli VREC0898,562.96767,,0.0,0.0,,1.0,1.0,0.0,0.0,,
Escherichia coli VREC0899,562.96759,,0.0,0.0,,1.0,1.0,0.0,0.0,,
Escherichia coli VREC0900,562.96758,,0.0,0.0,,1.0,1.0,0.0,0.0,,
Escherichia coli VREC0901,562.9676,,0.0,0.0,,1.0,1.0,0.0,0.0,,
Escherichia coli VREC0902,562.96765,,0.0,0.0,,1.0,1.0,0.0,0.0,,
Escherichia coli VREC0903,562.96746,,0.0,0.0,,1.0,0.0,0.0,0.0,,
Escherichia coli VREC0904,562.96753,,0.0,0.0,,1.0,0.0,0.0,0.0,,
Escherichia coli VREC0905,562.96745,,0.0,0.0,,1.0,0.0,0.0,0.0,,
Escherichia coli VREC0906,562.9675,,0.0,0.0,,1.0,0.0,0.0,0.0,,
Escherichia coli VREC0907,562.96747,,0.0,0.0,,1.0,0.0,0.0,0.0,,
Escherichia coli VREC0908,562.96688,,1.0,0.0,,0.0,0.0,0.0,0.0,,
Escherichia coli VREC0909,562.96685,,1.0,0.0,,0.0,0.0,0.0,0.0,,
Escherichia coli VREC0910,562.96687,,1.0,0.0,,0.0,0.0,0.0,0.0,,
Escherichia coli VREC0911,562.96682,,1.0,0.0,,0.0,0.0,0.0,0.0,,
Escherichia coli VREC0912,562.96686,,1.0,0.0,,0.0,0.0,0.0,0.0,,
Escherichia coli VREC0913,562.96763,,0.0,0.0,,0.0,0.0,0.0,0.0,,
Escherichia coli VREC0914,562.96766,,0.0,0.0,,0.0,0.0,0.0,0.0,,
Escherichia coli VREC0915,562.96757,,0.0,0.0,,0.0,0.0,0.0,0.0,,
Escherichia coli VREC0916,562.96773,,0.0,0.0,,0.0,0.0,0.0,0.0,,
Escherichia coli VREC0917,562.96776,,0.0,0.0,,0.0,0.0,0.0,0.0,,
Escherichia coli VREC0918,562.96777,,0.0,0.0,,0.0,0.0,0.0,0.0,,
Escherichia coli VREC0919,562.96775,,0.0,0.0,,0.0,0.0,0.0,0.0,,
Escherichia coli VREC0920,562.96774,,0.0,0.0,,0.0,0.0,0.0,0.0,,
Escherichia coli VREC0921,562.96778,,0.0,0.0,,0.0,0.0,0.0,0.0,,
Escherichia coli VREC0922,562.96779,,0.0,0.0,,0.0,0.0,0.0,0.0,,
Escherichia coli VREC0926,562.96782,,0.0,0.0,,1.0,0.0,0.0,0.0,,
Escherichia coli VREC0927,562.96786,,1.0,1.0,,1.0,0.0,0.0,1.0,,
Escherichia coli VREC0928,562.96798,,0.0,0.0,,0.0,0.0,0.0,0.0,,
Escherichia coli VREC0929,562.96794,,0.0,0.0,,0.0,0.0,0.0,0.0,,
Escherichia coli VREC0930,562.96793,,0.0,0.0,,0.0,0.0,0.0,0.0,,
Escherichia coli VREC0931,562.96797,,0.0,0.0,,0.0,0.0,0.0,0.0,,
Escherichia coli VREC0932,562.968,,0.0,0.0,,0.0,0.0,0.0,0.0,,
Escherichia coli VREC0935,562.96785,,1.0,1.0,,1.0,0.0,0.0,1.0,,
Escherichia coli VREC0936,562.96781,,1.0,1.0,,1.0,0.0,0.0,1.0,,
Escherichia coli VREC0937,562.9678,,1.0,1.0,,1.0,0.0,0.0,1.0,,
Escherichia coli VREC0938,562.96799,,0.0,0.0,,0.0,0.0,0.0,1.0,,
Escherichia coli VREC0939,562.96809,,0.0,0.0,,0.0,0.0,0.0,1.0,,
Escherichia coli VREC0940,562.9681,,0.0,0.0,,0.0,0.0,0.0,1.0,,
Escherichia coli VREC0941,562.96811,,0.0,0.0,,0.0,0.0,0.0,1.0,,
Escherichia coli VREC0942,562.96804,,0.0,0.0,,0.0,0.0,0.0,1.0,,
Escherichia coli VREC0943,562.96801,,0.0,0.0,,0.0,0.0,0.0,1.0,,
Escherichia coli VREC0944,562.96803,,0.0,0.0,,0.0,0.0,0.0,1.0,,
Escherichia coli VREC0945,562.96802,,0.0,0.0,,0.0,0.0,0.0,1.0,,
Escherichia coli VREC0946,562.96805,,0.0,0.0,,0.0,0.0,0.0,1.0,,
Escherichia coli VREC0947,562.96812,,0.0,0.0,,0.0,0.0,0.0,1.0,,
Escherichia coli VREC0948,562.96808,,0.0,0.0,,0.0,0.0,0.0,0.0,,
Escherichia coli VREC0949,562.96807,,0.0,0.0,,0.0,0.0,0.0,0.0,,
Escherichia coli VREC0950,562.96806,,0.0,0.0,,0.0,0.0,0.0,0.0,,
Escherichia coli VREC0951,562.96823,,0.0,0.0,,0.0,0.0,0.0,0.0,,
Escherichia coli VREC0952,562.96824,,0.0,0.0,,0.0,0.0,0.0,0.0,,
Escherichia coli VREC0953,562.96833,,0.0,0.0,,1.0,0.0,0.0,0.0,,
Escherichia coli VREC0954,562.96832,,0.0,0.0,,1.0,0.0,0.0,0.0,,
Escherichia coli VREC0955,562.96835,,0.0,0.0,,1.0,0.0,0.0,0.0,,
Escherichia coli VREC0956,562.96834,,0.0,0.0,,1.0,0.0,0.0,0.0,,
Escherichia coli VREC0957,562.96836,,0.0,0.0,,1.0,0.0,0.0,0.0,,
Escherichia coli VREC0958,562.96825,,0.0,0.0,,0.0,0.0,0.0,0.0,,
Escherichia coli VREC0959,562.96837,,0.0,0.0,,0.0,0.0,0.0,0.0,,
Escherichia coli VREC0960,562.96827,,0.0,0.0,,0.0,0.0,0.0,0.0,,
Escherichia coli VREC0961,562.96829,,0.0,0.0,,0.0,0.0,0.0,0.0,,
Escherichia coli VREC0962,562.96826,,0.0,0.0,,0.0,0.0,0.0,0.0,,
Escherichia coli VREC0963,562.96822,,0.0,0.0,,0.0,0.0,0.0,0.0,,
Escherichia coli VREC0964,562.96821,,0.0,0.0,,0.0,0.0,0.0,0.0,,
Escherichia coli VREC0965,562.96816,,0.0,0.0,,0.0,0.0,0.0,0.0,,
Escherichia coli VREC0966,562.9682,,0.0,0.0,,0.0,0.0,0.0,0.0,,
Escherichia coli VREC0967,562.96813,,0.0,0.0,,1.0,0.0,0.0,0.0,,
Escherichia coli VREC0968,562.96815,,0.0,0.0,,0.0,0.0,0.0,0.0,,
Escherichia coli VREC0969,562.96819,,0.0,0.0,,0.0,0.0,0.0,0.0,,
Escherichia coli VREC0970,562.96817,,0.0,0.0,,0.0,0.0,0.0,0.0,,
Escherichia coli VREC0971,562.96814,,0.0,0.0,,0.0,0.0,0.0,0.0,,
Escherichia coli VREC0972,562.96818,,0.0,0.0,,0.0,0.0,0.0,0.0,,
Escherichia coli VREC0973,562.96831,,0.0,0.0,,0.0,0.0,0.0,0.0,,
Escherichia coli VREC0974,562.96828,,0.0,0.0,,0.0,0.0,0.0,0.0,,
Escherichia coli VREC0975,562.9683,,0.0,0.0,,0.0,0.0,0.0,0.0,,
Escherichia coli VREC0976,562.96842,,0.0,0.0,,0.0,0.0,0.0,0.0,,
Escherichia coli VREC0977,562.96844,,0.0,0.0,,0.0,0.0,0.0,0.0,,
Escherichia coli VREC0978,562.96839,,0.0,0.0,,0.0,0.0,0.0,0.0,,
Escherichia coli VREC0979,562.96843,,0.0,0.0,,0.0,0.0,0.0,0.0,,
Escherichia coli VREC0980,562.96845,,0.0,0.0,,0.0,0.0,0.0,0.0,,
Escherichia coli VREC0981,562.96838,,0.0,0.0,,0.0,0.0,0.0,0.0,,
Escherichia coli VREC0982,562.9684,,0.0,0.0,,0.0,0.0,0.0,0.0,,
Escherichia coli VREC0983,562.96846,,0.0,0.0,,0.0,0.0,0.0,1.0,,
Escherichia coli VREC0984,562.96848,,0.0,0.0,,0.0,0.0,0.0,1.0,,
Escherichia coli VREC0985,562.96841,,0.0,0.0,,0.0,0.0,0.0,0.0,,
Escherichia coli VREC0986,562.96849,,0.0,0.0,,0.0,0.0,0.0,1.0,,
Escherichia coli VREC0987,562.9685,,0.0,0.0,,0.0,0.0,0.0,1.0,,
Escherichia coli VREC0988,562.96861,,0.0,0.0,,0.0,0.0,0.0,0.0,,
Escherichia coli VREC0989,562.96858,,0.0,0.0,,0.0,0.0,0.0,0.0,,
Escherichia coli VREC0990,562.96859,,0.0,0.0,,0.0,0.0,0.0,0.0,,
Escherichia coli VREC0991,562.96863,,0.0,0.0,,0.0,0.0,0.0,0.0,,
Escherichia coli VREC0992,562.96864,,0.0,0.0,,0.0,0.0,0.0,0.0,,
Escherichia coli VREC0993,562.96868,,0.0,0.0,,0.0,0.0,0.0,0.0,,
Escherichia coli VREC0994,562.96869,,0.0,0.0,,0.0,0.0,0.0,0.0,,
Escherichia coli VREC0995,562.96867,,0.0,0.0,,0.0,0.0,0.0,0.0,,
Escherichia coli VREC0996,562.96866,,0.0,0.0,,0.0,0.0,0.0,0.0,,
Escherichia coli VREC0997,562.96865,,0.0,0.0,,0.0,0.0,0.0,0.0,,
Escherichia coli VREC0998,562.96877,,0.0,0.0,,0.0,0.0,0.0,0.0,,
Escherichia coli VREC0999,562.9687,,0.0,0.0,,0.0,0.0,0.0,0.0,,
Escherichia coli VREC1000,562.96873,,0.0,0.0,,0.0,0.0,0.0,0.0,,
Escherichia coli VREC1001,562.96876,,0.0,0.0,,0.0,0.0,0.0,0.0,,
Escherichia coli VREC1002,562.96875,,1.0,0.0,,0.0,0.0,0.0,0.0,,
Escherichia coli VREC1003,562.96879,,0.0,0.0,,0.0,0.0,0.0,0.0,,
Escherichia coli VREC1004,562.96886,,0.0,0.0,,0.0,0.0,0.0,0.0,,
Escherichia coli VREC1005,562.96888,,0.0,0.0,,0.0,0.0,0.0,0.0,,
Escherichia coli VREC1006,562.96883,,0.0,0.0,,0.0,0.0,0.0,0.0,,
Escherichia coli VREC1007,562.96887,,0.0,0.0,,0.0,0.0,0.0,0.0,,
Escherichia coli VREC1008,562.9691,,0.0,0.0,,0.0,0.0,0.0,0.0,,
Escherichia coli VREC1009,562.96911,,0.0,0.0,,0.0,0.0,0.0,0.0,,
Escherichia coli VREC1010,562.96916,,0.0,0.0,,0.0,0.0,0.0,0.0,,
Escherichia coli VREC1011,562.96914,,0.0,0.0,,0.0,0.0,0.0,0.0,,
Escherichia coli VREC1012,562.96917,,0.0,0.0,,0.0,0.0,0.0,0.0,,
Escherichia coli VREC1013,562.96899,,1.0,1.0,,1.0,0.0,0.0,0.0,,
Escherichia coli VREC1014,562.96895,,1.0,0.0,,1.0,0.0,0.0,0.0,,
Escherichia coli VREC1015,562.96897,,1.0,0.0,,1.0,0.0,0.0,0.0,,
Escherichia coli VREC1016,562.96898,,1.0,1.0,,1.0,0.0,0.0,0.0,,
Escherichia coli VREC1017,562.96894,,1.0,0.0,,1.0,0.0,0.0,0.0,,
Escherichia coli VREC1018,562.9689,,0.0,0.0,,0.0,0.0,0.0,0.0,,
Escherichia coli VREC1019,562.96892,,0.0,0.0,,0.0,0.0,0.0,0.0,,
Escherichia coli VREC1020,562.96891,,0.0,0.0,,0.0,0.0,0.0,0.0,,
Escherichia coli VREC1021,562.96893,,0.0,0.0,,0.0,0.0,0.0,0.0,,
Escherichia coli VREC1022,562.96896,,0.0,0.0,,0.0,0.0,0.0,0.0,,
Escherichia coli VREC1023,562.96912,,0.0,0.0,,0.0,0.0,0.0,0.0,,
Escherichia coli VREC1024,562.96915,,0.0,0.0,,0.0,0.0,0.0,0.0,,
Escherichia coli VREC1025,562.96913,,0.0,0.0,,0.0,0.0,0.0,0.0,,
Escherichia coli VREC1026,562.96918,,0.0,0.0,,0.0,0.0,0.0,0.0,,
Escherichia coli VREC1027,562.9692,,0.0,0.0,,0.0,0.0,0.0,0.0,,
Escherichia coli VREC1028,562.96919,,0.0,0.0,,0.0,0.0,0.0,0.0,,
Escherichia coli VREC1029,562.96921,,0.0,0.0,,0.0,0.0,0.0,0.0,,
Escherichia coli VREC1030,562.96926,,0.0,0.0,,0.0,0.0,0.0,0.0,,
Escherichia coli VREC1031,562.9693,,0.0,0.0,,0.0,0.0,0.0,0.0,,
Escherichia coli VREC1032,562.96929,,0.0,0.0,,0.0,0.0,0.0,0.0,,
Escherichia coli VREC1043,562.96927,,0.0,0.0,,0.0,0.0,0.0,0.0,,
Escherichia coli VREC1044,562.96928,,0.0,0.0,,0.0,0.0,0.0,0.0,,
Escherichia coli VREC1045,562.96923,,0.0,0.0,,0.0,0.0,0.0,0.0,,
Escherichia coli VREC1046,562.96922,,0.0,0.0,,0.0,0.0,0.0,0.0,,
Escherichia coli VREC1047,562.96924,,0.0,0.0,,0.0,0.0,0.0,0.0,,
Escherichia coli VREC1048,562.96982,,0.0,0.0,,1.0,1.0,0.0,0.0,,
Escherichia coli VREC1049,562.96985,,0.0,0.0,,1.0,1.0,0.0,0.0,,
Escherichia coli VREC1050,562.96983,,0.0,0.0,,1.0,1.0,0.0,0.0,,
Escherichia coli VREC1051,562.96984,,0.0,0.0,,1.0,1.0,0.0,0.0,,
Escherichia coli VREC1052,562.96986,,0.0,0.0,,1.0,1.0,0.0,0.0,,
Escherichia coli VREC1053,562.96973,,0.0,0.0,,0.0,0.0,0.0,0.0,,
Escherichia coli VREC1054,562.96962,,0.0,0.0,,0.0,0.0,0.0,0.0,,
Escherichia coli VREC1055,562.96972,,0.0,0.0,,0.0,0.0,0.0,0.0,,
Escherichia coli VREC1056,562.96968,,0.0,0.0,,0.0,0.0,0.0,0.0,,
Escherichia coli VREC1058,562.96966,,0.0,0.0,,0.0,0.0,0.0,0.0,,
Escherichia coli VREC1059,562.96963,,0.0,0.0,,0.0,0.0,0.0,0.0,,
Escherichia coli VREC1060,562.96969,,0.0,0.0,,0.0,0.0,0.0,0.0,,
Escherichia coli VREC1061,562.96967,,0.0,0.0,,0.0,0.0,0.0,0.0,,
Escherichia coli VREC1062,562.96964,,0.0,0.0,,0.0,0.0,0.0,0.0,,
Escherichia coli VREC1063,562.9697,,1.0,1.0,,1.0,1.0,0.0,0.0,,
Escherichia coli VREC1064,562.96971,,1.0,1.0,,1.0,1.0,0.0,0.0,,
Escherichia coli VREC1065,562.96987,,1.0,1.0,,1.0,1.0,0.0,0.0,,
Escherichia coli VREC1066,562.9699,,1.0,1.0,,1.0,1.0,0.0,0.0,,
Escherichia coli VREC1067,562.96988,,1.0,1.0,,1.0,1.0,0.0,0.0,,
Escherichia coli VREC1068,562.96954,,1.0,0.0,,0.0,0.0,0.0,0.0,,
Escherichia coli VREC1069,562.96989,,0.0,0.0,,0.0,0.0,0.0,0.0,,
Escherichia coli VREC1070,562.96956,,1.0,0.0,,0.0,0.0,0.0,0.0,,
Escherichia coli VREC1071,562.96991,,0.0,0.0,,0.0,0.0,0.0,0.0,,
Escherichia coli VREC1072,562.96955,,1.0,0.0,,0.0,0.0,0.0,0.0,,
Escherichia coli VREC1073,562.9694,,1.0,0.0,,1.0,1.0,0.0,0.0,,
Escherichia coli VREC1074,562.96953,,1.0,0.0,,1.0,1.0,0.0,0.0,,
Escherichia coli VREC1075,562.97287,,1.0,0.0,,1.0,1.0,0.0,0.0,,
Escherichia coli VREC1076,562.97286,,1.0,0.0,,1.0,1.0,0.0,0.0,,
Escherichia coli VREC1078,562.97289,,1.0,0.0,,1.0,1.0,0.0,0.0,,
Escherichia coli VREC1080,562.97295,,1.0,0.0,,1.0,1.0,0.0,0.0,,
Escherichia coli VREC1082,562.97288,,1.0,0.0,,1.0,1.0,0.0,0.0,,
Escherichia coli VREC1083,562.97296,,1.0,0.0,,1.0,1.0,0.0,0.0,,
Escherichia coli VREC1084,562.97285,,1.0,0.0,,1.0,1.0,0.0,0.0,,
Escherichia coli VREC1085,562.9729,,1.0,0.0,,1.0,1.0,0.0,0.0,,
Escherichia coli VREC1086,562.97293,,1.0,0.0,,1.0,1.0,0.0,0.0,,
Escherichia coli VREC1087,562.97292,,1.0,0.0,,1.0,1.0,0.0,0.0,,
Escherichia coli VREC1088,562.97466,,1.0,0.0,,1.0,1.0,0.0,0.0,,
Escherichia coli VREC1101,562.96959,,0.0,0.0,,1.0,0.0,0.0,0.0,,
Escherichia coli VREC1102,562.9696,,0.0,0.0,,1.0,0.0,0.0,0.0,,
Escherichia coli VREC1103,562.96961,,0.0,0.0,,1.0,0.0,0.0,0.0,,
Escherichia coli VREC1104,562.96977,,0.0,0.0,,1.0,0.0,0.0,0.0,,
Escherichia coli VREC1105,562.96976,,0.0,0.0,,1.0,0.0,0.0,0.0,,
Escherichia coli VREC1106,562.97008,,0.0,0.0,,0.0,0.0,0.0,0.0,,
Escherichia coli VREC1107,562.97009,,0.0,0.0,,0.0,0.0,0.0,0.0,,
Escherichia coli VREC1108,562.97006,,0.0,0.0,,0.0,0.0,0.0,0.0,,
Escherichia coli VREC1109,562.97007,,0.0,0.0,,0.0,0.0,0.0,0.0,,
Escherichia coli VREC1110,562.97016,,0.0,0.0,,0.0,0.0,0.0,0.0,,
Escherichia coli VREC1111,562.97003,,0.0,0.0,,0.0,0.0,0.0,1.0,,
Escherichia coli VREC1112,562.97002,,0.0,0.0,,0.0,0.0,0.0,0.0,,
Escherichia coli VREC1113,562.97001,,0.0,0.0,,0.0,0.0,0.0,0.0,,
Escherichia coli VREC1114,562.97005,,0.0,0.0,,0.0,0.0,0.0,0.0,,
Escherichia coli VREC1115,562.9701,,0.0,0.0,,0.0,0.0,0.0,0.0,,
Escherichia coli VREC1116,562.97014,,0.0,0.0,,0.0,0.0,0.0,0.0,,
Escherichia coli VREC1117,562.97015,,0.0,0.0,,0.0,0.0,0.0,0.0,,
Escherichia coli VREC1118,562.97011,,0.0,0.0,,0.0,0.0,0.0,0.0,,
Escherichia coli VREC1119,562.97013,,0.0,0.0,,0.0,0.0,0.0,0.0,,
Escherichia coli VREC1120,562.97012,,0.0,0.0,,0.0,0.0,0.0,0.0,,
Escherichia coli VREC1122,562.97019,,1.0,1.0,,0.0,0.0,0.0,0.0,,
Escherichia coli VREC1123,562.97017,,1.0,1.0,,0.0,0.0,0.0,0.0,,
Escherichia coli VREC1124,562.97018,,1.0,1.0,,0.0,0.0,0.0,0.0,,
Escherichia coli VREC1125,562.9703,,1.0,1.0,,0.0,0.0,0.0,0.0,,
Escherichia coli VREC1151,562.97044,,0.0,0.0,,0.0,0.0,0.0,0.0,,
Escherichia coli VREC1152,562.9704,,0.0,0.0,,0.0,0.0,0.0,0.0,,
Escherichia coli VREC1153,562.97042,,0.0,0.0,,0.0,0.0,0.0,0.0,,
Escherichia coli VREC1154,562.97041,,0.0,0.0,,0.0,0.0,0.0,0.0,,
Escherichia coli VREC1155,562.97039,,0.0,0.0,,0.0,0.0,0.0,0.0,,
Escherichia coli VREC1156,562.97026,,0.0,0.0,,0.0,0.0,0.0,0.0,,
Escherichia coli VREC1157,562.97037,,0.0,0.0,,0.0,0.0,0.0,0.0,,
Escherichia coli VREC1158,562.97045,,0.0,0.0,,0.0,0.0,0.0,0.0,,
Escherichia coli VREC1159,562.97043,,0.0,0.0,,0.0,0.0,0.0,0.0,,
Escherichia coli VREC1160,562.97038,,0.0,0.0,,0.0,0.0,0.0,0.0,,
Escherichia coli VREC1161,562.97035,,0.0,0.0,,0.0,0.0,0.0,0.0,,
Escherichia coli VREC1162,562.97036,,0.0,0.0,,0.0,0.0,0.0,0.0,,
Escherichia coli VREC1163,562.97034,,0.0,0.0,,0.0,0.0,0.0,0.0,,
Escherichia coli VREC1164,562.97024,,0.0,0.0,,0.0,0.0,0.0,0.0,,
Escherichia coli VREC1165,562.97031,,0.0,0.0,,0.0,0.0,0.0,0.0,,
Escherichia coli VREC1166,562.97051,,0.0,0.0,,1.0,0.0,0.0,0.0,,
Escherichia coli VREC1167,562.97053,,0.0,0.0,,1.0,0.0,0.0,0.0,,
Escherichia coli VREC1168,562.97052,,0.0,0.0,,1.0,0.0,0.0,0.0,,
Escherichia coli VREC1169,562.97054,,0.0,0.0,,1.0,0.0,0.0,0.0,,
Escherichia coli VREC1170,562.97057,,0.0,0.0,,1.0,0.0,0.0,0.0,,
Escherichia coli VREC1171,562.97046,,0.0,0.0,,0.0,0.0,0.0,0.0,,
Escherichia coli VREC1172,562.9705,,0.0,0.0,,0.0,0.0,0.0,0.0,,
Escherichia coli VREC1173,562.97048,,0.0,0.0,,0.0,0.0,0.0,0.0,,
Escherichia coli VREC1174,562.97047,,0.0,0.0,,0.0,0.0,0.0,0.0,,
Escherichia coli VREC1175,562.97049,,0.0,0.0,,0.0,0.0,0.0,0.0,,
Escherichia coli VREC1176,562.97056,,0.0,0.0,,0.0,0.0,0.0,0.0,,
Escherichia coli VREC1177,562.97055,,0.0,0.0,,0.0,0.0,0.0,0.0,,
Escherichia coli VREC1178,562.97064,,0.0,0.0,,0.0,0.0,0.0,0.0,,
Escherichia coli VREC1179,562.97066,,0.0,0.0,,0.0,0.0,0.0,0.0,,
Escherichia coli VREC1180,562.97063,,0.0,0.0,,0.0,0.0,0.0,0.0,,
Escherichia coli VREC1181,562.97058,,0.0,0.0,,1.0,0.0,0.0,0.0,,
Escherichia coli VREC1182,562.97059,,0.0,0.0,,1.0,0.0,0.0,0.0,,
Escherichia coli VREC1183,562.9706,,0.0,0.0,,1.0,0.0,0.0,0.0,,
Escherichia coli VREC1184,562.97067,,0.0,0.0,,1.0,0.0,0.0,0.0,,
Escherichia coli VREC1185,562.97065,,0.0,0.0,,1.0,0.0,0.0,0.0,,
Escherichia coli VREC1186,562.97088,,0.0,0.0,,0.0,0.0,0.0,0.0,,
Escherichia coli VREC1187,562.97087,,0.0,0.0,,0.0,0.0,0.0,0.0,,
Escherichia coli VREC1188,562.97089,,0.0,0.0,,0.0,0.0,0.0,0.0,,
Escherichia coli VREC1189,562.97084,,0.0,0.0,,0.0,0.0,0.0,0.0,,
Escherichia coli VREC1190,562.97086,,0.0,0.0,,0.0,0.0,0.0,0.0,,
Escherichia coli VREC1191,562.97073,,0.0,0.0,,1.0,0.0,0.0,1.0,,
Escherichia coli VREC1192,562.97078,,0.0,0.0,,1.0,0.0,0.0,1.0,,
Escherichia coli VREC1193,562.97079,,0.0,0.0,,1.0,0.0,0.0,1.0,,
Escherichia coli VREC1194,562.97077,,0.0,0.0,,1.0,0.0,0.0,1.0,,
Escherichia coli VREC1195,562.97081,,0.0,0.0,,0.0,0.0,0.0,0.0,,
Escherichia coli VREC1196,562.9708,,0.0,0.0,,0.0,0.0,0.0,0.0,,
Escherichia coli VREC1198,562.97091,,0.0,0.0,,0.0,0.0,0.0,0.0,,
Escherichia coli VREC1199,562.97085,,0.0,0.0,,0.0,0.0,0.0,0.0,,
Escherichia coli VREC1200,562.97083,,0.0,0.0,,0.0,0.0,0.0,0.0,,
Escherichia coli VREC1201,562.97082,,0.0,0.0,,0.0,0.0,0.0,0.0,,
Escherichia coli VREC1202,562.97095,,0.0,0.0,,0.0,0.0,0.0,0.0,,
Escherichia coli VREC1203,562.97092,,0.0,0.0,,0.0,0.0,0.0,0.0,,
Escherichia coli VREC1204,562.9709,,0.0,0.0,,0.0,0.0,0.0,0.0,,
Escherichia coli VREC1205,562.97122,,0.0,0.0,,0.0,0.0,0.0,0.0,,
Escherichia coli VREC1206,562.97104,,0.0,0.0,,0.0,0.0,0.0,0.0,,
Escherichia coli VREC1207,562.97102,,0.0,0.0,,0.0,0.0,0.0,0.0,,
Escherichia coli VREC1208,562.97099,,0.0,0.0,,0.0,0.0,0.0,0.0,,
Escherichia coli VREC1209,562.97113,,0.0,0.0,,0.0,0.0,0.0,0.0,,
Escherichia coli VREC1210,562.97127,,0.0,0.0,,0.0,0.0,0.0,0.0,,
Escherichia coli VREC1211,562.97121,,0.0,0.0,,0.0,0.0,0.0,0.0,,
Escherichia coli VREC1212,562.97124,,0.0,0.0,,0.0,0.0,0.0,0.0,,
Escherichia coli VREC1213,562.97125,,0.0,0.0,,0.0,0.0,0.0,0.0,,
Escherichia coli VREC1214,562.97126,,0.0,0.0,,0.0,0.0,0.0,0.0,,
Escherichia coli VREC1215,562.97094,,0.0,0.0,,1.0,1.0,0.0,0.0,,
Escherichia coli VREC1216,562.97093,,0.0,0.0,,1.0,1.0,0.0,0.0,,
Escherichia coli VREC1217,562.97096,,0.0,0.0,,1.0,1.0,0.0,0.0,,
Escherichia coli VREC1218,562.97097,,0.0,0.0,,1.0,1.0,0.0,0.0,,
Escherichia coli VREC1219,562.97123,,0.0,0.0,,1.0,1.0,0.0,0.0,,
Escherichia coli VREC1230,562.97107,,0.0,0.0,,0.0,0.0,0.0,0.0,,
Escherichia coli VREC1231,562.97101,,0.0,0.0,,0.0,0.0,0.0,0.0,,
Escherichia coli VREC1232,562.97098,,0.0,0.0,,0.0,0.0,0.0,0.0,,
Escherichia coli VREC1233,562.971,,1.0,1.0,,0.0,0.0,0.0,0.0,,
Escherichia coli VREC1234,562.97106,,1.0,1.0,,0.0,0.0,0.0,0.0,,
Escherichia coli VREC1236,562.97503,,0.0,0.0,,1.0,0.0,0.0,1.0,,
Escherichia coli VREC1237,562.97502,,0.0,0.0,,1.0,0.0,0.0,1.0,,
Escherichia coli VREC1239,562.97509,,0.0,0.0,,1.0,0.0,0.0,1.0,,
Escherichia coli VREC1240,562.97508,,0.0,0.0,,1.0,0.0,0.0,1.0,,
Escherichia coli VREC1244,562.97507,,0.0,0.0,,1.0,0.0,0.0,1.0,,
Escherichia coli VREC1246,562.97506,,0.0,0.0,,1.0,0.0,0.0,1.0,,
Escherichia coli VREC1249,562.97504,,0.0,0.0,,1.0,0.0,0.0,0.0,,
Escherichia coli VREC1250,562.97514,,0.0,0.0,,1.0,0.0,0.0,1.0,,
Escherichia coli VREC1253,562.97515,,0.0,0.0,,1.0,0.0,0.0,0.0,,
Escherichia coli VREC1254,562.9751,,0.0,0.0,,1.0,0.0,0.0,1.0,,
Escherichia coli VREC1255,562.97111,,0.0,0.0,,0.0,0.0,0.0,0.0,,
Escherichia coli VREC1256,562.97112,,0.0,0.0,,0.0,0.0,0.0,0.0,,
Escherichia coli VREC1257,562.97128,,0.0,0.0,,0.0,0.0,0.0,0.0,,
Escherichia coli VREC1258,562.97132,,0.0,0.0,,0.0,0.0,0.0,0.0,,
Escherichia coli VREC1259,562.97133,,0.0,0.0,,0.0,0.0,0.0,0.0,,
Escherichia coli VREC1261,562.97129,,0.0,0.0,,0.0,0.0,0.0,0.0,,
Escherichia coli VREC1262,562.9713,,0.0,0.0,,1.0,0.0,0.0,0.0,,
Escherichia coli VREC1263,562.97131,,0.0,0.0,,1.0,0.0,0.0,0.0,,
Escherichia coli VREC1264,562.9714,,0.0,0.0,,0.0,0.0,0.0,0.0,,
Escherichia coli VREC1265,562.97135,,0.0,0.0,,1.0,0.0,0.0,0.0,,
Escherichia coli VREC1266,562.97134,,0.0,0.0,,0.0,0.0,0.0,0.0,,
Escherichia coli VREC1277,562.97149,,0.0,0.0,,0.0,0.0,0.0,0.0,,
Escherichia coli VREC1278,562.97146,,0.0,0.0,,0.0,0.0,0.0,0.0,,
Escherichia coli VREC1279,562.97148,,0.0,0.0,,0.0,0.0,0.0,0.0,,
Escherichia coli VREC1280,562.97151,,0.0,0.0,,0.0,0.0,0.0,0.0,,
Escherichia coli VREC1281,562.9715,,0.0,0.0,,0.0,0.0,0.0,0.0,,
Escherichia coli VREC1282,562.97136,,0.0,0.0,,0.0,0.0,0.0,0.0,,
Escherichia coli VREC1283,562.97137,,0.0,0.0,,0.0,0.0,0.0,0.0,,
Escherichia coli VREC1284,562.97138,,0.0,0.0,,0.0,0.0,0.0,0.0,,
Escherichia coli VREC1285,562.97139,,0.0,0.0,,0.0,0.0,0.0,0.0,,
Escherichia coli VREC1286,562.97142,,0.0,0.0,,0.0,0.0,0.0,0.0,,
Escherichia coli VREC1287,562.97141,,0.0,0.0,,0.0,0.0,0.0,0.0,,
Escherichia coli VREC1288,562.97144,,0.0,0.0,,0.0,0.0,0.0,0.0,,
Escherichia coli VREC1289,562.97143,,0.0,0.0,,0.0,0.0,0.0,0.0,,
Escherichia coli VREC1290,562.97145,,0.0,0.0,,0.0,0.0,0.0,0.0,,
Escherichia coli VREC1291,562.97147,,0.0,0.0,,0.0,0.0,0.0,0.0,,
Escherichia coli VREC1292,562.97159,,0.0,0.0,,0.0,0.0,0.0,0.0,,
Escherichia coli VREC1293,562.97158,,0.0,0.0,,0.0,0.0,0.0,0.0,,
Escherichia coli VREC1294,562.97155,,0.0,0.0,,0.0,0.0,0.0,0.0,,
Escherichia coli VREC1295,562.97154,,0.0,0.0,,0.0,0.0,0.0,0.0,,
Escherichia coli VREC1296,562.97157,,0.0,0.0,,0.0,0.0,0.0,0.0,,
Escherichia coli VREC1297,562.97173,,1.0,1.0,,1.0,0.0,0.0,0.0,,
Escherichia coli VREC1298,562.97168,,1.0,1.0,,1.0,0.0,0.0,0.0,,
Escherichia coli VREC1299,562.97166,,1.0,1.0,,1.0,0.0,0.0,0.0,,
Escherichia coli VREC1300,562.97174,,1.0,1.0,,1.0,0.0,0.0,0.0,,
Escherichia coli VREC1301,562.9717,,1.0,1.0,,1.0,0.0,0.0,0.0,,
Escherichia coli VREC1302,562.97176,,0.0,0.0,,0.0,0.0,0.0,0.0,,
Escherichia coli VREC1303,562.97182,,0.0,0.0,,0.0,0.0,0.0,0.0,,
Escherichia coli VREC1304,562.97188,,0.0,0.0,,0.0,0.0,0.0,0.0,,
Escherichia coli VREC1305,562.97184,,0.0,0.0,,0.0,0.0,0.0,0.0,,
Escherichia coli VREC1306,562.97183,,0.0,0.0,,0.0,0.0,0.0,0.0,,
Escherichia coli VREC1307,562.97181,,0.0,0.0,,0.0,0.0,0.0,1.0,,
Escherichia coli VREC1308,562.97189,,0.0,0.0,,0.0,0.0,0.0,1.0,,
Escherichia coli VREC1309,562.97185,,0.0,0.0,,0.0,0.0,0.0,1.0,,
Escherichia coli VREC1310,562.97186,,0.0,0.0,,0.0,0.0,0.0,1.0,,
Escherichia coli VREC1311,562.97187,,0.0,0.0,,0.0,0.0,0.0,1.0,,
Escherichia coli VREC1312,562.97178,,0.0,0.0,,0.0,0.0,0.0,1.0,,
Escherichia coli VREC1313,562.9718,,0.0,0.0,,0.0,0.0,0.0,1.0,,
Escherichia coli VREC1314,562.97179,,0.0,0.0,,0.0,0.0,0.0,1.0,,
Escherichia coli VREC1315,562.97191,,0.0,0.0,,0.0,0.0,0.0,1.0,,
Escherichia coli VREC1316,562.9719,,0.0,0.0,,0.0,0.0,0.0,1.0,,
Escherichia coli VREC1322,562.97153,,0.0,0.0,,0.0,0.0,0.0,0.0,,
Escherichia coli VREC1323,562.97152,,0.0,0.0,,0.0,0.0,0.0,0.0,,
Escherichia coli VREC1324,562.97156,,0.0,0.0,,0.0,0.0,0.0,0.0,,
Escherichia coli VREC1325,562.9716,,0.0,0.0,,0.0,0.0,0.0,0.0,,
Escherichia coli VREC1326,562.97163,,0.0,0.0,,0.0,0.0,0.0,0.0,,
Escherichia coli VREC1341,562.97192,,0.0,0.0,,0.0,0.0,0.0,0.0,,
Escherichia coli VREC1342,562.97193,,0.0,0.0,,0.0,0.0,0.0,0.0,,
Escherichia coli VREC1343,562.97196,,0.0,0.0,,0.0,0.0,0.0,0.0,,
Escherichia coli VREC1344,562.97194,,0.0,0.0,,0.0,0.0,0.0,0.0,,
Escherichia coli VREC1345,562.97195,,0.0,0.0,,0.0,0.0,0.0,0.0,,
Escherichia coli VREC1346,562.97201,,0.0,0.0,,0.0,0.0,0.0,0.0,,
Escherichia coli VREC1347,562.972,,0.0,0.0,,0.0,0.0,0.0,0.0,,
Escherichia coli VREC1348,562.97198,,0.0,0.0,,0.0,0.0,0.0,0.0,,
Escherichia coli VREC1349,562.97199,,0.0,0.0,,0.0,0.0,0.0,0.0,,
Escherichia coli VREC1350,562.97203,,0.0,0.0,,0.0,0.0,0.0,0.0,,
Escherichia coli VREC1351,562.97209,,0.0,0.0,,0.0,0.0,0.0,0.0,,
Escherichia coli VREC1352,562.97206,,0.0,0.0,,0.0,0.0,0.0,0.0,,
Escherichia coli VREC1353,562.97197,,0.0,0.0,,0.0,0.0,0.0,0.0,,
Escherichia coli VREC1354,562.97208,,0.0,0.0,,0.0,0.0,0.0,0.0,,
Escherichia coli VREC1355,562.97207,,0.0,0.0,,0.0,0.0,0.0,0.0,,
Escherichia coli VREC1367,562.97202,,0.0,0.0,,0.0,0.0,0.0,0.0,,
Escherichia coli VREC1368,562.97205,,0.0,0.0,,0.0,0.0,0.0,0.0,,
Escherichia coli VREC1369,562.97204,,0.0,0.0,,0.0,0.0,0.0,0.0,,
Escherichia coli VREC1370,562.97212,,0.0,0.0,,0.0,0.0,0.0,0.0,,
Escherichia coli VREC1371,562.97211,,0.0,0.0,,0.0,0.0,0.0,0.0,,
Escherichia coli VREC1372,562.9721,,0.0,0.0,,1.0,1.0,0.0,0.0,,
Escherichia coli VREC1373,562.97213,,0.0,0.0,,1.0,1.0,0.0,0.0,,
Escherichia coli VREC1374,562.97217,,0.0,0.0,,1.0,1.0,0.0,0.0,,
Escherichia coli VREC1375,562.97215,,0.0,0.0,,0.0,0.0,0.0,0.0,,
Escherichia coli VREC1376,562.97216,,0.0,0.0,,0.0,0.0,0.0,0.0,,
Escherichia coli VREC1377,562.97269,,0.0,0.0,,0.0,0.0,0.0,0.0,,
Escherichia coli VREC1378,562.97251,,0.0,0.0,,0.0,0.0,0.0,0.0,,
Escherichia coli VREC1379,562.97272,,0.0,0.0,,0.0,0.0,0.0,0.0,,
Escherichia coli VREC1380,562.97248,,0.0,0.0,,0.0,0.0,0.0,0.0,,
Escherichia coli VREC1381,562.97257,,0.0,0.0,,0.0,0.0,0.0,0.0,,
Escherichia coli VREC1382,562.97225,,1.0,1.0,,1.0,0.0,0.0,0.0,,
Escherichia coli VREC1383,562.97223,,1.0,1.0,,1.0,0.0,0.0,0.0,,
Escherichia coli VREC1384,562.97227,,1.0,1.0,,1.0,0.0,0.0,0.0,,
Escherichia coli VREC1385,562.9723,,1.0,1.0,,1.0,0.0,0.0,0.0,,
Escherichia coli VREC1386,562.97231,,1.0,1.0,,1.0,0.0,0.0,0.0,,
Escherichia coli VREC1387,562.97221,,1.0,0.0,,0.0,0.0,0.0,0.0,,
Escherichia coli VREC1388,562.9722,,1.0,0.0,,0.0,0.0,0.0,0.0,,
Escherichia coli VREC1389,562.97214,,1.0,0.0,,0.0,0.0,0.0,0.0,,
Escherichia coli VREC1390,562.97219,,1.0,1.0,,0.0,0.0,0.0,0.0,,
Escherichia coli VREC1392,562.97261,,0.0,0.0,,0.0,0.0,0.0,0.0,,
Escherichia coli VREC1393,562.97255,,0.0,0.0,,0.0,0.0,0.0,0.0,,
Escherichia coli VREC1394,562.97256,,0.0,0.0,,0.0,0.0,0.0,0.0,,
Escherichia coli VREC1395,562.97264,,0.0,0.0,,0.0,0.0,0.0,0.0,,
Escherichia coli VREC1396,562.97218,,1.0,0.0,,0.0,0.0,0.0,0.0,,
Escherichia coli VREC1397,562.97237,,1.0,1.0,,0.0,0.0,0.0,0.0,,
Escherichia coli VREC1403,562.97263,,0.0,0.0,,0.0,0.0,0.0,0.0,,
Escherichia coli VREC1404,562.97252,,0.0,0.0,,0.0,0.0,0.0,0.0,,
Escherichia coli VREC1405,562.97262,,0.0,0.0,,0.0,0.0,0.0,0.0,,
Escherichia coli VREC1406,562.97249,,0.0,0.0,,0.0,0.0,0.0,0.0,,
Escherichia coli VREC1407,562.97267,,0.0,0.0,,0.0,0.0,0.0,0.0,,
Escherichia coli VREC1408,562.97259,,1.0,1.0,,1.0,0.0,0.0,0.0,,
Escherichia coli VREC1409,562.9725,,1.0,1.0,,1.0,0.0,0.0,0.0,,
Escherichia coli VREC1410,562.97268,,1.0,1.0,,1.0,0.0,0.0,0.0,,
Escherichia coli VREC1411,562.97284,,0.0,0.0,,1.0,0.0,0.0,0.0,,
Escherichia coli VREC1412,562.97258,,1.0,0.0,,1.0,0.0,0.0,0.0,,
Escherichia coli VREC1413,562.97279,,0.0,0.0,,0.0,0.0,0.0,0.0,,
Escherichia coli VREC1414,562.97281,,0.0,0.0,,0.0,0.0,0.0,0.0,,
Escherichia coli VREC1415,562.9728,,0.0,0.0,,0.0,1.0,0.0,0.0,,
Escherichia coli VREC1416,562.97283,,0.0,0.0,,0.0,1.0,0.0,0.0,,
Escherichia coli VREC1417,562.97282,,0.0,0.0,,0.0,0.0,0.0,0.0,,
Escherichia coli VREC1418,562.97314,,0.0,0.0,,0.0,0.0,0.0,0.0,,
Escherichia coli VREC1419,562.97324,,0.0,0.0,,0.0,0.0,0.0,0.0,,
Escherichia coli VREC1420,562.97326,,0.0,0.0,,0.0,0.0,0.0,0.0,,
Escherichia coli VREC1421,562.97319,,0.0,0.0,,0.0,0.0,0.0,0.0,,
Escherichia coli VREC1422,562.97321,,0.0,0.0,,0.0,0.0,0.0,0.0,,
Escherichia coli VREC1423,562.9731,,0.0,0.0,,0.0,0.0,0.0,0.0,,
Escherichia coli VREC1424,562.97311,,0.0,0.0,,0.0,0.0,0.0,0.0,,
Escherichia coli VREC1425,562.97312,,0.0,0.0,,0.0,0.0,0.0,0.0,,
Escherichia coli VREC1426,562.97315,,0.0,0.0,,0.0,0.0,0.0,0.0,,
Escherichia coli VREC1427,562.97313,,0.0,0.0,,0.0,0.0,0.0,0.0,,
Escherichia coli VREC1428,562.97294,,1.0,1.0,,1.0,0.0,0.0,0.0,,
Escherichia coli VREC1429,562.97291,,1.0,1.0,,1.0,0.0,0.0,0.0,,
Escherichia coli VREC1430,562.97297,,1.0,1.0,,1.0,0.0,0.0,0.0,,
Escherichia coli VREC1431,562.97298,,1.0,1.0,,1.0,0.0,0.0,0.0,,
Escherichia coli VREC1432,562.97301,,1.0,1.0,,1.0,0.0,0.0,0.0,,
Escherichia coli VREC1433,562.97343,,0.0,0.0,,0.0,0.0,0.0,0.0,,
Escherichia coli VREC1434,562.97345,,0.0,0.0,,0.0,0.0,0.0,0.0,,
Escherichia coli VREC1435,562.97344,,0.0,0.0,,0.0,0.0,0.0,0.0,,
Escherichia coli VREC1436,562.97327,,0.0,0.0,,0.0,0.0,0.0,0.0,,
Escherichia coli VREC1437,562.97339,,0.0,0.0,,0.0,0.0,0.0,0.0,,
Escherichia coli VREC1438,562.97318,,0.0,0.0,,1.0,0.0,0.0,0.0,,
Escherichia coli VREC1439,562.97325,,0.0,0.0,,1.0,0.0,0.0,0.0,,
Escherichia coli VREC1440,562.97346,,0.0,0.0,,1.0,0.0,0.0,0.0,,
Escherichia coli VREC1441,562.97342,,0.0,0.0,,1.0,0.0,0.0,0.0,,
Escherichia coli VREC1442,562.97341,,0.0,0.0,,1.0,0.0,0.0,0.0,,
Escherichia coli VREC1443,562.97316,,0.0,0.0,,1.0,0.0,0.0,0.0,,
Escherichia coli VREC1444,562.9732,,0.0,0.0,,1.0,0.0,0.0,1.0,,
Escherichia coli VREC1445,562.97317,,0.0,0.0,,1.0,0.0,0.0,0.0,,
Escherichia coli VREC1446,562.97322,,0.0,0.0,,1.0,0.0,0.0,0.0,,
Escherichia coli VREC1447,562.97323,,0.0,0.0,,1.0,0.0,0.0,0.0,,
Escherichia coli VREC1448,562.97336,,0.0,0.0,,1.0,0.0,0.0,0.0,,
Escherichia coli VREC1449,562.97328,,0.0,0.0,,1.0,0.0,0.0,0.0,,
Escherichia coli VREC1450,562.97335,,0.0,0.0,,1.0,0.0,0.0,0.0,,
Escherichia coli VREC1451,562.97332,,0.0,0.0,,1.0,0.0,0.0,0.0,,
Escherichia coli VREC1452,562.97338,,0.0,0.0,,1.0,0.0,0.0,0.0,,
Escherichia coli VREC1458,562.9734,,0.0,0.0,,1.0,0.0,0.0,0.0,,
Escherichia coli VREC1459,562.97333,,0.0,0.0,,1.0,0.0,0.0,0.0,,
Escherichia coli VREC1460,562.97329,,0.0,0.0,,1.0,0.0,0.0,0.0,,
Escherichia coli VREC1461,562.9733,,0.0,0.0,,1.0,0.0,0.0,0.0,,
Escherichia coli VREC1462,562.97331,,0.0,0.0,,1.0,0.0,0.0,0.0,,
Escherichia coli VREC1463,562.97334,,0.0,0.0,,0.0,0.0,0.0,0.0,,
Escherichia coli VREC1464,562.97337,,0.0,0.0,,0.0,0.0,0.0,0.0,,
Escherichia coli VREC1465,562.97352,,0.0,0.0,,0.0,0.0,0.0,0.0,,
Escherichia coli VREC1466,562.97347,,0.0,0.0,,0.0,0.0,0.0,0.0,,
Escherichia coli VREC1467,562.97348,,0.0,0.0,,0.0,0.0,0.0,0.0,,
Escherichia coli VREC1468,562.9735,,0.0,0.0,,1.0,0.0,0.0,0.0,,
Escherichia coli VREC1469,562.97349,,0.0,0.0,,1.0,0.0,0.0,1.0,,
Escherichia coli VREC1470,562.97351,,0.0,0.0,,1.0,0.0,0.0,0.0,,
Escherichia coli VREC1471,562.97357,,0.0,0.0,,1.0,0.0,0.0,0.0,,
Escherichia coli VREC1472,562.97355,,0.0,0.0,,1.0,0.0,0.0,0.0,,
Escherichia coli VREC1473,562.97353,,0.0,0.0,,0.0,0.0,0.0,0.0,,
Escherichia coli VREC1474,562.97356,,0.0,0.0,,0.0,0.0,0.0,0.0,,
Escherichia coli VREC1475,562.97362,,0.0,0.0,,1.0,0.0,0.0,1.0,,
Escherichia coli VREC1476,562.97363,,0.0,0.0,,1.0,0.0,0.0,0.0,,
Escherichia coli VREC1477,562.97359,,0.0,0.0,,1.0,0.0,0.0,1.0,,
Escherichia coli VREC1478,562.97361,,0.0,0.0,,1.0,0.0,0.0,0.0,,
Escherichia coli VREC1479,562.9736,,0.0,0.0,,1.0,0.0,0.0,0.0,,
Escherichia coli VREC1480,562.97358,,0.0,0.0,,0.0,0.0,0.0,0.0,,
Escherichia coli VREC1481,562.9737,,0.0,0.0,,0.0,0.0,0.0,0.0,,
Escherichia coli VREC1482,562.97366,,0.0,0.0,,0.0,0.0,0.0,0.0,,
Escherichia coli VREC1483,562.97368,,0.0,0.0,,0.0,0.0,0.0,0.0,,
Escherichia coli VREC1484,562.97371,,0.0,0.0,,0.0,0.0,0.0,0.0,,
Escherichia coli VREC1485,562.97367,,0.0,0.0,,0.0,0.0,0.0,0.0,,
Escherichia coli VREC1486,562.97369,,0.0,0.0,,0.0,0.0,0.0,0.0,,
Escherichia coli VREC1487,562.97372,,0.0,0.0,,0.0,0.0,0.0,0.0,,
Escherichia coli VREC1488,562.9738,,0.0,0.0,,0.0,0.0,0.0,0.0,,
Escherichia coli VREC1489,562.97354,,0.0,0.0,,0.0,0.0,0.0,0.0,,
Escherichia coli VREC1490,562.97364,,0.0,0.0,,0.0,0.0,0.0,0.0,,
Escherichia coli VREC1491,562.97365,,0.0,0.0,,0.0,0.0,0.0,0.0,,
Escherichia coli VREC1492,562.97381,,0.0,0.0,,0.0,0.0,0.0,0.0,,
Escherichia coli VREC1493,562.97373,,0.0,0.0,,0.0,0.0,0.0,0.0,,
Escherichia coli VREC1494,562.97378,,0.0,0.0,,0.0,0.0,0.0,0.0,,
Escherichia coli VREC1495,562.97375,,0.0,0.0,,0.0,0.0,0.0,0.0,,
Escherichia coli VREC1496,562.97376,,0.0,0.0,,0.0,0.0,0.0,0.0,,
Escherichia coli VREC1497,562.97386,,0.0,0.0,,0.0,0.0,0.0,0.0,,
Escherichia coli VREC1498,562.97382,,0.0,0.0,,0.0,0.0,0.0,0.0,,
Escherichia coli VREC1499,562.97385,,0.0,0.0,,0.0,0.0,0.0,0.0,,
Escherichia coli VREC1500,562.97387,,0.0,0.0,,0.0,0.0,0.0,0.0,,
Escherichia coli VREC1501,562.97384,,0.0,0.0,,0.0,0.0,0.0,0.0,,
Escherichia coli VREC1502,562.97374,,0.0,0.0,,0.0,0.0,0.0,0.0,,
Escherichia coli VREC1503,562.97377,,0.0,0.0,,0.0,0.0,0.0,0.0,,
Escherichia coli VREC1504,562.97379,,0.0,0.0,,0.0,0.0,0.0,0.0,,
Escherichia coli VREC1505,562.97383,,0.0,0.0,,0.0,0.0,0.0,0.0,,
Escherichia coli VREC1506,562.97388,,0.0,0.0,,0.0,0.0,0.0,0.0,,
Escherichia coli VREC1507,562.97391,,0.0,0.0,,1.0,1.0,0.0,0.0,,
Escherichia coli VREC1508,562.97395,,0.0,0.0,,1.0,1.0,0.0,0.0,,
Escherichia coli VREC1509,562.97394,,0.0,0.0,,1.0,1.0,0.0,0.0,,
Escherichia coli VREC1510,562.97392,,0.0,0.0,,1.0,1.0,0.0,0.0,,
Escherichia coli VREC1511,562.97393,,0.0,0.0,,1.0,1.0,0.0,0.0,,
Escherichia coli VREC1512,562.97389,,0.0,0.0,,0.0,0.0,0.0,0.0,,
Escherichia coli VREC1513,562.9739,,0.0,0.0,,0.0,0.0,0.0,0.0,,
Escherichia coli VREC1514,562.9741,,0.0,0.0,,0.0,0.0,0.0,0.0,,
Escherichia coli VREC1515,562.97397,,0.0,0.0,,0.0,0.0,0.0,0.0,,
Escherichia coli VREC1516,562.97401,,0.0,0.0,,0.0,0.0,0.0,0.0,,
Escherichia coli VREC1517,562.97406,,0.0,0.0,,0.0,0.0,0.0,0.0,,
Escherichia coli VREC1518,562.97403,,0.0,0.0,,0.0,0.0,0.0,0.0,,
Escherichia coli VREC1519,562.97402,,0.0,0.0,,0.0,0.0,0.0,0.0,,
Escherichia coli VREC1520,562.97399,,0.0,0.0,,0.0,0.0,0.0,0.0,,
Escherichia coli VREC1521,562.974,,0.0,0.0,,0.0,0.0,0.0,0.0,,
Escherichia coli VREC1522,562.97398,,0.0,0.0,,0.0,0.0,0.0,0.0,,
Escherichia coli VREC1523,562.97405,,0.0,0.0,,0.0,0.0,0.0,0.0,,
Escherichia coli VREC1524,562.97409,,0.0,0.0,,0.0,0.0,0.0,0.0,,
Escherichia coli VREC1525,562.97396,,0.0,0.0,,0.0,0.0,0.0,0.0,,
Escherichia coli VREC1526,562.97411,,0.0,0.0,,0.0,0.0,0.0,0.0,,
Escherichia coli VREC1529,562.97407,,0.0,0.0,,0.0,0.0,0.0,0.0,,
Escherichia coli VREC1530,562.97404,,0.0,0.0,,0.0,0.0,0.0,0.0,,
Escherichia coli VREC1531,562.97408,,0.0,0.0,,0.0,0.0,0.0,0.0,,
Escherichia coli VREC1541,562.97428,,0.0,0.0,,0.0,0.0,0.0,0.0,,
Escherichia coli VREC1542,562.97426,,0.0,0.0,,0.0,0.0,0.0,0.0,,
Escherichia coli VREC1543,562.97414,,0.0,0.0,,0.0,0.0,0.0,0.0,,
Escherichia coli VREC1544,562.97416,,0.0,0.0,,0.0,0.0,0.0,0.0,,
Escherichia coli VREC1545,562.97436,,0.0,0.0,,0.0,0.0,0.0,0.0,,
Escherichia coli VREC1546,562.97437,,0.0,0.0,,0.0,0.0,0.0,0.0,,
Escherichia coli VREC1547,562.97418,,0.0,0.0,,1.0,0.0,0.0,0.0,,
Escherichia coli VREC1548,562.97427,,0.0,0.0,,1.0,0.0,0.0,0.0,,
Escherichia coli VREC1549,562.97415,,0.0,0.0,,1.0,0.0,0.0,0.0,,
Escherichia coli VREC1550,562.97434,,0.0,0.0,,1.0,0.0,0.0,0.0,,
Escherichia coli VREC1551,562.97422,,0.0,0.0,,1.0,0.0,0.0,0.0,,
Escherichia coli VREC1552,562.97433,,0.0,0.0,,1.0,0.0,0.0,0.0,,
Escherichia coli VREC1553,562.97424,,0.0,0.0,,1.0,0.0,0.0,0.0,,
Escherichia coli VREC1554,562.9743,,0.0,0.0,,1.0,0.0,0.0,0.0,,
Escherichia coli VREC1555,562.97429,,0.0,0.0,,1.0,0.0,0.0,0.0,,
Escherichia coli VREC1556,562.97417,,0.0,0.0,,1.0,0.0,0.0,0.0,,
Escherichia coli VREC1557,562.97438,,0.0,0.0,,0.0,0.0,0.0,0.0,,
Escherichia coli VREC1558,562.97443,,0.0,0.0,,0.0,0.0,0.0,0.0,,
Escherichia coli VREC1559,562.9744,,0.0,0.0,,0.0,0.0,0.0,0.0,,
Escherichia coli VREC1560,562.97439,,0.0,0.0,,0.0,0.0,0.0,0.0,,
Escherichia coli VREC1561,562.97442,,0.0,0.0,,0.0,0.0,0.0,0.0,,
Escherichia coli VREC1562,562.97423,,0.0,0.0,,0.0,0.0,0.0,0.0,,
Escherichia coli VREC1563,562.97421,,0.0,0.0,,0.0,0.0,0.0,0.0,,
Escherichia coli VREC1564,562.97431,,1.0,0.0,,0.0,0.0,0.0,0.0,,
Escherichia coli VREC1565,562.97432,,1.0,0.0,,0.0,0.0,0.0,0.0,,
Escherichia coli VREC1566,562.97425,,0.0,0.0,,0.0,0.0,0.0,0.0,,
Escherichia coli VREC1567,562.97435,,0.0,0.0,,0.0,0.0,0.0,0.0,,
Escherichia coli VREC1568,562.97412,,0.0,0.0,,0.0,0.0,0.0,0.0,,
Escherichia coli VREC1569,562.97413,,0.0,0.0,,0.0,0.0,0.0,0.0,,
Escherichia coli VREC1570,562.97419,,0.0,0.0,,0.0,0.0,0.0,0.0,,
Escherichia coli VREC1571,562.9742,,0.0,0.0,,0.0,0.0,0.0,0.0,,
Escherichia coli VREC1572,562.97441,,0.0,0.0,,0.0,0.0,0.0,0.0,,
Escherichia coli VREC1573,562.97444,,0.0,0.0,,0.0,0.0,0.0,0.0,,
Escherichia coli VREC1574,562.97446,,0.0,0.0,,0.0,0.0,0.0,0.0,,
Escherichia coli VREC1575,562.97445,,0.0,0.0,,0.0,0.0,0.0,0.0,,
Escherichia coli VREC1582,562.97447,,0.0,0.0,,0.0,0.0,0.0,0.0,,
Escherichia coli VREC1583,562.97448,,0.0,0.0,,0.0,0.0,0.0,0.0,,
Escherichia coli VREC1584,562.97454,,0.0,0.0,,0.0,0.0,0.0,0.0,,
Escherichia coli VREC1585,562.97452,,0.0,0.0,,0.0,0.0,0.0,0.0,,
Escherichia coli VREC1586,562.97453,,0.0,0.0,,0.0,0.0,0.0,0.0,,
Escherichia coli VREC1587,562.97449,,0.0,0.0,,0.0,0.0,0.0,0.0,,
Escherichia coli VREC1588,562.9745,,0.0,0.0,,0.0,0.0,0.0,0.0,,
Escherichia coli VREC1589,562.97451,,0.0,0.0,,0.0,0.0,0.0,0.0,,
Escherichia coli VREC1590,562.97455,,0.0,0.0,,0.0,0.0,0.0,0.0,,
Escherichia coli VREC1591,562.97456,,0.0,0.0,,0.0,0.0,0.0,0.0,,
Escherichia coli VREC1592,562.96938,,1.0,1.0,,1.0,0.0,0.0,0.0,,
Escherichia coli VREC1593,562.97468,,0.0,0.0,,1.0,0.0,0.0,0.0,,
Escherichia coli VREC1594,562.97465,,0.0,0.0,,1.0,0.0,0.0,0.0,,
Escherichia coli VREC1595,562.97472,,0.0,0.0,,0.0,0.0,0.0,0.0,,
Escherichia coli VREC1596,562.97478,,0.0,0.0,,1.0,0.0,0.0,0.0,,
Escherichia coli VREC1597,562.97473,,0.0,0.0,,0.0,0.0,0.0,0.0,,
Escherichia coli VREC1598,562.97476,,0.0,0.0,,0.0,0.0,0.0,0.0,,
Escherichia coli VREC1599,562.97475,,0.0,0.0,,1.0,0.0,0.0,0.0,,
Escherichia coli VREC1600,562.97501,,0.0,0.0,,0.0,0.0,0.0,0.0,,
Escherichia coli VREC1601,562.9748,,0.0,0.0,,1.0,0.0,0.0,0.0,,
Escherichia coli VREC1602,562.97481,,0.0,0.0,,0.0,0.0,0.0,0.0,,
Escherichia coli VREC1603,562.97483,,0.0,0.0,,0.0,0.0,0.0,1.0,,
Escherichia coli VREC1604,562.97488,,0.0,0.0,,0.0,0.0,0.0,0.0,,
Escherichia coli VREC1605,562.97491,,0.0,0.0,,0.0,0.0,0.0,0.0,,
Escherichia coli VREC1616,562.97487,,0.0,0.0,,1.0,0.0,0.0,0.0,,
Escherichia coli VREC1617,562.97486,,0.0,0.0,,1.0,0.0,0.0,0.0,,
Escherichia coli VREC1618,562.97496,,0.0,0.0,,0.0,0.0,0.0,0.0,,
Escherichia coli VREC1619,562.97495,,0.0,0.0,,1.0,0.0,0.0,0.0,,
Escherichia coli VREC1620,562.97489,,0.0,0.0,,1.0,0.0,0.0,0.0,,
Escherichia coli VREC1621,562.97484,,0.0,0.0,,0.0,0.0,0.0,0.0,,
Escherichia coli VREC1622,562.96575,,0.0,0.0,,0.0,0.0,0.0,0.0,,
Escherichia coli VREC1623,562.96579,,0.0,0.0,,0.0,0.0,0.0,0.0,,
Escherichia coli VREC1624,562.96572,,0.0,0.0,,0.0,0.0,0.0,0.0,,
Escherichia coli VREC1625,562.96571,,0.0,0.0,,0.0,0.0,0.0,0.0,,
Escherichia coli VREC1626,562.96614,,0.0,0.0,,1.0,0.0,0.0,0.0,,
Escherichia coli VREC1627,562.96619,,0.0,0.0,,1.0,0.0,0.0,0.0,,
Escherichia coli VREC1628,562.96737,,0.0,0.0,,1.0,0.0,0.0,1.0,,
Escherichia coli VREC1629,562.96738,,0.0,0.0,,1.0,0.0,0.0,1.0,,
Escherichia coli VREC1630,562.96744,,0.0,0.0,,1.0,0.0,0.0,0.0,,
Escherichia coli VREC1631,562.96466,,0.0,0.0,,0.0,0.0,0.0,0.0,,
Escherichia coli VREC1632,562.97117,,0.0,0.0,,0.0,0.0,0.0,0.0,,
Escherichia coli VREC1633,562.97115,,0.0,0.0,,0.0,0.0,0.0,0.0,,
Escherichia coli VREC1634,562.97119,,0.0,0.0,,0.0,0.0,0.0,0.0,,
Escherichia coli VREC1635,562.97234,,0.0,0.0,,0.0,0.0,0.0,0.0,,
Escherichia coli VREC1636,562.97233,,0.0,0.0,,0.0,0.0,0.0,0.0,,
Escherichia coli VREC1637,562.97232,,0.0,0.0,,0.0,0.0,0.0,0.0,,
Escherichia coli VREC1638,562.97493,,0.0,0.0,,1.0,0.0,0.0,0.0,,
Escherichia coli VREC1639,562.97494,,0.0,0.0,,1.0,0.0,0.0,0.0,,
Escherichia coli VREC1640,562.97497,,0.0,0.0,,1.0,0.0,0.0,0.0,,
Escherichia coli VREC1641,562.9749,,0.0,0.0,,1.0,0.0,0.0,0.0,,
Escherichia coli VREC1642,562.97505,,0.0,0.0,,0.0,1.0,0.0,0.0,,
Escherichia coli VRES0690,562.96419,,1.0,1.0,,1.0,0.0,0.0,0.0,,
Escherichia coli VRES0691,562.96418,,1.0,1.0,,1.0,0.0,0.0,0.0,,
Escherichia coli VRES0692,562.96423,,1.0,1.0,,1.0,0.0,0.0,0.0,,
Escherichia coli VRES0693,562.96432,,1.0,1.0,,1.0,0.0,0.0,0.0,,
Escherichia coli VRES0694,562.96433,,1.0,1.0,,1.0,0.0,0.0,0.0,,
Escherichia coli VRES0695,562.96429,,1.0,1.0,,1.0,0.0,0.0,0.0,,
Escherichia coli VRES0696,562.96428,,1.0,1.0,,1.0,0.0,0.0,0.0,,
Escherichia coli VRES0697,562.96425,,1.0,1.0,,1.0,0.0,0.0,0.0,,
Escherichia coli VRES0698,562.96424,,1.0,1.0,,1.0,0.0,0.0,0.0,,
Escherichia coli VRES0699,562.96427,,1.0,1.0,,1.0,0.0,0.0,0.0,,
Escherichia coli VRES0700,562.96453,,1.0,1.0,,1.0,1.0,0.0,0.0,,
Escherichia coli VRES0701,562.96454,,1.0,1.0,,1.0,1.0,0.0,0.0,,
Escherichia coli VRES0702,562.96459,,1.0,1.0,,1.0,1.0,0.0,0.0,,
Escherichia coli VRES0703,562.96457,,1.0,1.0,,1.0,1.0,0.0,0.0,,
Escherichia coli VRES0704,562.96442,,1.0,1.0,,1.0,1.0,0.0,0.0,,
Escherichia coli VRES0705,562.96444,,1.0,1.0,,1.0,1.0,0.0,0.0,,
Escherichia coli VRES0706,562.96441,,1.0,1.0,,1.0,1.0,0.0,0.0,,
Escherichia coli VRES0707,562.96443,,1.0,1.0,,1.0,1.0,0.0,0.0,,
Escherichia coli VRES0708,562.96445,,1.0,1.0,,1.0,1.0,0.0,0.0,,
Escherichia coli VRES0709,562.96446,,1.0,1.0,,1.0,1.0,0.0,0.0,,
Escherichia coli VRES0710,562.96496,,1.0,1.0,,1.0,0.0,0.0,0.0,,
Escherichia coli VRES0711,562.96489,,1.0,1.0,,1.0,0.0,0.0,0.0,,
Escherichia coli VRES0712,562.96495,,1.0,1.0,,1.0,0.0,0.0,0.0,,
Escherichia coli VRES0713,562.96488,,1.0,1.0,,1.0,0.0,0.0,0.0,,
Escherichia coli VRES0714,562.96491,,1.0,1.0,,1.0,0.0,0.0,0.0,,
Escherichia coli VRES0715,562.96484,,1.0,1.0,,1.0,0.0,0.0,0.0,,
Escherichia coli VRES0716,562.9648,,1.0,1.0,,1.0,0.0,0.0,0.0,,
Escherichia coli VRES0717,562.96494,,1.0,1.0,,1.0,0.0,0.0,0.0,,
Escherichia coli VRES0718,562.9649,,1.0,1.0,,1.0,0.0,0.0,0.0,,
Escherichia coli VRES0719,562.96485,,1.0,1.0,,1.0,0.0,0.0,0.0,,
Escherichia coli VRES0739,562.96508,,1.0,1.0,,1.0,0.0,0.0,0.0,,
Escherichia coli VRES0740,562.96509,,1.0,1.0,,1.0,0.0,0.0,0.0,,
Escherichia coli VRES0741,562.96516,,1.0,1.0,,1.0,0.0,0.0,0.0,,
Escherichia coli VRES0742,562.96522,,1.0,1.0,,1.0,0.0,0.0,0.0,,
Escherichia coli VRES0743,562.96511,,1.0,1.0,,1.0,0.0,0.0,0.0,,
Escherichia coli VRES0744,562.9652,,1.0,1.0,,1.0,0.0,0.0,0.0,,
Escherichia coli VRES0745,562.96519,,1.0,1.0,,1.0,0.0,0.0,0.0,,
Escherichia coli VRES0746,562.96515,,1.0,1.0,,1.0,0.0,0.0,0.0,,
Escherichia coli VRES0747,562.96518,,1.0,1.0,,1.0,0.0,0.0,0.0,,
Escherichia coli VRES0748,562.9651,,1.0,1.0,,1.0,0.0,0.0,0.0,,
Escherichia coli VRES0778,562.96554,,1.0,1.0,,1.0,0.0,0.0,0.0,,
Escherichia coli VRES0779,562.96551,,1.0,1.0,,1.0,0.0,0.0,0.0,,
Escherichia coli VRES0780,562.96555,,1.0,1.0,,1.0,0.0,0.0,0.0,,
Escherichia coli VRES0781,562.96552,,1.0,1.0,,1.0,0.0,0.0,0.0,,
Escherichia coli VRES0782,562.96553,,1.0,1.0,,1.0,0.0,0.0,0.0,,
Escherichia coli VRES0783,562.96556,,1.0,1.0,,1.0,0.0,0.0,0.0,,
Escherichia coli VRES0784,562.96557,,1.0,1.0,,1.0,0.0,0.0,0.0,,
Escherichia coli VRES0785,562.9656,,1.0,1.0,,1.0,0.0,0.0,0.0,,
Escherichia coli VRES0786,562.96561,,1.0,1.0,,1.0,0.0,0.0,0.0,,
Escherichia coli VRES0787,562.96562,,1.0,1.0,,1.0,0.0,0.0,0.0,,
Escherichia coli VRES0832,562.96664,,1.0,1.0,,1.0,1.0,0.0,1.0,,
Escherichia coli VRES0833,562.96662,,1.0,1.0,,1.0,1.0,0.0,0.0,,
Escherichia coli VRES0834,562.96663,,1.0,1.0,,1.0,1.0,0.0,0.0,,
Escherichia coli VRES0835,562.96666,,1.0,1.0,,1.0,0.0,0.0,0.0,,
Escherichia coli VRES0836,562.96657,,1.0,1.0,,1.0,1.0,0.0,1.0,,
Escherichia coli VRES0837,562.96658,,1.0,1.0,,1.0,1.0,0.0,1.0,,
Escherichia coli VRES0838,562.9666,,1.0,1.0,,1.0,1.0,0.0,1.0,,
Escherichia coli VRES0839,562.96673,,1.0,1.0,,1.0,1.0,0.0,1.0,,
Escherichia coli VRES0840,562.9667,,1.0,1.0,,1.0,1.0,0.0,0.0,,
Escherichia coli VRES0841,562.96671,,1.0,1.0,,1.0,1.0,0.0,0.0,,
Escherichia coli VRES0857,562.96683,,1.0,0.0,,0.0,0.0,0.0,0.0,,
Escherichia coli VRES0858,562.96684,,1.0,0.0,,0.0,0.0,0.0,0.0,,
Escherichia coli VRES0859,562.9669,,1.0,0.0,,0.0,0.0,0.0,0.0,,
Escherichia coli VRES0860,562.96681,,1.0,0.0,,0.0,0.0,0.0,0.0,,
Escherichia coli VRES0861,562.96692,,1.0,0.0,,0.0,0.0,0.0,0.0,,
Escherichia coli VRES0862,562.96691,,1.0,0.0,,0.0,0.0,0.0,0.0,,
Escherichia coli VRES0863,562.96693,,1.0,0.0,,0.0,0.0,0.0,0.0,,
Escherichia coli VRES0864,562.9668,,1.0,0.0,,0.0,0.0,0.0,0.0,,
Escherichia coli VRES0865,562.96689,,1.0,0.0,,0.0,0.0,0.0,0.0,,
Escherichia coli VRES0866,562.96694,,1.0,0.0,,0.0,0.0,0.0,0.0,,
Escherichia coli VRES0867,562.96722,,0.0,0.0,,0.0,0.0,0.0,0.0,,
Escherichia coli VRES0868,562.96724,,0.0,0.0,,0.0,0.0,0.0,1.0,,
Escherichia coli VRES0869,562.96719,,0.0,0.0,,0.0,0.0,0.0,0.0,,
Escherichia coli VRES0870,562.9672,,0.0,0.0,,0.0,0.0,0.0,1.0,,
Escherichia coli VRES0871,562.96723,,0.0,0.0,,0.0,0.0,0.0,0.0,,
Escherichia coli VRES0872,562.96721,,0.0,0.0,,0.0,0.0,0.0,0.0,,
Escherichia coli VRES0873,562.96714,,0.0,0.0,,0.0,0.0,0.0,0.0,,
Escherichia coli VRES0874,562.96716,,0.0,0.0,,0.0,0.0,0.0,0.0,,
Escherichia coli VRES0875,562.9673,,0.0,0.0,,0.0,0.0,0.0,0.0,,
Escherichia coli VRES0876,562.96731,,0.0,0.0,,0.0,0.0,0.0,0.0,,
Escherichia coli VRES0908,562.96695,,1.0,1.0,,1.0,1.0,0.0,0.0,,
Escherichia coli VRES0909,562.96707,,1.0,1.0,,1.0,1.0,0.0,0.0,,
Escherichia coli VRES0910,562.96709,,1.0,1.0,,1.0,1.0,0.0,0.0,,
Escherichia coli VRES0911,562.96708,,1.0,1.0,,1.0,1.0,0.0,0.0,,
Escherichia coli VRES0912,562.96706,,1.0,1.0,,1.0,1.0,0.0,0.0,,
Escherichia coli VRES0913,562.96705,,1.0,1.0,,1.0,1.0,0.0,0.0,,
Escherichia coli VRES0914,562.96713,,1.0,1.0,,1.0,1.0,0.0,0.0,,
Escherichia coli VRES0915,562.9671,,1.0,1.0,,1.0,1.0,0.0,0.0,,
Escherichia coli VRES0916,562.96712,,1.0,1.0,,1.0,1.0,0.0,1.0,,
Escherichia coli VRES0917,562.96711,,1.0,1.0,,1.0,1.0,0.0,0.0,,
Escherichia coli VRES0948,562.96772,,1.0,0.0,,0.0,0.0,0.0,0.0,,
Escherichia coli VRES0949,562.96755,,1.0,0.0,,0.0,0.0,0.0,0.0,,
Escherichia coli VRES0950,562.96756,,1.0,0.0,,0.0,0.0,0.0,0.0,,
Escherichia coli VRES0951,562.96771,,1.0,0.0,,0.0,1.0,0.0,0.0,,
Escherichia coli VRES0952,562.96769,,1.0,0.0,,0.0,0.0,0.0,0.0,,
Escherichia coli VRES0953,562.96762,,1.0,0.0,,0.0,0.0,0.0,0.0,,
Escherichia coli VRES0954,562.96768,,1.0,0.0,,0.0,0.0,0.0,0.0,,
Escherichia coli VRES0955,562.96761,,1.0,0.0,,0.0,0.0,0.0,0.0,,
Escherichia coli VRES0956,562.96764,,1.0,0.0,,0.0,0.0,0.0,0.0,,
Escherichia coli VRES0957,562.9677,,1.0,0.0,,0.0,0.0,0.0,0.0,,
Escherichia coli VRES0984,562.96783,,1.0,1.0,,1.0,0.0,0.0,0.0,,
Escherichia coli VRES0985,562.96784,,1.0,1.0,,1.0,0.0,0.0,0.0,,
Escherichia coli VRES0986,562.9679,,1.0,1.0,,1.0,0.0,0.0,1.0,,
Escherichia coli VRES0987,562.96789,,1.0,1.0,,1.0,0.0,0.0,1.0,,
Escherichia coli VRES0988,562.96788,,1.0,1.0,,1.0,0.0,0.0,1.0,,
Escherichia coli VRES0989,562.96787,,1.0,1.0,,1.0,0.0,0.0,0.0,,
Escherichia coli VRES0994,562.96795,,1.0,1.0,,1.0,0.0,0.0,1.0,,
Escherichia coli VRES0995,562.96791,,1.0,1.0,,1.0,0.0,0.0,1.0,,
Escherichia coli VRES0997,562.96796,,1.0,1.0,,1.0,0.0,0.0,1.0,,
Escherichia coli VRES0998,562.96792,,1.0,1.0,,1.0,0.0,0.0,1.0,,
Escherichia coli VRES1035,562.96851,,1.0,1.0,,1.0,0.0,0.0,0.0,,
Escherichia coli VRES1036,562.96855,,1.0,1.0,,1.0,0.0,0.0,0.0,,
Escherichia coli VRES1038,562.96854,,1.0,1.0,,1.0,0.0,0.0,0.0,,
Escherichia coli VRES1039,562.96857,,1.0,1.0,,1.0,0.0,0.0,0.0,,
Escherichia coli VRES1040,562.96856,,1.0,1.0,,1.0,0.0,0.0,0.0,,
Escherichia coli VRES1041,562.96853,,1.0,1.0,,1.0,0.0,0.0,0.0,,
Escherichia coli VRES1043,562.96852,,1.0,1.0,,1.0,0.0,0.0,0.0,,
Escherichia coli VRES1044,562.9686,,1.0,1.0,,1.0,0.0,0.0,0.0,,
Escherichia coli VRES1046,562.96862,,1.0,1.0,,1.0,0.0,0.0,0.0,,
Escherichia coli VRES1047,562.96847,,1.0,1.0,,1.0,0.0,0.0,0.0,,
Escherichia coli VRES1090,562.96872,,1.0,0.0,,0.0,0.0,0.0,0.0,,
Escherichia coli VRES1091,562.96874,,1.0,0.0,,0.0,0.0,0.0,0.0,,
Escherichia coli VRES1092,562.96871,,1.0,0.0,,0.0,0.0,0.0,0.0,,
Escherichia coli VRES1093,562.96889,,1.0,0.0,,0.0,0.0,0.0,0.0,,
Escherichia coli VRES1094,562.9688,,1.0,0.0,,0.0,0.0,0.0,0.0,,
Escherichia coli VRES1095,562.96882,,1.0,0.0,,0.0,0.0,0.0,0.0,,
Escherichia coli VRES1096,562.96884,,1.0,0.0,,0.0,0.0,0.0,0.0,,
Escherichia coli VRES1097,562.96881,,1.0,0.0,,0.0,0.0,0.0,0.0,,
Escherichia coli VRES1098,562.96885,,1.0,0.0,,0.0,0.0,0.0,0.0,,
Escherichia coli VRES1099,562.96878,,1.0,0.0,,0.0,0.0,0.0,0.0,,
Escherichia coli VRES1100,562.969,,1.0,0.0,,1.0,0.0,0.0,0.0,,
Escherichia coli VRES1101,562.96908,,1.0,0.0,,1.0,0.0,0.0,0.0,,
Escherichia coli VRES1102,562.96901,,1.0,1.0,,1.0,0.0,0.0,0.0,,
Escherichia coli VRES1103,562.96903,,1.0,0.0,,1.0,0.0,0.0,0.0,,
Escherichia coli VRES1104,562.96904,,1.0,0.0,,1.0,0.0,0.0,0.0,,
Escherichia coli VRES1105,562.96905,,1.0,0.0,,1.0,0.0,0.0,0.0,,
Escherichia coli VRES1106,562.96902,,1.0,1.0,,1.0,0.0,0.0,0.0,,
Escherichia coli VRES1107,562.96906,,1.0,0.0,,1.0,0.0,0.0,0.0,,
Escherichia coli VRES1108,562.96907,,1.0,0.0,,1.0,0.0,0.0,0.0,,
Escherichia coli VRES1109,562.96909,,1.0,1.0,,1.0,0.0,0.0,0.0,,
Escherichia coli VRES1150,562.96992,,1.0,1.0,,1.0,1.0,0.0,0.0,,
Escherichia coli VRES1151,562.96996,,1.0,1.0,,1.0,1.0,0.0,0.0,,
Escherichia coli VRES1152,562.96995,,1.0,1.0,,1.0,1.0,0.0,0.0,,
Escherichia coli VRES1153,562.96994,,1.0,1.0,,1.0,1.0,0.0,0.0,,
Escherichia coli VRES1154,562.96993,,1.0,1.0,,1.0,1.0,0.0,0.0,,
Escherichia coli VRES1155,562.96998,,1.0,1.0,,1.0,1.0,0.0,0.0,,
Escherichia coli VRES1156,562.97004,,1.0,1.0,,1.0,1.0,0.0,0.0,,
Escherichia coli VRES1157,562.96997,,1.0,1.0,,1.0,1.0,0.0,0.0,,
Escherichia coli VRES1158,562.97,,1.0,1.0,,1.0,1.0,0.0,0.0,,
Escherichia coli VRES1159,562.96999,,1.0,1.0,,1.0,1.0,0.0,0.0,,
Escherichia coli VRES1160,562.96949,,1.0,1.0,,1.0,1.0,0.0,0.0,,
Escherichia coli VRES1161,562.96958,,1.0,1.0,,1.0,1.0,0.0,0.0,,
Escherichia coli VRES1162,562.96957,,1.0,1.0,,1.0,1.0,0.0,0.0,,
Escherichia coli VRES1163,562.96978,,1.0,1.0,,1.0,1.0,0.0,0.0,,
Escherichia coli VRES1164,562.96974,,1.0,1.0,,1.0,1.0,0.0,0.0,,
Escherichia coli VRES1165,562.96975,,1.0,1.0,,1.0,1.0,0.0,0.0,,
Escherichia coli VRES1166,562.9698,,1.0,1.0,,1.0,1.0,0.0,0.0,,
Escherichia coli VRES1167,562.96979,,1.0,1.0,,1.0,1.0,0.0,0.0,,
Escherichia coli VRES1168,562.96981,,1.0,1.0,,1.0,1.0,0.0,0.0,,
Escherichia coli VRES1169,562.96965,,1.0,1.0,,1.0,1.0,0.0,0.0,,
Escherichia coli VRES1184,562.96944,,1.0,0.0,,0.0,0.0,0.0,0.0,,
Escherichia coli VRES1185,562.96951,,1.0,0.0,,0.0,0.0,0.0,0.0,,
Escherichia coli VRES1186,562.96946,,1.0,0.0,,0.0,0.0,0.0,0.0,,
Escherichia coli VRES1187,562.96948,,1.0,0.0,,0.0,0.0,0.0,0.0,,
Escherichia coli VRES1188,562.96947,,1.0,0.0,,0.0,0.0,0.0,0.0,,
Escherichia coli VRES1189,562.96942,,1.0,0.0,,0.0,0.0,0.0,0.0,,
Escherichia coli VRES1190,562.96945,,1.0,0.0,,0.0,0.0,0.0,0.0,,
Escherichia coli VRES1191,562.96941,,1.0,0.0,,0.0,0.0,0.0,0.0,,
Escherichia coli VRES1192,562.9695,,1.0,0.0,,0.0,0.0,0.0,0.0,,
Escherichia coli VRES1193,562.96943,,1.0,0.0,,0.0,0.0,0.0,0.0,,
Escherichia coli VRES1194,562.97022,,1.0,1.0,,0.0,0.0,0.0,0.0,,
Escherichia coli VRES1195,562.97021,,1.0,1.0,,0.0,0.0,0.0,0.0,,
Escherichia coli VRES1196,562.97033,,1.0,1.0,,0.0,0.0,0.0,0.0,,
Escherichia coli VRES1197,562.97023,,1.0,1.0,,0.0,0.0,0.0,0.0,,
Escherichia coli VRES1198,562.97029,,1.0,1.0,,0.0,0.0,0.0,0.0,,
Escherichia coli VRES1199,562.97028,,1.0,1.0,,0.0,0.0,0.0,0.0,,
Escherichia coli VRES1200,562.97025,,1.0,1.0,,0.0,0.0,0.0,0.0,,
Escherichia coli VRES1201,562.97032,,1.0,1.0,,0.0,0.0,0.0,0.0,,
Escherichia coli VRES1202,562.9702,,1.0,1.0,,0.0,0.0,0.0,0.0,,
Escherichia coli VRES1203,562.97027,,1.0,1.0,,0.0,0.0,0.0,0.0,,
Escherichia coli VRES1300,562.97062,,1.0,1.0,,1.0,1.0,0.0,1.0,,
Escherichia coli VRES1301,562.97061,,1.0,1.0,,1.0,1.0,0.0,1.0,,
Escherichia coli VRES1302,562.97069,,1.0,1.0,,1.0,1.0,0.0,1.0,,
Escherichia coli VRES1303,562.97068,,1.0,1.0,,1.0,1.0,0.0,1.0,,
Escherichia coli VRES1304,562.97074,,1.0,1.0,,1.0,1.0,0.0,1.0,,
Escherichia coli VRES1305,562.97076,,1.0,1.0,,1.0,1.0,0.0,1.0,,
Escherichia coli VRES1306,562.97075,,1.0,1.0,,1.0,1.0,0.0,1.0,,
Escherichia coli VRES1307,562.9707,,1.0,1.0,,1.0,1.0,0.0,1.0,,
Escherichia coli VRES1308,562.97072,,1.0,1.0,,1.0,1.0,0.0,1.0,,
Escherichia coli VRES1309,562.97071,,1.0,1.0,,1.0,1.0,0.0,1.0,,
Escherichia coli VRES1346,562.97109,,1.0,1.0,,0.0,0.0,0.0,0.0,,
Escherichia coli VRES1347,562.97103,,1.0,1.0,,0.0,0.0,0.0,0.0,,
Escherichia coli VRES1348,562.97116,,1.0,1.0,,0.0,0.0,0.0,0.0,,
Escherichia coli VRES1349,562.9712,,1.0,1.0,,0.0,0.0,0.0,0.0,,
Escherichia coli VRES1350,562.97108,,1.0,1.0,,0.0,0.0,0.0,0.0,,
Escherichia coli VRES1351,562.97118,,1.0,1.0,,0.0,0.0,0.0,0.0,,
Escherichia coli VRES1352,562.97105,,1.0,1.0,,0.0,0.0,0.0,0.0,,
Escherichia coli VRES1353,562.97114,,1.0,1.0,,0.0,0.0,0.0,0.0,,
Escherichia coli VRES1354,562.9711,,1.0,1.0,,0.0,0.0,0.0,0.0,,
Escherichia coli VRES1375,562.97162,,1.0,1.0,,1.0,0.0,0.0,0.0,,
Escherichia coli VRES1376,562.97161,,1.0,1.0,,1.0,0.0,0.0,0.0,,
Escherichia coli VRES1377,562.97167,,1.0,1.0,,1.0,0.0,0.0,0.0,,
Escherichia coli VRES1378,562.97169,,1.0,1.0,,1.0,0.0,0.0,0.0,,
Escherichia coli VRES1379,562.97171,,1.0,1.0,,1.0,0.0,0.0,0.0,,
Escherichia coli VRES1380,562.97172,,1.0,1.0,,1.0,0.0,0.0,0.0,,
Escherichia coli VRES1381,562.97165,,1.0,1.0,,1.0,0.0,0.0,0.0,,
Escherichia coli VRES1382,562.97164,,1.0,1.0,,1.0,0.0,0.0,0.0,,
Escherichia coli VRES1383,562.97177,,1.0,1.0,,1.0,0.0,0.0,0.0,,
Escherichia coli VRES1384,562.97175,,1.0,1.0,,1.0,0.0,0.0,0.0,,
Escherichia coli VRES1421,562.97242,,1.0,1.0,,1.0,0.0,0.0,0.0,,
Escherichia coli VRES1422,562.97241,,1.0,1.0,,1.0,0.0,0.0,0.0,,
Escherichia coli VRES1423,562.97245,,1.0,1.0,,1.0,0.0,0.0,0.0,,
Escherichia coli VRES1424,562.9724,,1.0,1.0,,1.0,0.0,0.0,0.0,,
Escherichia coli VRES1425,562.97244,,1.0,1.0,,1.0,0.0,0.0,0.0,,
Escherichia coli VRES1426,562.97246,,1.0,1.0,,1.0,0.0,0.0,0.0,,
Escherichia coli VRES1427,562.97247,,1.0,1.0,,1.0,0.0,0.0,0.0,,
Escherichia coli VRES1428,562.97253,,1.0,1.0,,1.0,0.0,0.0,0.0,,
Escherichia coli VRES1429,562.9727,,1.0,1.0,,1.0,0.0,0.0,0.0,,
Escherichia coli VRES1430,562.97224,,1.0,1.0,,1.0,0.0,0.0,0.0,,
Escherichia coli VRES1431,562.97236,,1.0,1.0,,1.0,0.0,0.0,0.0,,
Escherichia coli VRES1432,562.97228,,1.0,1.0,,1.0,0.0,0.0,0.0,,
Escherichia coli VRES1433,562.97229,,1.0,1.0,,1.0,0.0,0.0,0.0,,
Escherichia coli VRES1434,562.97222,,1.0,1.0,,1.0,0.0,0.0,0.0,,
Escherichia coli VRES1435,562.97235,,1.0,1.0,,1.0,0.0,0.0,0.0,,
Escherichia coli VRES1436,562.97226,,1.0,1.0,,1.0,0.0,0.0,0.0,,
Escherichia coli VRES1437,562.97239,,1.0,1.0,,1.0,0.0,0.0,0.0,,
Escherichia coli VRES1438,562.97238,,1.0,1.0,,1.0,0.0,0.0,0.0,,
Escherichia coli VRES1439,562.97243,,1.0,1.0,,1.0,0.0,0.0,0.0,,
Escherichia coli VRES1445,562.97271,,1.0,1.0,,1.0,0.0,0.0,0.0,,
Escherichia coli VRES1463,562.97463,,1.0,1.0,,1.0,0.0,0.0,0.0,,
Escherichia coli VRES1464,562.97467,,1.0,1.0,,1.0,0.0,0.0,0.0,,
Escherichia coli VRES1465,562.97474,,1.0,1.0,,1.0,0.0,0.0,0.0,,
Escherichia coli VRES1466,562.97477,,1.0,1.0,,1.0,0.0,0.0,0.0,,
Escherichia coli VRES1467,562.975,,1.0,1.0,,1.0,0.0,0.0,0.0,,
Escherichia coli VRES1468,562.97499,,1.0,1.0,,1.0,0.0,0.0,0.0,,
Escherichia coli VRES1469,562.97498,,1.0,1.0,,1.0,0.0,0.0,0.0,,
Escherichia coli VRES1470,562.97492,,1.0,1.0,,1.0,0.0,0.0,0.0,,
Escherichia coli VRES1471,562.97479,,1.0,1.0,,1.0,0.0,0.0,0.0,,
Escherichia coli VRES1472,562.97485,,1.0,1.0,,1.0,0.0,0.0,0.0,,
Escherichia coli VRES1488,562.97265,,1.0,1.0,,1.0,0.0,0.0,0.0,,
Escherichia coli VRES1489,562.97266,,1.0,1.0,,1.0,0.0,0.0,0.0,,
Escherichia coli VRES1490,562.9726,,1.0,0.0,,1.0,0.0,0.0,0.0,,
Escherichia coli VRES1491,562.97278,,1.0,1.0,,1.0,0.0,0.0,0.0,,
Escherichia coli VRES1492,562.97277,,1.0,1.0,,1.0,0.0,0.0,0.0,,
Escherichia coli VRES1493,562.97273,,1.0,1.0,,1.0,0.0,0.0,0.0,,
Escherichia coli VRES1494,562.97274,,1.0,1.0,,1.0,0.0,0.0,0.0,,
Escherichia coli VRES1495,562.97276,,1.0,1.0,,1.0,0.0,0.0,0.0,,
Escherichia coli VRES1496,562.97254,,1.0,1.0,,1.0,0.0,0.0,0.0,,
Escherichia coli VRES1497,562.97275,,1.0,0.0,,1.0,0.0,0.0,0.0,,
Escherichia coli VRES1498,562.97299,,1.0,1.0,,1.0,0.0,0.0,0.0,,
Escherichia coli VRES1499,562.973,,1.0,1.0,,1.0,0.0,0.0,0.0,,
Escherichia coli VRES1500,562.97304,,1.0,1.0,,1.0,0.0,0.0,0.0,,
Escherichia coli VRES1501,562.97303,,1.0,1.0,,1.0,0.0,0.0,0.0,,
Escherichia coli VRES1502,562.97302,,1.0,1.0,,1.0,0.0,0.0,0.0,,
Escherichia coli VRES1503,562.97307,,1.0,1.0,,1.0,0.0,0.0,0.0,,
Escherichia coli VRES1504,562.97308,,1.0,1.0,,1.0,0.0,0.0,0.0,,
Escherichia coli VRES1505,562.97309,,1.0,1.0,,1.0,0.0,0.0,0.0,,
Escherichia coli VRES1506,562.97306,,1.0,1.0,,1.0,0.0,0.0,0.0,,
Escherichia coli VRES1507,562.97305,,1.0,1.0,,1.0,0.0,0.0,0.0,,
Escherichia coli VRES1588,562.97461,,1.0,0.0,,0.0,0.0,0.0,0.0,,
Escherichia coli VRES1589,562.97458,,1.0,0.0,,0.0,0.0,0.0,0.0,,
Escherichia coli VRES1590,562.97459,,1.0,0.0,,0.0,0.0,0.0,0.0,,
Escherichia coli VRES1591,562.9746,,1.0,0.0,,0.0,0.0,0.0,0.0,,
Escherichia coli VRES1592,562.97457,,1.0,0.0,,0.0,0.0,0.0,0.0,,
Escherichia coli VRES1593,562.97471,,1.0,0.0,,0.0,0.0,0.0,0.0,,
Escherichia coli VRES1594,562.9747,,1.0,0.0,,0.0,0.0,0.0,0.0,,
Escherichia coli VRES1595,562.97462,,1.0,0.0,,0.0,0.0,0.0,0.0,,
Escherichia coli VRES1596,562.97464,,1.0,0.0,,0.0,0.0,0.0,0.0,,
Escherichia coli VRES1597,562.97469,,1.0,0.0,,0.0,0.0,0.0,0.0,,
Escherichia coli VRES1608,562.96925,,1.0,1.0,,1.0,0.0,0.0,0.0,,
Escherichia coli VRES1609,562.96939,,1.0,1.0,,1.0,0.0,0.0,0.0,,
Escherichia coli VRES1610,562.96935,,1.0,1.0,,1.0,1.0,0.0,0.0,,
Escherichia coli VRES1613,562.96934,,1.0,1.0,,1.0,1.0,0.0,1.0,,
Escherichia coli VRES1614,562.96933,,1.0,1.0,,1.0,1.0,0.0,1.0,,
Escherichia coli VRES1616,562.96937,,1.0,1.0,,1.0,1.0,0.0,0.0,,
Escherichia coli VRES1617,562.96932,,1.0,1.0,,1.0,1.0,0.0,0.0,,
Escherichia coli VRES1619,562.96931,,1.0,1.0,,1.0,1.0,0.0,0.0,,
Escherichia coli VRES1620,562.96936,,1.0,1.0,,1.0,0.0,0.0,0.0,,
Escherichia coli VRES1621,562.96952,,1.0,1.0,,1.0,1.0,0.0,0.0,,
Escherichia coli VRES1658,562.97482,,1.0,1.0,,0.0,1.0,0.0,0.0,,
Escherichia coli a0070e30-7bb8-11e9-a8d3-68b59976a384,562.100672,0.0,0.0,0.0,,0.0,0.0,0.0,0.0,0.0,0.0
Escherichia coli a019e75c-7bb9-11e9-a8d3-68b59976a384,562.98607,0.0,0.0,0.0,0.0,0.0,0.0,,0.0,0.0,0.0
Escherichia coli a01b82ca-7bb8-11e9-a8d3-68b59976a384,562.100671,1.0,1.0,1.0,,1.0,0.0,0.0,0.0,0.0,1.0
Escherichia coli a02cad0c-7bb8-11e9-a8d3-68b59976a384,562.100673,0.0,0.0,0.0,,0.0,0.0,0.0,0.0,0.0,0.0
Escherichia coli a0350a96-7bb9-11e9-a8d3-68b59976a384,562.98813,1.0,0.0,0.0,0.0,0.0,0.0,0.0,0.0,0.0,0.0
Escherichia coli a05142d8-7bb9-11e9-a8d3-68b59976a384,562.98815,1.0,0.0,0.0,0.0,0.0,0.0,0.0,0.0,0.0,0.0
Escherichia coli a06250e2-7bb8-11e9-a8d3-68b59976a384,562.100679,1.0,0.0,0.0,,1.0,0.0,0.0,1.0,0.0,0.0
Escherichia coli a06d575c-7bb9-11e9-a8d3-68b59976a384,562.98817,1.0,1.0,0.0,1.0,0.0,0.0,0.0,0.0,0.0,1.0
Escherichia coli a07c01b8-7bb8-11e9-a8d3-68b59976a384,562.9788,1.0,,0.0,0.0,0.0,0.0,0.0,1.0,,0.0
Escherichia coli a0898198-7bb9-11e9-a8d3-68b59976a384,562.99022,0.0,0.0,0.0,0.0,0.0,0.0,0.0,0.0,0.0,0.0
Escherichia coli a095826e-7bb8-11e9-a8d3-68b59976a384,562.98006,0.0,0.0,0.0,,0.0,0.0,0.0,0.0,,0.0
Escherichia coli a0a5112e-7bb9-11e9-a8d3-68b59976a384,562.98465,0.0,0.0,0.0,0.0,0.0,0.0,0.0,0.0,,0.0
Escherichia coli a0b417ba-7bb8-11e9-a8d3-68b59976a384,562.100678,1.0,1.0,1.0,,1.0,1.0,0.0,0.0,0.0,1.0
Escherichia coli a0c0b802-7bb9-11e9-a8d3-68b59976a384,562.98452,0.0,0.0,0.0,0.0,0.0,0.0,0.0,0.0,,0.0
Escherichia coli a0cd46e0-7bb8-11e9-a8d3-68b59976a384,562.100677,1.0,0.0,0.0,,0.0,0.0,0.0,0.0,0.0,0.0
Escherichia coli a0dc8a00-7bb9-11e9-a8d3-68b59976a384,562.98614,1.0,0.0,0.0,0.0,0.0,0.0,,0.0,0.0,0.0
Escherichia coli a0e659a0-7bb8-11e9-a8d3-68b59976a384,562.100676,0.0,0.0,0.0,,0.0,0.0,0.0,0.0,0.0,0.0
Escherichia coli a0ff774a-7bb9-11e9-a8d3-68b59976a384,562.98606,1.0,0.0,0.0,0.0,0.0,0.0,,0.0,0.0,0.0
Escherichia coli a119605c-7bb8-11e9-a8d3-68b59976a384,562.100684,1.0,0.0,0.0,,0.0,0.0,0.0,0.0,0.0,0.0
Escherichia coli a11a59a2-7bb9-11e9-a8d3-68b59976a384,562.98811,1.0,0.0,0.0,0.0,0.0,0.0,0.0,0.0,0.0,0.0
Escherichia coli a13262dc-7bb8-11e9-a8d3-68b59976a384,562.100686,1.0,0.0,0.0,,1.0,1.0,0.0,0.0,0.0,1.0
Escherichia coli a13685fa-7bb9-11e9-a8d3-68b59976a384,562.98807,1.0,1.0,0.0,1.0,1.0,0.0,0.0,0.0,0.0,1.0
Escherichia coli a1514354-7bb9-11e9-a8d3-68b59976a384,562.9881,0.0,0.0,0.0,0.0,0.0,0.0,0.0,0.0,0.0,0.0
Escherichia coli a167391c-7bb8-11e9-a8d3-68b59976a384,562.9801,1.0,0.0,1.0,,0.0,0.0,0.0,0.0,,1.0
Escherichia coli a186a904-7bb9-11e9-a8d3-68b59976a384,562.99017,1.0,0.0,0.0,0.0,0.0,0.0,0.0,0.0,0.0,0.0
Escherichia coli a190214c-7bb8-11e9-a8d3-68b59976a384,562.10069,0.0,0.0,0.0,,0.0,0.0,0.0,0.0,0.0,0.0
Escherichia coli a1a03374-7bb9-11e9-a8d3-68b59976a384,562.99218,0.0,0.0,0.0,0.0,0.0,0.0,0.0,0.0,0.0,1.0
Escherichia coli a1a978f4-7bb8-11e9-a8d3-68b59976a384,562.100693,0.0,0.0,0.0,,0.0,0.0,0.0,0.0,0.0,0.0
Escherichia coli a1bac8ce-7bb9-11e9-a8d3-68b59976a384,562.99228,0.0,0.0,1.0,0.0,1.0,0.0,0.0,0.0,0.0,0.0
Escherichia coli a1c28f92-7bb8-11e9-a8d3-68b59976a384,562.100692,0.0,0.0,0.0,,0.0,0.0,0.0,0.0,0.0,0.0
Escherichia coli a1d56350-7bb9-11e9-a8d3-68b59976a384,562.99236,0.0,0.0,0.0,0.0,0.0,0.0,0.0,0.0,0.0,0.0
Escherichia coli a1dbc00c-7bb8-11e9-a8d3-68b59976a384,562.100695,1.0,0.0,0.0,,0.0,0.0,0.0,0.0,0.0,0.0
Escherichia coli a1ef40d6-7bb9-11e9-a8d3-68b59976a384,562.99467,1.0,0.0,0.0,0.0,0.0,0.0,0.0,0.0,0.0,0.0
Escherichia coli a1f421ce-7bb8-11e9-a8d3-68b59976a384,562.100694,1.0,0.0,0.0,,0.0,0.0,0.0,0.0,0.0,1.0
Escherichia coli a208d69a-7bb9-11e9-a8d3-68b59976a384,562.99471,1.0,0.0,1.0,0.0,0.0,0.0,0.0,0.0,0.0,1.0
Escherichia coli a20d7674-7bb8-11e9-a8d3-68b59976a384,562.100697,0.0,0.0,0.0,,0.0,0.0,0.0,0.0,0.0,0.0
Escherichia coli a222c4ba-7bb9-11e9-a8d3-68b59976a384,562.99712,0.0,0.0,0.0,0.0,0.0,0.0,0.0,0.0,0.0,0.0
Escherichia coli a226c232-7bb8-11e9-a8d3-68b59976a384,562.97879,0.0,,0.0,0.0,0.0,0.0,0.0,0.0,,0.0
Escherichia coli a23f1e12-7bb9-11e9-a8d3-68b59976a384,562.9971,1.0,0.0,0.0,0.0,0.0,0.0,0.0,0.0,0.0,1.0
Escherichia coli a2400f62-7bb8-11e9-a8d3-68b59976a384,562.98008,1.0,0.0,0.0,,0.0,0.0,0.0,0.0,,0.0
Escherichia coli a2586ce6-7bb9-11e9-a8d3-68b59976a384,562.99018,0.0,0.0,0.0,0.0,0.0,0.0,0.0,0.0,0.0,1.0
Escherichia coli a2594be4-7bb8-11e9-a8d3-68b59976a384,562.100703,1.0,1.0,1.0,,0.0,0.0,0.0,0.0,0.0,1.0
Escherichia coli a2721b00-7bb9-11e9-a8d3-68b59976a384,562.99231,1.0,0.0,0.0,0.0,0.0,0.0,0.0,0.0,0.0,0.0
Escherichia coli a272d0a0-7bb8-11e9-a8d3-68b59976a384,562.100706,0.0,0.0,0.0,,0.0,0.0,0.0,0.0,0.0,0.0
Escherichia coli a28bd8ca-7bb8-11e9-a8d3-68b59976a384,562.100705,0.0,0.0,0.0,,0.0,0.0,0.0,0.0,0.0,0.0
Escherichia coli a28d5348-7bb9-11e9-a8d3-68b59976a384,562.99233,1.0,0.0,0.0,0.0,0.0,0.0,0.0,0.0,0.0,0.0
Escherichia coli a2a768e6-7bb9-11e9-a8d3-68b59976a384,562.99234,0.0,0.0,0.0,0.0,0.0,0.0,0.0,0.0,0.0,0.0
Escherichia coli a2adb616-7bb8-11e9-a8d3-68b59976a384,562.100709,0.0,0.0,0.0,,0.0,0.0,0.0,0.0,0.0,0.0
Escherichia coli a2c15d64-7bb9-11e9-a8d3-68b59976a384,562.9947,0.0,0.0,0.0,0.0,0.0,0.0,0.0,0.0,0.0,0.0
Escherichia coli a2c70f6c-7bb8-11e9-a8d3-68b59976a384,562.100708,0.0,0.0,0.0,,0.0,0.0,0.0,0.0,0.0,0.0
Escherichia coli a2db9bd4-7bb9-11e9-a8d3-68b59976a384,562.99475,1.0,0.0,0.0,0.0,0.0,0.0,0.0,0.0,0.0,1.0
Escherichia coli a2e0b6ce-7bb8-11e9-a8d3-68b59976a384,562.100712,0.0,0.0,0.0,,0.0,0.0,0.0,0.0,0.0,0.0
Escherichia coli a2f5a16e-7bb9-11e9-a8d3-68b59976a384,562.99713,0.0,0.0,0.0,0.0,0.0,0.0,0.0,0.0,0.0,0.0
Escherichia coli a2fa00a2-7bb8-11e9-a8d3-68b59976a384,562.97878,0.0,,0.0,0.0,0.0,0.0,0.0,0.0,,0.0
Escherichia coli a30f2f80-7bb9-11e9-a8d3-68b59976a384,562.99714,1.0,1.0,0.0,1.0,1.0,0.0,0.0,0.0,0.0,1.0
Escherichia coli a314038a-7bb8-11e9-a8d3-68b59976a384,562.98012,0.0,0.0,0.0,,0.0,0.0,0.0,0.0,,0.0
Escherichia coli a32b4f6c-7bb9-11e9-a8d3-68b59976a384,562.99013,0.0,0.0,0.0,0.0,0.0,0.0,0.0,0.0,0.0,0.0
Escherichia coli a32d72b6-7bb8-11e9-a8d3-68b59976a384,562.100714,0.0,0.0,0.0,,1.0,0.0,0.0,0.0,0.0,0.0
Escherichia coli a346921e-7bb8-11e9-a8d3-68b59976a384,562.100716,0.0,0.0,0.0,,0.0,0.0,0.0,0.0,0.0,0.0
Escherichia coli a35fab54-7bb9-11e9-a8d3-68b59976a384,562.99223,0.0,0.0,0.0,0.0,0.0,0.0,0.0,0.0,0.0,0.0
Escherichia coli a3600b04-7bb8-11e9-a8d3-68b59976a384,562.100715,1.0,0.0,0.0,,1.0,1.0,0.0,0.0,0.0,1.0
Escherichia coli a3798d18-7bb8-11e9-a8d3-68b59976a384,562.100717,1.0,0.0,0.0,,0.0,0.0,0.0,0.0,0.0,0.0
Escherichia coli a37a9054-7bb9-11e9-a8d3-68b59976a384,562.99224,0.0,0.0,0.0,0.0,0.0,0.0,0.0,0.0,0.0,0.0
Escherichia coli a39287a0-7bb8-11e9-a8d3-68b59976a384,562.100718,0.0,0.0,0.0,,0.0,0.0,0.0,0.0,0.0,0.0
Escherichia coli a394ba6a-7bb9-11e9-a8d3-68b59976a384,562.99501,1.0,1.0,1.0,1.0,1.0,1.0,0.0,0.0,0.0,1.0
Escherichia coli a3ac9a82-7bb8-11e9-a8d3-68b59976a384,562.10072,1.0,0.0,0.0,,0.0,0.0,0.0,1.0,0.0,1.0
Escherichia coli a3b1617e-7bb9-11e9-a8d3-68b59976a384,562.99502,0.0,0.0,0.0,0.0,0.0,0.0,0.0,0.0,0.0,0.0
Escherichia coli a3c5591e-7bb8-11e9-a8d3-68b59976a384,562.97893,1.0,,0.0,0.0,0.0,0.0,0.0,0.0,,0.0
Escherichia coli a3cc1ece-7bb9-11e9-a8d3-68b59976a384,562.9972,1.0,0.0,0.0,0.0,1.0,0.0,0.0,0.0,0.0,1.0
Escherichia coli a3de5748-7bb8-11e9-a8d3-68b59976a384,562.98014,0.0,0.0,0.0,,0.0,0.0,0.0,0.0,,0.0
Escherichia coli a3e6beaa-7bb9-11e9-a8d3-68b59976a384,562.99716,0.0,0.0,0.0,0.0,0.0,0.0,0.0,0.0,0.0,0.0
Escherichia coli a3f7324a-7bb8-11e9-a8d3-68b59976a384,562.100723,1.0,0.0,0.0,,0.0,0.0,0.0,1.0,0.0,1.0
Escherichia coli a400eeec-7bb9-11e9-a8d3-68b59976a384,562.9884,0.0,0.0,0.0,0.0,0.0,0.0,0.0,0.0,0.0,0.0
Escherichia coli a410dc40-7bb8-11e9-a8d3-68b59976a384,562.100725,0.0,0.0,0.0,,0.0,0.0,0.0,0.0,0.0,0.0
Escherichia coli a41ad4e2-7bb9-11e9-a8d3-68b59976a384,562.99229,0.0,0.0,0.0,0.0,0.0,0.0,0.0,0.0,0.0,1.0
Escherichia coli a4295400-7bb8-11e9-a8d3-68b59976a384,562.100728,1.0,0.0,0.0,,0.0,0.0,0.0,1.0,0.0,0.0
Escherichia coli a43501c8-7bb9-11e9-a8d3-68b59976a384,562.99226,0.0,0.0,0.0,0.0,0.0,0.0,0.0,0.0,0.0,0.0
Escherichia coli a4429dd4-7bb8-11e9-a8d3-68b59976a384,562.100727,1.0,0.0,0.0,,0.0,0.0,0.0,0.0,0.0,0.0
Escherichia coli a44eb0a0-7bb9-11e9-a8d3-68b59976a384,562.9925,0.0,0.0,0.0,0.0,1.0,0.0,0.0,0.0,0.0,0.0
Escherichia coli a45c18a4-7bb8-11e9-a8d3-68b59976a384,562.10073,0.0,0.0,0.0,,0.0,0.0,0.0,0.0,0.0,0.0
Escherichia coli a468d5de-7bb9-11e9-a8d3-68b59976a384,562.99474,1.0,1.0,1.0,1.0,1.0,0.0,0.0,1.0,0.0,1.0
Escherichia coli a475684a-7bb8-11e9-a8d3-68b59976a384,562.100732,0.0,0.0,0.0,,0.0,0.0,0.0,0.0,0.0,0.0
Escherichia coli a482cd18-7bb9-11e9-a8d3-68b59976a384,562.99472,1.0,1.0,0.0,0.0,0.0,0.0,0.0,0.0,0.0,1.0
Escherichia coli a48e3a50-7bb8-11e9-a8d3-68b59976a384,562.100731,1.0,0.0,0.0,,1.0,0.0,0.0,0.0,0.0,1.0
Escherichia coli a49d3b1c-7bb9-11e9-a8d3-68b59976a384,562.99715,1.0,0.0,0.0,0.0,1.0,1.0,0.0,0.0,0.0,0.0
Escherichia coli a4a7b7be-7bb8-11e9-a8d3-68b59976a384,562.100734,1.0,0.0,0.0,,1.0,0.0,0.0,0.0,0.0,1.0
Escherichia coli a4b8a3d4-7bb9-11e9-a8d3-68b59976a384,562.99721,1.0,1.0,1.0,1.0,1.0,1.0,0.0,0.0,0.0,0.0
Escherichia coli a4c1bb50-7bb8-11e9-a8d3-68b59976a384,562.98547,0.0,0.0,0.0,0.0,0.0,0.0,,0.0,0.0,0.0
Escherichia coli a4d49698-7bb9-11e9-a8d3-68b59976a384,562.99012,0.0,0.0,0.0,0.0,0.0,0.0,0.0,0.0,0.0,0.0
Escherichia coli a4db0768-7bb8-11e9-a8d3-68b59976a384,562.9873,0.0,0.0,0.0,0.0,0.0,0.0,0.0,0.0,0.0,0.0
Escherichia coli a4f3f066-7bb8-11e9-a8d3-68b59976a384,562.98732,1.0,0.0,0.0,0.0,0.0,0.0,0.0,0.0,0.0,0.0
Escherichia coli a4fe81ce-7bb9-11e9-a8d3-68b59976a384,562.99252,0.0,0.0,0.0,0.0,0.0,0.0,0.0,0.0,0.0,0.0
Escherichia coli a50dcb94-7bb8-11e9-a8d3-68b59976a384,562.98915,0.0,0.0,0.0,0.0,0.0,0.0,0.0,0.0,0.0,0.0
Escherichia coli a5194978-7bb9-11e9-a8d3-68b59976a384,562.99247,1.0,0.0,0.0,0.0,0.0,0.0,0.0,1.0,0.0,0.0
Escherichia coli a529568e-7bb8-11e9-a8d3-68b59976a384,562.9892,1.0,0.0,0.0,0.0,0.0,0.0,0.0,0.0,0.0,1.0
Escherichia coli a5357ae4-7bb9-11e9-a8d3-68b59976a384,562.99476,0.0,0.0,0.0,0.0,0.0,0.0,0.0,0.0,0.0,0.0
Escherichia coli a54288de-7bb8-11e9-a8d3-68b59976a384,562.97831,0.0,,0.0,0.0,0.0,0.0,0.0,0.0,,0.0
Escherichia coli a55131ee-7bb9-11e9-a8d3-68b59976a384,562.99348,1.0,0.0,0.0,0.0,0.0,0.0,0.0,0.0,0.0,1.0
Escherichia coli a55bd80c-7bb8-11e9-a8d3-68b59976a384,562.10074,0.0,0.0,0.0,,0.0,0.0,0.0,0.0,0.0,0.0
Escherichia coli a56c2c06-7bb9-11e9-a8d3-68b59976a384,562.99378,1.0,1.0,0.0,0.0,0.0,0.0,0.0,0.0,0.0,1.0
Escherichia coli a575926a-7bb8-11e9-a8d3-68b59976a384,562.100741,1.0,0.0,0.0,,0.0,0.0,0.0,0.0,0.0,1.0
Escherichia coli a5875ce2-7bb9-11e9-a8d3-68b59976a384,562.99584,1.0,0.0,0.0,0.0,0.0,0.0,0.0,0.0,0.0,1.0
Escherichia coli a58edcb6-7bb8-11e9-a8d3-68b59976a384,562.98552,0.0,0.0,0.0,0.0,0.0,0.0,,0.0,0.0,0.0
Escherichia coli a5a2842c-7bb9-11e9-a8d3-68b59976a384,562.99597,1.0,1.0,1.0,1.0,1.0,1.0,0.0,1.0,0.0,1.0
Escherichia coli a5a843d6-7bb8-11e9-a8d3-68b59976a384,562.98718,0.0,0.0,0.0,0.0,0.0,0.0,0.0,0.0,0.0,1.0
Escherichia coli a5bda6da-7bb9-11e9-a8d3-68b59976a384,562.9894,0.0,0.0,0.0,0.0,0.0,0.0,0.0,0.0,0.0,0.0
Escherichia coli a5c8818c-7bb8-11e9-a8d3-68b59976a384,562.98737,1.0,0.0,0.0,0.0,0.0,0.0,0.0,0.0,0.0,1.0
Escherichia coli a5d89102-7bb9-11e9-a8d3-68b59976a384,562.99146,1.0,0.0,0.0,0.0,0.0,0.0,0.0,0.0,0.0,1.0
Escherichia coli a5ea9a10-7bb8-11e9-a8d3-68b59976a384,562.98896,1.0,0.0,0.0,0.0,0.0,0.0,0.0,0.0,0.0,0.0
Escherichia coli a5f29fc0-7bb9-11e9-a8d3-68b59976a384,562.99142,0.0,0.0,0.0,0.0,0.0,0.0,0.0,0.0,0.0,0.0
Escherichia coli a6069184-7bb8-11e9-a8d3-68b59976a384,562.98897,0.0,0.0,0.0,0.0,0.0,0.0,0.0,0.0,0.0,0.0
Escherichia coli a62059fc-7bb8-11e9-a8d3-68b59976a384,562.9782,0.0,,0.0,0.0,0.0,0.0,0.0,0.0,,0.0
Escherichia coli a63b7b06-7bb8-11e9-a8d3-68b59976a384,562.100691,0.0,0.0,0.0,,0.0,0.0,0.0,0.0,0.0,0.0
Escherichia coli a6405382-7bb9-11e9-a8d3-68b59976a384,562.99368,0.0,0.0,0.0,0.0,0.0,0.0,0.0,0.0,0.0,0.0
Escherichia coli a6597b88-7bb8-11e9-a8d3-68b59976a384,562.100702,0.0,0.0,0.0,,0.0,0.0,0.0,0.0,0.0,0.0
Escherichia coli a65a7e10-7bb9-11e9-a8d3-68b59976a384,562.99637,1.0,0.0,0.0,0.0,1.0,0.0,0.0,0.0,0.0,1.0
Escherichia coli a6746ca8-7bb9-11e9-a8d3-68b59976a384,562.99639,0.0,0.0,0.0,0.0,0.0,0.0,0.0,0.0,0.0,0.0
Escherichia coli a67785a6-7bb8-11e9-a8d3-68b59976a384,562.98546,0.0,0.0,0.0,0.0,0.0,0.0,,0.0,0.0,0.0
Escherichia coli a68f309c-7bb9-11e9-a8d3-68b59976a384,562.98965,0.0,0.0,0.0,0.0,0.0,0.0,0.0,0.0,0.0,0.0
Escherichia coli a6950702-7bb8-11e9-a8d3-68b59976a384,562.98729,1.0,0.0,0.0,0.0,0.0,0.0,0.0,0.0,0.0,1.0
Escherichia coli a6a9dd5c-7bb9-11e9-a8d3-68b59976a384,562.9915,1.0,0.0,0.0,0.0,0.0,0.0,0.0,0.0,0.0,1.0
Escherichia coli a6ae9370-7bb8-11e9-a8d3-68b59976a384,562.98738,0.0,0.0,0.0,0.0,0.0,0.0,0.0,0.0,0.0,0.0
Escherichia coli a6c36d8a-7bb9-11e9-a8d3-68b59976a384,562.99154,0.0,0.0,0.0,0.0,0.0,0.0,0.0,0.0,0.0,1.0
Escherichia coli a6c84478-7bb8-11e9-a8d3-68b59976a384,562.98917,0.0,0.0,0.0,0.0,0.0,0.0,0.0,0.0,0.0,0.0
Escherichia coli a6dd25cc-7bb9-11e9-a8d3-68b59976a384,562.99381,0.0,1.0,1.0,0.0,0.0,0.0,0.0,0.0,0.0,0.0
Escherichia coli a6e1506c-7bb8-11e9-a8d3-68b59976a384,562.98945,0.0,0.0,0.0,0.0,0.0,0.0,0.0,0.0,0.0,0.0
Escherichia coli a6fab804-7bb8-11e9-a8d3-68b59976a384,562.97798,0.0,,0.0,0.0,0.0,0.0,0.0,0.0,,0.0
Escherichia coli a6fbf114-7bb9-11e9-a8d3-68b59976a384,562.99384,0.0,0.0,0.0,0.0,0.0,0.0,0.0,0.0,0.0,0.0
Escherichia coli a71797e4-7bb8-11e9-a8d3-68b59976a384,562.100748,1.0,0.0,0.0,,0.0,0.0,0.0,0.0,0.0,0.0
Escherichia coli a718c226-7bb9-11e9-a8d3-68b59976a384,562.99383,1.0,1.0,1.0,1.0,1.0,0.0,0.0,0.0,0.0,1.0
Escherichia coli a7329f84-7bb9-11e9-a8d3-68b59976a384,562.99641,1.0,0.0,0.0,0.0,0.0,0.0,0.0,0.0,0.0,1.0
Escherichia coli a7333d28-7bb8-11e9-a8d3-68b59976a384,562.100752,1.0,0.0,0.0,,1.0,0.0,0.0,1.0,0.0,0.0
Escherichia coli a74cc210-7bb9-11e9-a8d3-68b59976a384,562.99645,0.0,0.0,0.0,0.0,1.0,0.0,0.0,0.0,0.0,1.0
Escherichia coli a74cef3e-7bb8-11e9-a8d3-68b59976a384,562.98551,0.0,0.0,0.0,0.0,0.0,0.0,,0.0,0.0,0.0
Escherichia coli a7669398-7bb9-11e9-a8d3-68b59976a384,562.98956,0.0,0.0,0.0,0.0,0.0,0.0,0.0,0.0,0.0,0.0
Escherichia coli a768d924-7bb8-11e9-a8d3-68b59976a384,562.98739,0.0,0.0,0.0,0.0,0.0,0.0,0.0,0.0,0.0,0.0
Escherichia coli a7800ec2-7bb9-11e9-a8d3-68b59976a384,562.99152,1.0,0.0,0.0,0.0,1.0,1.0,0.0,0.0,0.0,0.0
Escherichia coli a78280b8-7bb8-11e9-a8d3-68b59976a384,562.9874,0.0,0.0,0.0,0.0,0.0,0.0,0.0,0.0,0.0,0.0
Escherichia coli a799a35a-7bb9-11e9-a8d3-68b59976a384,562.99151,1.0,0.0,0.0,0.0,0.0,0.0,0.0,0.0,0.0,0.0
Escherichia coli a79c126c-7bb8-11e9-a8d3-68b59976a384,562.9895,0.0,0.0,0.0,0.0,0.0,0.0,0.0,0.0,0.0,0.0
Escherichia coli a7b58cce-7bb8-11e9-a8d3-68b59976a384,562.98948,1.0,0.0,0.0,0.0,0.0,0.0,0.0,0.0,0.0,1.0
Escherichia coli a7b8e26a-7bb9-11e9-a8d3-68b59976a384,562.994,1.0,1.0,0.0,0.0,1.0,0.0,0.0,0.0,0.0,1.0
Escherichia coli a7d17442-7bb9-11e9-a8d3-68b59976a384,562.99399,1.0,0.0,0.0,0.0,0.0,0.0,0.0,0.0,0.0,0.0
Escherichia coli a7e93f10-7bb8-11e9-a8d3-68b59976a384,562.100759,1.0,0.0,0.0,,0.0,0.0,0.0,0.0,0.0,1.0
Escherichia coli a7eb3698-7bb9-11e9-a8d3-68b59976a384,562.99588,0.0,0.0,0.0,0.0,0.0,0.0,0.0,0.0,0.0,0.0
Escherichia coli a8036fe8-7bb8-11e9-a8d3-68b59976a384,562.98553,0.0,0.0,0.0,0.0,0.0,0.0,,0.0,0.0,0.0
Escherichia coli a804f79a-7bb9-11e9-a8d3-68b59976a384,562.9959,0.0,0.0,0.0,0.0,0.0,0.0,0.0,0.0,0.0,0.0
Escherichia coli a81d9d0a-7bb8-11e9-a8d3-68b59976a384,562.98557,0.0,0.0,0.0,0.0,0.0,0.0,,0.0,0.0,0.0
Escherichia coli a81ebe5a-7bb9-11e9-a8d3-68b59976a384,562.99591,0.0,0.0,0.0,0.0,0.0,0.0,0.0,0.0,0.0,0.0
Escherichia coli a838e6fa-7bb8-11e9-a8d3-68b59976a384,562.98754,0.0,0.0,0.0,0.0,0.0,0.0,0.0,0.0,0.0,0.0
Escherichia coli a83901b6-7bb9-11e9-a8d3-68b59976a384,562.98936,1.0,0.0,0.0,0.0,0.0,0.0,0.0,0.0,0.0,0.0
Escherichia coli a85329d8-7bb9-11e9-a8d3-68b59976a384,562.99126,1.0,1.0,1.0,1.0,1.0,0.0,0.0,0.0,0.0,1.0
Escherichia coli a8535dc8-7bb8-11e9-a8d3-68b59976a384,562.98735,0.0,0.0,0.0,0.0,0.0,0.0,0.0,0.0,0.0,0.0
Escherichia coli a86ccc26-7bb9-11e9-a8d3-68b59976a384,562.99125,0.0,0.0,0.0,0.0,0.0,0.0,0.0,0.0,0.0,0.0
Escherichia coli a86de9cc-7bb8-11e9-a8d3-68b59976a384,562.98898,0.0,0.0,0.0,0.0,0.0,0.0,0.0,0.0,0.0,0.0
Escherichia coli a88735ac-7bb9-11e9-a8d3-68b59976a384,562.99334,0.0,0.0,0.0,0.0,0.0,0.0,0.0,0.0,0.0,0.0
Escherichia coli a887cf86-7bb8-11e9-a8d3-68b59976a384,562.98899,0.0,0.0,0.0,0.0,0.0,0.0,0.0,0.0,0.0,0.0
Escherichia coli a8a16134-7bb9-11e9-a8d3-68b59976a384,562.99355,0.0,1.0,1.0,0.0,0.0,0.0,0.0,0.0,0.0,0.0
Escherichia coli a8bb1c3c-7bb9-11e9-a8d3-68b59976a384,562.99596,0.0,0.0,0.0,0.0,0.0,0.0,0.0,0.0,0.0,0.0
Escherichia coli a8c2a278-7bb8-11e9-a8d3-68b59976a384,562.100656,0.0,0.0,0.0,,0.0,0.0,0.0,0.0,0.0,0.0
Escherichia coli a8d6d634-7bb9-11e9-a8d3-68b59976a384,562.99599,1.0,0.0,0.0,0.0,0.0,0.0,0.0,0.0,0.0,1.0
Escherichia coli a8e6ab8c-7bb8-11e9-a8d3-68b59976a384,562.98538,0.0,0.0,0.0,0.0,0.0,0.0,,0.0,0.0,1.0
Escherichia coli a8f1e820-7bb9-11e9-a8d3-68b59976a384,562.99598,0.0,0.0,0.0,0.0,0.0,0.0,0.0,0.0,0.0,0.0
Escherichia coli a90cb6aa-7bb9-11e9-a8d3-68b59976a384,562.98937,0.0,0.0,0.0,0.0,0.0,0.0,0.0,0.0,0.0,0.0
Escherichia coli a910a32e-7bb8-11e9-a8d3-68b59976a384,562.9854,1.0,0.0,0.0,0.0,0.0,0.0,,0.0,0.0,1.0
Escherichia coli a929d352-7bb9-11e9-a8d3-68b59976a384,562.99127,1.0,1.0,0.0,1.0,1.0,0.0,0.0,0.0,0.0,0.0
Escherichia coli a929dd8a-7bb8-11e9-a8d3-68b59976a384,562.98721,0.0,0.0,0.0,0.0,0.0,0.0,0.0,0.0,0.0,0.0
Escherichia coli a9432e16-7bb8-11e9-a8d3-68b59976a384,562.98712,0.0,0.0,0.0,0.0,0.0,0.0,0.0,0.0,0.0,0.0
Escherichia coli a94554ce-7bb9-11e9-a8d3-68b59976a384,562.99131,1.0,0.0,0.0,0.0,0.0,0.0,0.0,0.0,0.0,1.0
Escherichia coli a95d005c-7bb8-11e9-a8d3-68b59976a384,562.98902,0.0,0.0,0.0,0.0,0.0,0.0,0.0,0.0,0.0,0.0
Escherichia coli a960fbb6-7bb9-11e9-a8d3-68b59976a384,562.99352,1.0,1.0,0.0,0.0,0.0,0.0,0.0,0.0,0.0,1.0
Escherichia coli a976d8a6-7bb8-11e9-a8d3-68b59976a384,562.98906,0.0,0.0,0.0,0.0,0.0,0.0,0.0,0.0,0.0,0.0
Escherichia coli a97cf03c-7bb9-11e9-a8d3-68b59976a384,562.99351,0.0,0.0,1.0,0.0,0.0,0.0,0.0,0.0,0.0,0.0
Escherichia coli a991634c-7bb8-11e9-a8d3-68b59976a384,562.97787,1.0,,0.0,0.0,0.0,0.0,0.0,0.0,,1.0
Escherichia coli a998a50c-7bb9-11e9-a8d3-68b59976a384,562.99604,0.0,0.0,0.0,0.0,0.0,0.0,0.0,0.0,0.0,0.0
Escherichia coli a9aab356-7bb8-11e9-a8d3-68b59976a384,562.100666,0.0,0.0,0.0,,1.0,0.0,0.0,0.0,0.0,0.0
Escherichia coli a9b44b86-7bb9-11e9-a8d3-68b59976a384,562.99605,1.0,1.0,1.0,1.0,1.0,1.0,0.0,1.0,0.0,1.0
Escherichia coli a9c36b12-7bb8-11e9-a8d3-68b59976a384,562.98543,0.0,0.0,0.0,0.0,0.0,0.0,,0.0,0.0,0.0
Escherichia coli a9cdef82-7bb9-11e9-a8d3-68b59976a384,562.99606,0.0,0.0,0.0,0.0,0.0,0.0,0.0,0.0,0.0,0.0
Escherichia coli a9dcb676-7bb8-11e9-a8d3-68b59976a384,562.98545,1.0,0.0,0.0,0.0,1.0,1.0,,0.0,0.0,0.0
Escherichia coli a9e909ca-7bb9-11e9-a8d3-68b59976a384,562.98939,1.0,0.0,0.0,0.0,0.0,0.0,0.0,0.0,0.0,0.0
Escherichia coli a9f60806-7bb8-11e9-a8d3-68b59976a384,562.98711,1.0,0.0,0.0,0.0,0.0,0.0,0.0,0.0,0.0,1.0
Escherichia coli aa03901a-7bb9-11e9-a8d3-68b59976a384,562.99132,1.0,0.0,0.0,0.0,1.0,0.0,0.0,1.0,0.0,1.0
Escherichia coli aa0f2ef8-7bb8-11e9-a8d3-68b59976a384,562.98907,1.0,0.0,0.0,0.0,0.0,0.0,0.0,0.0,0.0,1.0
Escherichia coli aa1e9e8c-7bb9-11e9-a8d3-68b59976a384,562.99136,1.0,0.0,0.0,0.0,0.0,0.0,0.0,0.0,0.0,1.0
Escherichia coli aa2934ce-7bb8-11e9-a8d3-68b59976a384,562.98903,0.0,0.0,0.0,0.0,0.0,0.0,0.0,0.0,0.0,0.0
Escherichia coli aa38aa20-7bb9-11e9-a8d3-68b59976a384,562.9935,1.0,0.0,0.0,0.0,0.0,0.0,0.0,0.0,0.0,0.0
Escherichia coli aa426aac-7bb8-11e9-a8d3-68b59976a384,562.98901,0.0,0.0,0.0,0.0,0.0,0.0,0.0,0.0,0.0,0.0
Escherichia coli aa52b348-7bb9-11e9-a8d3-68b59976a384,562.99347,1.0,0.0,0.0,0.0,0.0,0.0,0.0,0.0,0.0,0.0
Escherichia coli aa5c41d4-7bb8-11e9-a8d3-68b59976a384,562.97885,0.0,,0.0,0.0,0.0,0.0,0.0,0.0,,0.0
Escherichia coli aa6d2264-7bb9-11e9-a8d3-68b59976a384,562.99725,0.0,0.0,0.0,,0.0,0.0,0.0,0.0,,0.0
Escherichia coli aa75c15e-7bb8-11e9-a8d3-68b59976a384,562.100681,1.0,0.0,0.0,,0.0,0.0,0.0,0.0,0.0,1.0
Escherichia coli aa871804-7bb9-11e9-a8d3-68b59976a384,562.99738,0.0,0.0,0.0,0.0,0.0,0.0,0.0,0.0,0.0,0.0
Escherichia coli aa8fff92-7bb8-11e9-a8d3-68b59976a384,562.98544,0.0,0.0,0.0,0.0,0.0,0.0,,0.0,0.0,0.0
Escherichia coli aaa1c5c8-7bb9-11e9-a8d3-68b59976a384,562.99739,0.0,0.0,0.0,0.0,0.0,0.0,0.0,0.0,0.0,0.0
Escherichia coli aaa9438a-7bb8-11e9-a8d3-68b59976a384,562.98717,1.0,1.0,1.0,1.0,1.0,1.0,0.0,1.0,0.0,1.0
Escherichia coli aabcbdec-7bb9-11e9-a8d3-68b59976a384,562.99238,0.0,0.0,0.0,0.0,0.0,0.0,0.0,0.0,0.0,0.0
Escherichia coli aac3287c-7bb8-11e9-a8d3-68b59976a384,562.98715,1.0,0.0,0.0,0.0,1.0,0.0,0.0,1.0,0.0,0.0
Escherichia coli aad74234-7bb9-11e9-a8d3-68b59976a384,562.99246,0.0,0.0,0.0,0.0,0.0,0.0,0.0,0.0,0.0,0.0
Escherichia coli aadccf70-7bb8-11e9-a8d3-68b59976a384,562.989,0.0,0.0,0.0,0.0,0.0,0.0,0.0,0.0,0.0,0.0
Escherichia coli aaf1e076-7bb9-11e9-a8d3-68b59976a384,562.99241,0.0,0.0,0.0,,0.0,0.0,0.0,0.0,0.0,0.0
Escherichia coli aaf6a828-7bb8-11e9-a8d3-68b59976a384,562.98911,0.0,0.0,0.0,0.0,0.0,0.0,0.0,0.0,0.0,0.0
Escherichia coli ab0bbcbc-7bb9-11e9-a8d3-68b59976a384,562.99485,1.0,,0.0,0.0,0.0,0.0,0.0,0.0,,1.0
Escherichia coli ab10e79c-7bb8-11e9-a8d3-68b59976a384,562.9891,1.0,0.0,0.0,0.0,0.0,0.0,0.0,0.0,0.0,1.0
Escherichia coli ab2668aa-7bb9-11e9-a8d3-68b59976a384,562.99494,1.0,0.0,0.0,0.0,0.0,0.0,0.0,0.0,0.0,0.0
Escherichia coli ab2b36f6-7bb8-11e9-a8d3-68b59976a384,562.97874,1.0,,0.0,0.0,0.0,0.0,0.0,0.0,,0.0
Escherichia coli ab4138c4-7bb9-11e9-a8d3-68b59976a384,562.99733,0.0,,0.0,0.0,0.0,0.0,0.0,0.0,,0.0
Escherichia coli ab457b56-7bb8-11e9-a8d3-68b59976a384,562.100688,1.0,0.0,0.0,,1.0,0.0,0.0,0.0,0.0,0.0
Escherichia coli ab5e45f4-7bb9-11e9-a8d3-68b59976a384,562.99736,0.0,0.0,0.0,0.0,0.0,0.0,0.0,0.0,0.0,0.0
Escherichia coli ab6097e2-7bb8-11e9-a8d3-68b59976a384,562.98548,0.0,0.0,0.0,0.0,0.0,0.0,,0.0,0.0,0.0
Escherichia coli ab7a321a-7bb8-11e9-a8d3-68b59976a384,562.98719,0.0,0.0,0.0,0.0,0.0,0.0,0.0,0.0,0.0,0.0
Escherichia coli ab883724-7bb9-11e9-a8d3-68b59976a384,562.99737,1.0,0.0,0.0,0.0,0.0,0.0,0.0,0.0,0.0,1.0
Escherichia coli ab9d7a9a-7bb8-11e9-a8d3-68b59976a384,562.9872,0.0,0.0,0.0,0.0,0.0,0.0,0.0,0.0,0.0,0.0
Escherichia coli aba21ac2-7bb9-11e9-a8d3-68b59976a384,562.99618,1.0,0.0,0.0,0.0,0.0,0.0,0.0,0.0,0.0,1.0
Escherichia coli abb7229c-7bb8-11e9-a8d3-68b59976a384,562.98922,0.0,0.0,0.0,0.0,0.0,0.0,0.0,0.0,0.0,0.0
Escherichia coli abd09966-7bb8-11e9-a8d3-68b59976a384,562.98918,1.0,0.0,0.0,0.0,0.0,0.0,0.0,0.0,0.0,0.0
Escherichia coli abd7075a-7bb9-11e9-a8d3-68b59976a384,562.99356,0.0,0.0,0.0,0.0,0.0,0.0,0.0,0.0,0.0,0.0
Escherichia coli abe9afaa-7bb8-11e9-a8d3-68b59976a384,562.97789,0.0,,0.0,0.0,0.0,0.0,0.0,0.0,,0.0
Escherichia coli abf0c78a-7bb9-11e9-a8d3-68b59976a384,562.99612,0.0,0.0,0.0,0.0,0.0,0.0,0.0,0.0,0.0,0.0
Escherichia coli ac03e0aa-7bb8-11e9-a8d3-68b59976a384,562.97889,0.0,,0.0,0.0,0.0,0.0,0.0,0.0,,0.0
Escherichia coli ac0a9084-7bb9-11e9-a8d3-68b59976a384,562.99617,0.0,0.0,0.0,0.0,0.0,0.0,0.0,0.0,0.0,0.0
Escherichia coli ac1eeb48-7bb8-11e9-a8d3-68b59976a384,562.1007,0.0,0.0,0.0,,0.0,0.0,0.0,0.0,0.0,0.0
Escherichia coli ac250cf2-7bb9-11e9-a8d3-68b59976a384,562.99896,1.0,0.0,0.0,0.0,0.0,0.0,0.0,0.0,0.0,0.0
Escherichia coli ac3a2be2-7bb8-11e9-a8d3-68b59976a384,562.98541,0.0,0.0,0.0,0.0,0.0,0.0,,0.0,0.0,0.0
Escherichia coli ac401b8c-7bb9-11e9-a8d3-68b59976a384,562.99899,1.0,0.0,0.0,0.0,0.0,0.0,0.0,0.0,0.0,1.0
Escherichia coli ac538d94-7bb8-11e9-a8d3-68b59976a384,562.98716,0.0,0.0,0.0,0.0,0.0,0.0,0.0,0.0,0.0,0.0
Escherichia coli ac5a7f40-7bb9-11e9-a8d3-68b59976a384,562.100188,0.0,0.0,0.0,0.0,0.0,0.0,0.0,0.0,0.0,0.0
Escherichia coli ac6f6212-7bb8-11e9-a8d3-68b59976a384,562.98714,0.0,0.0,0.0,0.0,0.0,0.0,0.0,0.0,0.0,0.0
Escherichia coli ac753952-7bb9-11e9-a8d3-68b59976a384,562.99621,1.0,0.0,0.0,0.0,0.0,0.0,0.0,0.0,0.0,1.0
Escherichia coli ac886c58-7bb8-11e9-a8d3-68b59976a384,562.98925,0.0,0.0,0.0,0.0,0.0,0.0,0.0,0.0,0.0,0.0
Escherichia coli ac9045f8-7bb9-11e9-a8d3-68b59976a384,562.9936,0.0,0.0,0.0,0.0,0.0,0.0,0.0,0.0,0.0,1.0
Escherichia coli aca228e6-7bb8-11e9-a8d3-68b59976a384,562.98927,0.0,0.0,0.0,0.0,0.0,0.0,0.0,0.0,0.0,0.0
Escherichia coli acab9920-7bb9-11e9-a8d3-68b59976a384,562.99362,1.0,0.0,0.0,0.0,0.0,0.0,0.0,0.0,0.0,1.0
Escherichia coli acbb2418-7bb8-11e9-a8d3-68b59976a384,562.97795,0.0,,0.0,0.0,0.0,0.0,0.0,0.0,,0.0
Escherichia coli acce8098-7bb9-11e9-a8d3-68b59976a384,562.99622,1.0,0.0,0.0,0.0,0.0,0.0,0.0,0.0,0.0,0.0
Escherichia coli acd568c8-7bb8-11e9-a8d3-68b59976a384,562.97888,0.0,,0.0,0.0,0.0,0.0,0.0,0.0,,0.0
Escherichia coli acea29f6-7bb9-11e9-a8d3-68b59976a384,562.99624,0.0,0.0,0.0,0.0,0.0,0.0,0.0,0.0,0.0,0.0
Escherichia coli acedd7d2-7bb8-11e9-a8d3-68b59976a384,562.100713,1.0,0.0,0.0,,1.0,0.0,0.0,0.0,0.0,1.0
Escherichia coli ad03c01e-7bb9-11e9-a8d3-68b59976a384,562.99902,1.0,0.0,0.0,0.0,0.0,0.0,0.0,0.0,0.0,0.0
Escherichia coli ad1e27c4-7bb9-11e9-a8d3-68b59976a384,562.10019,0.0,0.0,0.0,0.0,0.0,0.0,0.0,0.0,0.0,0.0
Escherichia coli ad38fc20-7bb9-11e9-a8d3-68b59976a384,562.100191,0.0,0.0,0.0,0.0,0.0,0.0,0.0,0.0,0.0,0.0
Escherichia coli ad5c9104-7bb8-11e9-a8d3-68b59976a384,562.98722,0.0,0.0,0.0,0.0,0.0,0.0,0.0,0.0,0.0,0.0
Escherichia coli ad763000-7bb8-11e9-a8d3-68b59976a384,562.98929,0.0,0.0,0.0,0.0,0.0,0.0,0.0,0.0,0.0,0.0
Escherichia coli ad8be3f4-7bb9-11e9-a8d3-68b59976a384,562.99366,1.0,0.0,0.0,0.0,0.0,0.0,0.0,0.0,0.0,1.0
Escherichia coli ad946c0a-7bb8-11e9-a8d3-68b59976a384,562.98921,0.0,0.0,0.0,0.0,0.0,0.0,0.0,0.0,0.0,0.0
Escherichia coli ada77538-7bb9-11e9-a8d3-68b59976a384,562.99627,1.0,0.0,0.0,0.0,0.0,0.0,0.0,0.0,0.0,1.0
Escherichia coli adb05852-7bb8-11e9-a8d3-68b59976a384,562.97837,0.0,,0.0,0.0,0.0,0.0,0.0,0.0,,0.0
Escherichia coli adc24eda-7bb9-11e9-a8d3-68b59976a384,562.99629,0.0,0.0,0.0,0.0,0.0,0.0,0.0,0.0,0.0,0.0
Escherichia coli adcb20ce-7bb8-11e9-a8d3-68b59976a384,562.97899,0.0,,0.0,0.0,0.0,0.0,0.0,0.0,,0.0
Escherichia coli addc8890-7bb9-11e9-a8d3-68b59976a384,562.999,0.0,0.0,0.0,0.0,0.0,0.0,0.0,0.0,0.0,0.0
Escherichia coli ade7348a-7bb8-11e9-a8d3-68b59976a384,562.100721,1.0,0.0,0.0,,0.0,0.0,0.0,0.0,0.0,1.0
Escherichia coli adf6c926-7bb9-11e9-a8d3-68b59976a384,562.100194,0.0,0.0,0.0,0.0,0.0,0.0,0.0,0.0,0.0,0.0
Escherichia coli ae11dd7e-7bb9-11e9-a8d3-68b59976a384,562.100193,1.0,0.0,0.0,0.0,0.0,0.0,0.0,0.0,0.0,0.0
Escherichia coli ae433442-7bb8-11e9-a8d3-68b59976a384,562.98726,0.0,0.0,0.0,0.0,0.0,0.0,0.0,0.0,0.0,0.0
Escherichia coli ae6ba77e-7bb8-11e9-a8d3-68b59976a384,562.98728,0.0,0.0,0.0,0.0,0.0,0.0,0.0,0.0,0.0,0.0
Escherichia coli ae7f0d04-7bb9-11e9-a8d3-68b59976a384,562.99631,1.0,1.0,1.0,1.0,1.0,1.0,0.0,0.0,0.0,0.0
Escherichia coli ae991c80-7bb9-11e9-a8d3-68b59976a384,562.99901,0.0,0.0,0.0,0.0,0.0,0.0,0.0,0.0,0.0,0.0
Escherichia coli ae9caf7c-7bb8-11e9-a8d3-68b59976a384,562.98919,0.0,0.0,0.0,0.0,0.0,0.0,0.0,0.0,0.0,0.0
Escherichia coli aeb3916e-7bb9-11e9-a8d3-68b59976a384,562.99903,0.0,0.0,0.0,0.0,0.0,0.0,0.0,0.0,0.0,0.0
Escherichia coli aec36edc-7bb8-11e9-a8d3-68b59976a384,562.98916,0.0,0.0,0.0,0.0,0.0,0.0,0.0,0.0,0.0,0.0
Escherichia coli aedc754e-7bb8-11e9-a8d3-68b59976a384,562.97827,0.0,,0.0,0.0,0.0,0.0,0.0,0.0,,0.0
Escherichia coli aee9593e-7bb9-11e9-a8d3-68b59976a384,562.100192,1.0,1.0,1.0,1.0,1.0,1.0,0.0,0.0,0.0,1.0
Escherichia coli aef68952-7bb8-11e9-a8d3-68b59976a384,562.97895,0.0,,0.0,0.0,0.0,0.0,0.0,0.0,,0.0
Escherichia coli af039fd8-7bb9-11e9-a8d3-68b59976a384,562.99371,0.0,1.0,1.0,0.0,0.0,0.0,0.0,0.0,0.0,0.0
Escherichia coli af125a92-7bb8-11e9-a8d3-68b59976a384,562.97891,0.0,,0.0,0.0,0.0,0.0,0.0,0.0,,0.0
Escherichia coli af1de802-7bb9-11e9-a8d3-68b59976a384,562.99375,1.0,0.0,0.0,0.0,1.0,1.0,0.0,0.0,0.0,1.0
Escherichia coli af38f61a-7bb9-11e9-a8d3-68b59976a384,562.99372,0.0,0.0,0.0,0.0,0.0,0.0,0.0,0.0,0.0,0.0
Escherichia coli af48bd8a-7bb8-11e9-a8d3-68b59976a384,562.98265,0.0,0.0,0.0,0.0,0.0,0.0,0.0,0.0,,0.0
Escherichia coli af53411e-7bb9-11e9-a8d3-68b59976a384,562.99634,0.0,0.0,0.0,0.0,0.0,0.0,0.0,0.0,0.0,0.0
Escherichia coli af62aa24-7bb8-11e9-a8d3-68b59976a384,562.9841,0.0,0.0,0.0,0.0,0.0,0.0,0.0,0.0,,0.0
Escherichia coli af6dcc96-7bb9-11e9-a8d3-68b59976a384,562.99888,0.0,0.0,0.0,0.0,0.0,0.0,0.0,0.0,0.0,0.0
Escherichia coli af7d528e-7bb8-11e9-a8d3-68b59976a384,562.98554,1.0,0.0,0.0,0.0,0.0,0.0,,0.0,0.0,0.0
Escherichia coli af88944a-7bb9-11e9-a8d3-68b59976a384,562.99906,1.0,0.0,0.0,0.0,0.0,0.0,0.0,0.0,0.0,1.0
Escherichia coli af97d41a-7bb8-11e9-a8d3-68b59976a384,562.9856,1.0,0.0,0.0,0.0,1.0,0.0,,0.0,0.0,1.0
Escherichia coli afa34fba-7bb9-11e9-a8d3-68b59976a384,562.100197,1.0,0.0,0.0,0.0,0.0,0.0,0.0,0.0,0.0,0.0
Escherichia coli afb17834-7bb8-11e9-a8d3-68b59976a384,562.98731,1.0,0.0,0.0,0.0,0.0,0.0,0.0,1.0,0.0,0.0
Escherichia coli afbda1d0-7bb9-11e9-a8d3-68b59976a384,562.100181,0.0,0.0,0.0,0.0,0.0,0.0,0.0,0.0,0.0,0.0
Escherichia coli afcab182-7bb8-11e9-a8d3-68b59976a384,562.98734,0.0,0.0,0.0,0.0,0.0,0.0,0.0,0.0,0.0,0.0
Escherichia coli afe40722-7bb8-11e9-a8d3-68b59976a384,562.97896,0.0,,0.0,0.0,0.0,0.0,0.0,0.0,,0.0
Escherichia coli aff27450-7bb9-11e9-a8d3-68b59976a384,562.99358,0.0,0.0,0.0,0.0,0.0,0.0,0.0,0.0,0.0,0.0
Escherichia coli affd1460-7bb8-11e9-a8d3-68b59976a384,562.98145,1.0,0.0,0.0,0.0,0.0,0.0,0.0,0.0,,1.0
Escherichia coli b00cc526-7bb9-11e9-a8d3-68b59976a384,562.99616,0.0,0.0,0.0,0.0,0.0,0.0,0.0,0.0,0.0,0.0
Escherichia coli b0161ee2-7bb8-11e9-a8d3-68b59976a384,562.98266,0.0,0.0,0.0,0.0,0.0,0.0,0.0,0.0,,0.0
Escherichia coli b027841a-7bb9-11e9-a8d3-68b59976a384,562.99626,0.0,0.0,0.0,0.0,0.0,0.0,0.0,0.0,0.0,0.0
Escherichia coli b0377dee-7bb8-11e9-a8d3-68b59976a384,562.98407,1.0,0.0,0.0,1.0,0.0,0.0,0.0,0.0,,0.0
Escherichia coli b0426cbc-7bb9-11e9-a8d3-68b59976a384,562.99904,1.0,0.0,0.0,0.0,1.0,1.0,0.0,0.0,0.0,0.0
Escherichia coli b05a4996-7bb8-11e9-a8d3-68b59976a384,562.98485,0.0,0.0,0.0,0.0,0.0,0.0,,0.0,0.0,0.0
Escherichia coli b05d47da-7bb9-11e9-a8d3-68b59976a384,562.99905,0.0,0.0,0.0,0.0,0.0,0.0,0.0,0.0,0.0,0.0
Escherichia coli b0731476-7bb8-11e9-a8d3-68b59976a384,562.98531,0.0,0.0,0.0,0.0,0.0,0.0,,0.0,0.0,0.0
Escherichia coli b077cd94-7bb9-11e9-a8d3-68b59976a384,562.100196,0.0,0.0,0.0,1.0,0.0,0.0,0.0,0.0,0.0,0.0
Escherichia coli b08c99fa-7bb8-11e9-a8d3-68b59976a384,562.98693,0.0,0.0,0.0,0.0,0.0,0.0,0.0,0.0,0.0,0.0
Escherichia coli b092c3ba-7bb9-11e9-a8d3-68b59976a384,562.100195,0.0,0.0,0.0,0.0,0.0,0.0,0.0,0.0,0.0,0.0
Escherichia coli b0a6c2b2-7bb8-11e9-a8d3-68b59976a384,562.9866,0.0,0.0,0.0,0.0,0.0,0.0,0.0,0.0,0.0,0.0
Escherichia coli b0b0b794-7bb9-11e9-a8d3-68b59976a384,562.99379,1.0,0.0,1.0,0.0,0.0,0.0,0.0,0.0,0.0,0.0
Escherichia coli b0c1173e-7bb8-11e9-a8d3-68b59976a384,562.97851,0.0,,0.0,0.0,0.0,0.0,0.0,0.0,,0.0
Escherichia coli b0ce5574-7bb9-11e9-a8d3-68b59976a384,562.9938,0.0,0.0,0.0,0.0,0.0,0.0,0.0,0.0,0.0,0.0
Escherichia coli b0d9d152-7bb8-11e9-a8d3-68b59976a384,562.98104,1.0,0.0,0.0,0.0,1.0,0.0,0.0,0.0,,1.0
Escherichia coli b0f36338-7bb8-11e9-a8d3-68b59976a384,562.9821,0.0,0.0,0.0,0.0,0.0,0.0,0.0,0.0,,0.0
Escherichia coli b1077354-7bb9-11e9-a8d3-68b59976a384,562.99638,1.0,0.0,0.0,0.0,1.0,0.0,0.0,0.0,0.0,1.0
Escherichia coli b10cb108-7bb8-11e9-a8d3-68b59976a384,562.9835,1.0,0.0,0.0,0.0,0.0,0.0,0.0,0.0,,0.0
Escherichia coli b123c676-7bb9-11e9-a8d3-68b59976a384,562.99907,0.0,0.0,0.0,0.0,0.0,0.0,0.0,0.0,0.0,0.0
Escherichia coli b125fbae-7bb8-11e9-a8d3-68b59976a384,562.98509,0.0,0.0,0.0,0.0,0.0,0.0,,0.0,0.0,0.0
Escherichia coli b13e81f0-7bb9-11e9-a8d3-68b59976a384,562.99908,0.0,0.0,0.0,0.0,0.0,0.0,0.0,0.0,0.0,0.0
Escherichia coli b13eea06-7bb8-11e9-a8d3-68b59976a384,562.98507,1.0,0.0,0.0,0.0,0.0,0.0,,0.0,0.0,0.0
Escherichia coli b1591502-7bb8-11e9-a8d3-68b59976a384,562.98684,0.0,0.0,0.0,0.0,0.0,0.0,0.0,0.0,0.0,1.0
Escherichia coli b159355e-7bb9-11e9-a8d3-68b59976a384,562.100198,0.0,0.0,0.0,0.0,0.0,0.0,0.0,0.0,0.0,0.0
Escherichia coli b172d294-7bb8-11e9-a8d3-68b59976a384,562.98688,0.0,0.0,0.0,0.0,0.0,0.0,0.0,0.0,0.0,0.0
Escherichia coli b17434e4-7bb9-11e9-a8d3-68b59976a384,562.100199,0.0,0.0,0.0,0.0,0.0,0.0,0.0,0.0,0.0,0.0
Escherichia coli b18ed434-7bb9-11e9-a8d3-68b59976a384,562.9939,1.0,0.0,0.0,0.0,0.0,0.0,0.0,0.0,0.0,1.0
Escherichia coli b195592c-7bb8-11e9-a8d3-68b59976a384,562.97862,0.0,,0.0,0.0,0.0,0.0,0.0,0.0,,0.0
Escherichia coli b1ab1cb6-7bb9-11e9-a8d3-68b59976a384,562.99387,1.0,0.0,0.0,0.0,0.0,0.0,0.0,0.0,0.0,1.0
Escherichia coli b1afdfd6-7bb8-11e9-a8d3-68b59976a384,562.98086,0.0,0.0,0.0,0.0,0.0,0.0,0.0,0.0,,0.0
Escherichia coli b1cc0f58-7bb8-11e9-a8d3-68b59976a384,562.98235,1.0,0.0,0.0,1.0,1.0,1.0,0.0,0.0,,1.0
Escherichia coli b1d5733a-7bb9-11e9-a8d3-68b59976a384,562.99647,0.0,0.0,0.0,0.0,0.0,0.0,0.0,0.0,0.0,1.0
Escherichia coli b1e5ccea-7bb8-11e9-a8d3-68b59976a384,562.98378,1.0,0.0,0.0,0.0,0.0,0.0,0.0,0.0,,0.0
Escherichia coli b1f0c162-7bb9-11e9-a8d3-68b59976a384,562.99646,1.0,0.0,0.0,0.0,1.0,0.0,0.0,0.0,0.0,1.0
Escherichia coli b1fffa20-7bb8-11e9-a8d3-68b59976a384,562.98533,0.0,0.0,0.0,0.0,0.0,0.0,,0.0,0.0,0.0
Escherichia coli b20f41a0-7bb9-11e9-a8d3-68b59976a384,562.9991,0.0,0.0,0.0,0.0,0.0,0.0,0.0,0.0,0.0,0.0
Escherichia coli b21d2762-7bb8-11e9-a8d3-68b59976a384,562.98524,0.0,0.0,0.0,0.0,0.0,0.0,,0.0,0.0,0.0
Escherichia coli b22ac39e-7bb9-11e9-a8d3-68b59976a384,562.99889,0.0,0.0,0.0,0.0,0.0,0.0,0.0,0.0,0.0,0.0
Escherichia coli b239bb52-7bb8-11e9-a8d3-68b59976a384,562.9869,0.0,0.0,0.0,0.0,0.0,0.0,0.0,0.0,0.0,0.0
Escherichia coli b245e426-7bb9-11e9-a8d3-68b59976a384,562.100179,1.0,0.0,0.0,0.0,0.0,0.0,0.0,0.0,0.0,1.0
Escherichia coli b261a9f4-7bb9-11e9-a8d3-68b59976a384,562.100178,1.0,0.0,0.0,0.0,0.0,0.0,0.0,0.0,0.0,0.0
Escherichia coli b27e480c-7bb9-11e9-a8d3-68b59976a384,562.9934,0.0,1.0,1.0,0.0,0.0,0.0,0.0,0.0,0.0,0.0
Escherichia coli b27fa1d0-7bb8-11e9-a8d3-68b59976a384,562.98689,0.0,0.0,0.0,0.0,0.0,0.0,0.0,0.0,0.0,0.0
Escherichia coli b29c2ba6-7bb9-11e9-a8d3-68b59976a384,562.99339,1.0,0.0,0.0,0.0,0.0,0.0,0.0,0.0,0.0,1.0
Escherichia coli b2a0a2c2-7bb8-11e9-a8d3-68b59976a384,562.97977,0.0,0.0,0.0,,0.0,0.0,0.0,0.0,,0.0
Escherichia coli b2b86848-7bb9-11e9-a8d3-68b59976a384,562.99594,0.0,0.0,0.0,0.0,0.0,0.0,0.0,0.0,0.0,0.0
Escherichia coli b2bae77c-7bb8-11e9-a8d3-68b59976a384,562.98124,0.0,0.0,0.0,0.0,0.0,0.0,0.0,0.0,,0.0
Escherichia coli b2d47204-7bb9-11e9-a8d3-68b59976a384,562.99593,0.0,0.0,0.0,0.0,0.0,0.0,0.0,0.0,0.0,0.0
Escherichia coli b2d4e8ca-7bb8-11e9-a8d3-68b59976a384,562.98232,0.0,0.0,0.0,0.0,0.0,0.0,0.0,0.0,,1.0
Escherichia coli b2eeee1e-7bb8-11e9-a8d3-68b59976a384,562.98395,0.0,0.0,0.0,1.0,0.0,0.0,0.0,0.0,,0.0
Escherichia coli b2f021a2-7bb9-11e9-a8d3-68b59976a384,562.9989,1.0,0.0,0.0,0.0,0.0,0.0,0.0,0.0,0.0,0.0
Escherichia coli b3085516-7bb8-11e9-a8d3-68b59976a384,562.98519,1.0,0.0,0.0,0.0,0.0,0.0,,0.0,0.0,1.0
Escherichia coli b30c87fc-7bb9-11e9-a8d3-68b59976a384,562.99891,0.0,0.0,0.0,0.0,0.0,0.0,0.0,0.0,0.0,0.0
Escherichia coli b321ed00-7bb8-11e9-a8d3-68b59976a384,562.9852,0.0,0.0,0.0,0.0,0.0,0.0,,0.0,0.0,0.0
Escherichia coli b3285342-7bb9-11e9-a8d3-68b59976a384,562.10018,0.0,0.0,0.0,0.0,0.0,0.0,0.0,0.0,0.0,0.0
Escherichia coli b33b3d14-7bb8-11e9-a8d3-68b59976a384,562.98692,0.0,0.0,0.0,0.0,0.0,0.0,0.0,0.0,0.0,1.0
Escherichia coli b343c33e-7bb9-11e9-a8d3-68b59976a384,562.100182,1.0,0.0,0.0,0.0,0.0,0.0,0.0,0.0,0.0,0.0
Escherichia coli b3602b78-7bb9-11e9-a8d3-68b59976a384,562.99353,1.0,0.0,0.0,0.0,0.0,0.0,0.0,1.0,0.0,1.0
Escherichia coli b36f5ee6-7bb8-11e9-a8d3-68b59976a384,562.97952,1.0,0.0,0.0,,0.0,0.0,0.0,0.0,,0.0
Escherichia coli b3823178-7bb9-11e9-a8d3-68b59976a384,562.99349,0.0,0.0,0.0,0.0,0.0,0.0,0.0,0.0,0.0,0.0
Escherichia coli b3891502-7bb8-11e9-a8d3-68b59976a384,562.9808,0.0,0.0,0.0,0.0,0.0,0.0,0.0,0.0,,0.0
Escherichia coli b39d50de-7bb9-11e9-a8d3-68b59976a384,562.99603,0.0,0.0,0.0,0.0,0.0,0.0,0.0,0.0,0.0,0.0
Escherichia coli b3a3bba0-7bb8-11e9-a8d3-68b59976a384,562.98208,0.0,0.0,0.0,0.0,0.0,0.0,0.0,0.0,,0.0
Escherichia coli b3b9b17a-7bb9-11e9-a8d3-68b59976a384,562.996,1.0,0.0,0.0,0.0,1.0,0.0,0.0,1.0,0.0,0.0
Escherichia coli b3bde4da-7bb8-11e9-a8d3-68b59976a384,562.98364,0.0,0.0,0.0,0.0,0.0,0.0,0.0,0.0,,0.0
Escherichia coli b3d51b7c-7bb9-11e9-a8d3-68b59976a384,562.99892,1.0,0.0,0.0,0.0,1.0,1.0,0.0,0.0,0.0,1.0
Escherichia coli b3d88696-7bb8-11e9-a8d3-68b59976a384,562.985,1.0,0.0,0.0,0.0,0.0,0.0,,0.0,0.0,0.0
Escherichia coli b3f328de-7bb8-11e9-a8d3-68b59976a384,562.98499,0.0,0.0,0.0,0.0,0.0,0.0,,0.0,0.0,0.0
Escherichia coli b3f756d8-7bb9-11e9-a8d3-68b59976a384,562.99894,1.0,0.0,0.0,0.0,0.0,0.0,0.0,0.0,0.0,0.0
Escherichia coli b40e7ed6-7bb8-11e9-a8d3-68b59976a384,562.98669,0.0,0.0,0.0,0.0,0.0,0.0,0.0,0.0,0.0,0.0
Escherichia coli b4131576-7bb9-11e9-a8d3-68b59976a384,562.100184,0.0,0.0,0.0,0.0,0.0,0.0,0.0,0.0,0.0,1.0
Escherichia coli b42a297e-7bb8-11e9-a8d3-68b59976a384,562.98666,1.0,0.0,0.0,0.0,0.0,0.0,0.0,0.0,0.0,1.0
Escherichia coli b42e845a-7bb9-11e9-a8d3-68b59976a384,562.100183,1.0,1.0,1.0,1.0,1.0,1.0,0.0,0.0,0.0,1.0
Escherichia coli b4503d12-7bb8-11e9-a8d3-68b59976a384,562.97948,1.0,0.0,0.0,,0.0,0.0,0.0,0.0,,0.0
Escherichia coli b4698c2c-7bb8-11e9-a8d3-68b59976a384,562.98096,0.0,0.0,0.0,0.0,0.0,0.0,0.0,0.0,,0.0
Escherichia coli b48361f0-7bb9-11e9-a8d3-68b59976a384,562.99607,0.0,0.0,0.0,0.0,0.0,0.0,0.0,0.0,0.0,0.0
Escherichia coli b483ebc6-7bb8-11e9-a8d3-68b59976a384,562.98207,0.0,0.0,0.0,0.0,0.0,0.0,0.0,0.0,,0.0
Escherichia coli b49e022c-7bb8-11e9-a8d3-68b59976a384,562.98368,0.0,0.0,0.0,0.0,0.0,0.0,0.0,0.0,,0.0
Escherichia coli b49f80b0-7bb9-11e9-a8d3-68b59976a384,562.99608,0.0,0.0,0.0,0.0,0.0,0.0,0.0,0.0,0.0,0.0
Escherichia coli b4afa2a2-7bb8-11e9-a8d3-68b59976a384,562.98494,0.0,0.0,0.0,0.0,0.0,0.0,,0.0,0.0,0.0
Escherichia coli b4bc1a90-7bb9-11e9-a8d3-68b59976a384,562.99893,0.0,0.0,0.0,0.0,0.0,0.0,0.0,0.0,0.0,0.0
Escherichia coli b4c808e2-7bb8-11e9-a8d3-68b59976a384,562.98496,0.0,0.0,0.0,0.0,0.0,0.0,,0.0,0.0,0.0
Escherichia coli b4d8d040-7bb9-11e9-a8d3-68b59976a384,562.99895,0.0,0.0,0.0,0.0,0.0,0.0,0.0,0.0,0.0,0.0
Escherichia coli b4d9daae-7bb8-11e9-a8d3-68b59976a384,562.98671,0.0,0.0,0.0,0.0,0.0,0.0,0.0,0.0,0.0,0.0
Escherichia coli b4ebf842-7bb8-11e9-a8d3-68b59976a384,562.98849,1.0,0.0,0.0,0.0,0.0,0.0,0.0,0.0,0.0,1.0
Escherichia coli b4f8db92-7bb9-11e9-a8d3-68b59976a384,562.100186,1.0,0.0,0.0,0.0,0.0,0.0,0.0,0.0,0.0,1.0
Escherichia coli b506a642-7bb8-11e9-a8d3-68b59976a384,562.97939,0.0,0.0,0.0,,0.0,0.0,0.0,0.0,,1.0
Escherichia coli b51c24fe-7bb8-11e9-a8d3-68b59976a384,562.98103,0.0,0.0,0.0,0.0,0.0,0.0,0.0,0.0,,0.0
Escherichia coli b51c6da0-7bb9-11e9-a8d3-68b59976a384,562.100185,1.0,0.0,0.0,0.0,0.0,0.0,0.0,0.0,0.0,1.0
Escherichia coli b5300672-7bb8-11e9-a8d3-68b59976a384,562.98237,0.0,0.0,0.0,0.0,0.0,0.0,0.0,0.0,,0.0
Escherichia coli b541bd26-7bb9-11e9-a8d3-68b59976a384,562.99357,1.0,0.0,0.0,0.0,0.0,0.0,0.0,0.0,0.0,1.0
Escherichia coli b542b88a-7bb8-11e9-a8d3-68b59976a384,562.98361,0.0,0.0,0.0,0.0,0.0,0.0,0.0,0.0,,0.0
Escherichia coli b5581b76-7bb8-11e9-a8d3-68b59976a384,562.98501,0.0,0.0,0.0,0.0,0.0,0.0,,0.0,0.0,0.0
Escherichia coli b56687a0-7bb9-11e9-a8d3-68b59976a384,562.99359,1.0,0.0,0.0,0.0,0.0,0.0,0.0,0.0,0.0,1.0
Escherichia coli b56ba308-7bb8-11e9-a8d3-68b59976a384,562.98502,0.0,0.0,0.0,0.0,0.0,0.0,,0.0,0.0,0.0
Escherichia coli b57b6f4e-7bb9-11e9-a8d3-68b59976a384,562.99611,0.0,0.0,0.0,0.0,0.0,0.0,0.0,0.0,0.0,0.0
Escherichia coli b58331c6-7bb8-11e9-a8d3-68b59976a384,562.98664,1.0,0.0,0.0,1.0,0.0,0.0,0.0,1.0,0.0,0.0
Escherichia coli b5965e4e-7bb9-11e9-a8d3-68b59976a384,562.99613,0.0,0.0,0.0,0.0,0.0,0.0,0.0,0.0,0.0,0.0
Escherichia coli b5978482-7bb8-11e9-a8d3-68b59976a384,562.98852,0.0,0.0,0.0,0.0,0.0,0.0,0.0,0.0,0.0,0.0
Escherichia coli b5b1f4ba-7bb9-11e9-a8d3-68b59976a384,562.99898,1.0,0.0,0.0,0.0,0.0,0.0,0.0,0.0,0.0,0.0
Escherichia coli b5b3b260-7bb8-11e9-a8d3-68b59976a384,562.9799,1.0,0.0,0.0,,0.0,0.0,0.0,0.0,,0.0
Escherichia coli b5c9a642-7bb8-11e9-a8d3-68b59976a384,562.98105,0.0,0.0,0.0,0.0,0.0,0.0,0.0,0.0,,0.0
Escherichia coli b5ce2f68-7bb9-11e9-a8d3-68b59976a384,562.99897,1.0,0.0,0.0,0.0,0.0,0.0,0.0,0.0,0.0,1.0
Escherichia coli b5d9c09a-7bb8-11e9-a8d3-68b59976a384,562.98222,1.0,0.0,0.0,0.0,1.0,0.0,0.0,0.0,,1.0
Escherichia coli b5ea6292-7bb8-11e9-a8d3-68b59976a384,562.98352,1.0,0.0,0.0,0.0,1.0,0.0,0.0,1.0,,0.0
Escherichia coli b5ef94b4-7bb9-11e9-a8d3-68b59976a384,562.100187,0.0,0.0,0.0,0.0,0.0,0.0,0.0,0.0,0.0,0.0
Escherichia coli b5faf0bc-7bb8-11e9-a8d3-68b59976a384,562.9851,1.0,0.0,0.0,0.0,0.0,0.0,,0.0,0.0,0.0
Escherichia coli b60b248c-7bb8-11e9-a8d3-68b59976a384,562.98508,0.0,0.0,0.0,0.0,0.0,0.0,,0.0,0.0,0.0
Escherichia coli b61bf424-7bb8-11e9-a8d3-68b59976a384,562.98672,0.0,0.0,0.0,0.0,0.0,0.0,0.0,0.0,0.0,0.0
Escherichia coli b62e20f4-7bb8-11e9-a8d3-68b59976a384,562.98858,0.0,0.0,0.0,0.0,0.0,0.0,0.0,0.0,0.0,0.0
Escherichia coli b62e4682-7bb9-11e9-a8d3-68b59976a384,562.100189,1.0,0.0,0.0,0.0,0.0,0.0,0.0,0.0,0.0,1.0
Escherichia coli b63ed548-7bb8-11e9-a8d3-68b59976a384,562.97976,0.0,0.0,0.0,,0.0,0.0,0.0,0.0,,0.0
Escherichia coli b64da324-7bb9-11e9-a8d3-68b59976a384,562.100494,1.0,0.0,0.0,0.0,0.0,0.0,0.0,0.0,0.0,0.0
Escherichia coli b64e469a-7bb8-11e9-a8d3-68b59976a384,562.98106,0.0,0.0,0.0,0.0,0.0,0.0,0.0,0.0,,0.0
Escherichia coli b65e833e-7bb8-11e9-a8d3-68b59976a384,562.98239,1.0,0.0,0.0,0.0,0.0,0.0,0.0,0.0,,0.0
Escherichia coli b66ba630-7bb9-11e9-a8d3-68b59976a384,562.100495,1.0,0.0,0.0,0.0,1.0,0.0,0.0,0.0,0.0,1.0
Escherichia coli b66ec960-7bb8-11e9-a8d3-68b59976a384,562.98351,1.0,0.0,0.0,0.0,0.0,0.0,0.0,1.0,,1.0
Escherichia coli b67eda08-7bb8-11e9-a8d3-68b59976a384,562.98513,0.0,0.0,0.0,0.0,0.0,0.0,,0.0,0.0,0.0
Escherichia coli b68f7498-7bb9-11e9-a8d3-68b59976a384,562.10084,1.0,0.0,0.0,,0.0,0.0,0.0,0.0,0.0,0.0
Escherichia coli b690a7d8-7bb8-11e9-a8d3-68b59976a384,562.98687,0.0,0.0,0.0,0.0,0.0,0.0,0.0,0.0,0.0,0.0
Escherichia coli b6a0f494-7bb8-11e9-a8d3-68b59976a384,562.9868,0.0,0.0,0.0,0.0,1.0,0.0,0.0,0.0,0.0,0.0
Escherichia coli b6b0bed8-7bb8-11e9-a8d3-68b59976a384,562.98859,0.0,0.0,0.0,0.0,0.0,0.0,0.0,0.0,0.0,1.0
Escherichia coli b6c1383a-7bb8-11e9-a8d3-68b59976a384,562.97987,0.0,0.0,0.0,,0.0,0.0,0.0,0.0,,0.0
Escherichia coli b6c19f54-7bb9-11e9-a8d3-68b59976a384,562.100841,1.0,0.0,0.0,,0.0,0.0,0.0,0.0,0.0,0.0
Escherichia coli b6d15792-7bb8-11e9-a8d3-68b59976a384,562.98109,1.0,0.0,0.0,0.0,0.0,0.0,0.0,0.0,,1.0
Escherichia coli b6e26a46-7bb8-11e9-a8d3-68b59976a384,562.98354,0.0,0.0,0.0,0.0,0.0,0.0,0.0,0.0,,0.0
Escherichia coli b6ec6694-7bb9-11e9-a8d3-68b59976a384,562.100842,1.0,0.0,0.0,,0.0,0.0,0.0,0.0,0.0,1.0
Escherichia coli b6f2f960-7bb8-11e9-a8d3-68b59976a384,562.98356,0.0,0.0,0.0,0.0,0.0,0.0,0.0,0.0,,0.0
Escherichia coli b702ef0a-7bb8-11e9-a8d3-68b59976a384,562.98505,0.0,0.0,0.0,0.0,0.0,0.0,,0.0,0.0,0.0
Escherichia coli b713b6b4-7bb8-11e9-a8d3-68b59976a384,562.98673,0.0,0.0,0.0,0.0,0.0,0.0,0.0,0.0,0.0,0.0
Escherichia coli b7174b70-7bb9-11e9-a8d3-68b59976a384,562.98742,1.0,0.0,0.0,0.0,0.0,0.0,0.0,0.0,0.0,1.0
Escherichia coli b72ec53a-7bb8-11e9-a8d3-68b59976a384,562.98677,0.0,0.0,0.0,0.0,0.0,0.0,0.0,0.0,0.0,0.0
Escherichia coli b740b564-7bb9-11e9-a8d3-68b59976a384,562.98933,0.0,0.0,0.0,0.0,0.0,0.0,0.0,0.0,,0.0
Escherichia coli b745120e-7bb8-11e9-a8d3-68b59976a384,562.98855,0.0,0.0,0.0,0.0,0.0,0.0,0.0,0.0,0.0,0.0
Escherichia coli b75a4b2e-7bb8-11e9-a8d3-68b59976a384,562.97973,0.0,0.0,0.0,,0.0,0.0,0.0,0.0,,0.0
Escherichia coli b76a302e-7bb9-11e9-a8d3-68b59976a384,562.100493,0.0,0.0,0.0,0.0,0.0,0.0,0.0,0.0,0.0,0.0
Escherichia coli b76eff88-7bb8-11e9-a8d3-68b59976a384,562.98243,0.0,0.0,0.0,0.0,0.0,0.0,0.0,0.0,,0.0
Escherichia coli b7842c32-7bb8-11e9-a8d3-68b59976a384,562.98376,1.0,0.0,0.0,0.0,1.0,0.0,0.0,0.0,,1.0
Escherichia coli b795509c-7bb9-11e9-a8d3-68b59976a384,562.100492,1.0,0.0,0.0,0.0,1.0,0.0,0.0,0.0,0.0,0.0
Escherichia coli b79c889a-7bb8-11e9-a8d3-68b59976a384,562.98372,1.0,1.0,1.0,1.0,1.0,0.0,0.0,1.0,,0.0
Escherichia coli b7b1af7c-7bb8-11e9-a8d3-68b59976a384,562.98506,0.0,0.0,0.0,0.0,0.0,0.0,,0.0,0.0,0.0
Escherichia coli b7bb6eda-7bb9-11e9-a8d3-68b59976a384,562.100497,1.0,1.0,1.0,1.0,1.0,0.0,0.0,0.0,0.0,1.0
Escherichia coli b7c87bda-7bb8-11e9-a8d3-68b59976a384,562.98674,0.0,0.0,0.0,0.0,1.0,1.0,0.0,0.0,0.0,1.0
Escherichia coli b7e2ab68-7bb8-11e9-a8d3-68b59976a384,562.98681,0.0,0.0,0.0,0.0,0.0,0.0,0.0,0.0,0.0,0.0
Escherichia coli b7e45728-7bb9-11e9-a8d3-68b59976a384,562.100843,1.0,0.0,0.0,,1.0,0.0,0.0,0.0,0.0,0.0
Escherichia coli b7f7ad88-7bb8-11e9-a8d3-68b59976a384,562.98853,1.0,0.0,0.0,0.0,0.0,0.0,0.0,0.0,0.0,0.0
Escherichia coli b80cbcbe-7bb8-11e9-a8d3-68b59976a384,562.98854,1.0,0.0,0.0,0.0,0.0,0.0,0.0,0.0,0.0,1.0
Escherichia coli b80ff55e-7bb9-11e9-a8d3-68b59976a384,562.100844,0.0,0.0,0.0,,0.0,0.0,0.0,0.0,0.0,0.0
Escherichia coli b8371fae-7bb8-11e9-a8d3-68b59976a384,562.98112,1.0,0.0,0.0,0.0,0.0,0.0,0.0,0.0,,0.0
Escherichia coli b83b32c8-7bb9-11e9-a8d3-68b59976a384,562.100845,0.0,0.0,0.0,,0.0,0.0,0.0,0.0,0.0,0.0
Escherichia coli b853bfce-7bb8-11e9-a8d3-68b59976a384,562.98229,1.0,0.0,0.0,0.0,0.0,0.0,0.0,0.0,,0.0
Escherichia coli b863fcee-7bb9-11e9-a8d3-68b59976a384,562.98753,0.0,0.0,0.0,0.0,0.0,0.0,0.0,0.0,0.0,0.0
Escherichia coli b8699f2e-7bb8-11e9-a8d3-68b59976a384,562.97975,0.0,0.0,0.0,,0.0,0.0,0.0,0.0,,0.0
Escherichia coli b87e79bc-7bb8-11e9-a8d3-68b59976a384,562.98111,0.0,0.0,0.0,0.0,0.0,0.0,0.0,0.0,,0.0
Escherichia coli b8907e9a-7bb9-11e9-a8d3-68b59976a384,562.9896,1.0,0.0,0.0,0.0,0.0,0.0,0.0,0.0,,1.0
Escherichia coli b8937420-7bb8-11e9-a8d3-68b59976a384,562.98369,0.0,0.0,0.0,0.0,0.0,0.0,0.0,0.0,,0.0
Escherichia coli b8a80098-7bb8-11e9-a8d3-68b59976a384,562.98532,0.0,0.0,0.0,0.0,0.0,0.0,,0.0,0.0,0.0
Escherichia coli b8b50e22-7bb9-11e9-a8d3-68b59976a384,562.100496,0.0,0.0,0.0,0.0,0.0,0.0,0.0,0.0,0.0,0.0
Escherichia coli b8bfd5f6-7bb8-11e9-a8d3-68b59976a384,562.98866,0.0,0.0,0.0,0.0,0.0,0.0,0.0,0.0,0.0,0.0
Escherichia coli b8d5f796-7bb8-11e9-a8d3-68b59976a384,562.98865,0.0,0.0,0.0,0.0,0.0,0.0,0.0,0.0,0.0,1.0
Escherichia coli b8db592e-7bb9-11e9-a8d3-68b59976a384,562.1005,0.0,0.0,0.0,0.0,0.0,0.0,0.0,0.0,0.0,0.0
Escherichia coli b8f023dc-7bb8-11e9-a8d3-68b59976a384,562.98115,0.0,0.0,0.0,0.0,0.0,0.0,0.0,0.0,,0.0
Escherichia coli b90a7da4-7bb8-11e9-a8d3-68b59976a384,562.97855,0.0,,0.0,0.0,0.0,0.0,0.0,0.0,,0.0
Escherichia coli b92440d6-7bb8-11e9-a8d3-68b59976a384,562.97974,0.0,0.0,0.0,,0.0,0.0,0.0,0.0,,0.0
Escherichia coli b9259c0a-7bb9-11e9-a8d3-68b59976a384,562.100498,0.0,0.0,0.0,0.0,0.0,0.0,0.0,0.0,0.0,0.0
Escherichia coli b9406986-7bb9-11e9-a8d3-68b59976a384,562.100846,0.0,0.0,0.0,,0.0,0.0,0.0,0.0,0.0,0.0
Escherichia coli b940f7b2-7bb8-11e9-a8d3-68b59976a384,562.98227,0.0,0.0,0.0,0.0,0.0,0.0,0.0,0.0,,0.0
Escherichia coli b95b8564-7bb8-11e9-a8d3-68b59976a384,562.98373,0.0,0.0,0.0,0.0,0.0,0.0,0.0,0.0,,0.0
Escherichia coli b9616d84-7bb9-11e9-a8d3-68b59976a384,562.100847,0.0,0.0,0.0,,0.0,0.0,0.0,0.0,0.0,0.0
Escherichia coli b9768da0-7bb8-11e9-a8d3-68b59976a384,562.9865,0.0,0.0,0.0,0.0,0.0,0.0,0.0,0.0,0.0,0.0
Escherichia coli b97f3f08-7bb9-11e9-a8d3-68b59976a384,562.100848,0.0,0.0,0.0,,0.0,0.0,0.0,0.0,0.0,0.0
Escherichia coli b990c238-7bb8-11e9-a8d3-68b59976a384,562.98864,0.0,0.0,0.0,0.0,0.0,0.0,0.0,0.0,0.0,0.0
Escherichia coli b99a630a-7bb9-11e9-a8d3-68b59976a384,562.98757,1.0,0.0,0.0,0.0,0.0,0.0,0.0,0.0,0.0,0.0
Escherichia coli b9ac2910-7bb8-11e9-a8d3-68b59976a384,562.98869,0.0,0.0,0.0,0.0,0.0,0.0,0.0,0.0,0.0,0.0
Escherichia coli b9b6af7e-7bb9-11e9-a8d3-68b59976a384,562.98962,0.0,0.0,0.0,0.0,0.0,0.0,0.0,0.0,,0.0
Escherichia coli b9d294c8-7bb9-11e9-a8d3-68b59976a384,562.100499,0.0,0.0,0.0,0.0,0.0,0.0,0.0,0.0,0.0,0.0
Escherichia coli b9e2d834-7bb8-11e9-a8d3-68b59976a384,562.97849,0.0,,0.0,0.0,0.0,0.0,0.0,0.0,,0.0
Escherichia coli b9ecad9a-7bb9-11e9-a8d3-68b59976a384,562.100504,1.0,1.0,1.0,1.0,0.0,0.0,0.0,0.0,0.0,1.0
Escherichia coli b9fe82f0-7bb8-11e9-a8d3-68b59976a384,562.97983,1.0,0.0,0.0,,1.0,0.0,0.0,0.0,,1.0
Escherichia coli ba077a3a-7bb9-11e9-a8d3-68b59976a384,562.100501,1.0,0.0,0.0,0.0,0.0,0.0,0.0,0.0,0.0,1.0
Escherichia coli ba19175a-7bb8-11e9-a8d3-68b59976a384,562.98236,1.0,0.0,0.0,0.0,0.0,0.0,0.0,0.0,,1.0
Escherichia coli ba21d61e-7bb9-11e9-a8d3-68b59976a384,562.10085,1.0,0.0,0.0,,0.0,0.0,0.0,0.0,0.0,0.0
Escherichia coli ba3410d2-7bb8-11e9-a8d3-68b59976a384,562.98375,0.0,0.0,0.0,0.0,0.0,0.0,0.0,0.0,,0.0
Escherichia coli ba3b83f2-7bb9-11e9-a8d3-68b59976a384,562.100851,1.0,0.0,0.0,,0.0,0.0,0.0,0.0,0.0,0.0
Escherichia coli ba4f4afa-7bb8-11e9-a8d3-68b59976a384,562.98679,1.0,0.0,0.0,0.0,0.0,0.0,0.0,0.0,0.0,0.0
Escherichia coli ba557622-7bb9-11e9-a8d3-68b59976a384,562.98755,0.0,0.0,0.0,0.0,0.0,0.0,0.0,0.0,0.0,0.0
Escherichia coli ba6a000c-7bb8-11e9-a8d3-68b59976a384,562.98874,0.0,0.0,0.0,0.0,0.0,0.0,0.0,0.0,0.0,0.0
Escherichia coli ba705fd2-7bb9-11e9-a8d3-68b59976a384,562.98763,1.0,0.0,0.0,0.0,0.0,0.0,0.0,0.0,0.0,0.0
Escherichia coli ba86e2bc-7bb8-11e9-a8d3-68b59976a384,562.98117,1.0,0.0,0.0,0.0,1.0,0.0,0.0,0.0,,0.0
Escherichia coli ba8b0012-7bb9-11e9-a8d3-68b59976a384,562.98959,0.0,0.0,0.0,0.0,0.0,0.0,0.0,0.0,,0.0
Escherichia coli baa18090-7bb8-11e9-a8d3-68b59976a384,562.98226,0.0,0.0,0.0,0.0,0.0,0.0,0.0,0.0,,0.0
Escherichia coli baa5c834-7bb9-11e9-a8d3-68b59976a384,562.100503,0.0,0.0,0.0,0.0,0.0,0.0,0.0,0.0,0.0,0.0
Escherichia coli babce1a0-7bb8-11e9-a8d3-68b59976a384,562.97861,0.0,,0.0,0.0,0.0,0.0,0.0,0.0,,0.0
Escherichia coli bac076ca-7bb9-11e9-a8d3-68b59976a384,562.100502,1.0,0.0,0.0,0.0,0.0,0.0,0.0,0.0,0.0,1.0
Escherichia coli bad82744-7bb8-11e9-a8d3-68b59976a384,562.98127,0.0,0.0,0.0,0.0,0.0,0.0,0.0,0.0,,0.0
Escherichia coli badaeab4-7bb9-11e9-a8d3-68b59976a384,562.100505,1.0,0.0,0.0,0.0,0.0,0.0,0.0,0.0,0.0,1.0
Escherichia coli baf3808e-7bb8-11e9-a8d3-68b59976a384,562.98233,0.0,0.0,0.0,0.0,0.0,0.0,0.0,0.0,,0.0
Escherichia coli baf5927e-7bb9-11e9-a8d3-68b59976a384,562.100849,1.0,0.0,0.0,,0.0,0.0,0.0,0.0,0.0,0.0
Escherichia coli bb1218dc-7bb8-11e9-a8d3-68b59976a384,562.98382,0.0,0.0,0.0,0.0,0.0,0.0,0.0,0.0,,0.0
Escherichia coli bb2b07b0-7bb9-11e9-a8d3-68b59976a384,562.98781,0.0,0.0,0.0,0.0,0.0,0.0,0.0,0.0,0.0,1.0
Escherichia coli bb2dac82-7bb8-11e9-a8d3-68b59976a384,562.98696,0.0,0.0,0.0,0.0,0.0,0.0,0.0,0.0,0.0,0.0
Escherichia coli bb457b36-7bb9-11e9-a8d3-68b59976a384,562.98762,1.0,0.0,0.0,0.0,0.0,0.0,0.0,0.0,0.0,0.0
Escherichia coli bb490824-7bb8-11e9-a8d3-68b59976a384,562.98834,1.0,0.0,0.0,0.0,0.0,0.0,0.0,0.0,0.0,0.0
Escherichia coli bb5f4f48-7bb9-11e9-a8d3-68b59976a384,562.98957,0.0,0.0,0.0,0.0,0.0,0.0,0.0,0.0,,0.0
Escherichia coli bb63ccfe-7bb8-11e9-a8d3-68b59976a384,562.98118,0.0,0.0,0.0,0.0,0.0,0.0,0.0,0.0,,0.0
Escherichia coli bb7927ec-7bb9-11e9-a8d3-68b59976a384,562.100518,1.0,0.0,0.0,0.0,0.0,0.0,0.0,0.0,0.0,0.0
Escherichia coli bb932548-7bb9-11e9-a8d3-68b59976a384,562.100527,1.0,0.0,0.0,0.0,0.0,0.0,0.0,0.0,0.0,0.0
Escherichia coli bb94ca8e-7bb8-11e9-a8d3-68b59976a384,562.98231,0.0,0.0,0.0,0.0,0.0,0.0,0.0,0.0,,0.0
Escherichia coli bbac9dd4-7bb9-11e9-a8d3-68b59976a384,562.100875,1.0,0.0,0.0,,0.0,0.0,0.0,1.0,0.0,1.0
Escherichia coli bbb05a92-7bb8-11e9-a8d3-68b59976a384,562.97859,1.0,,0.0,0.0,0.0,0.0,0.0,0.0,,0.0
Escherichia coli bbc70eb2-7bb9-11e9-a8d3-68b59976a384,562.100881,0.0,0.0,0.0,,0.0,0.0,0.0,0.0,0.0,0.0
Escherichia coli bbccec84-7bb8-11e9-a8d3-68b59976a384,562.98129,0.0,0.0,0.0,0.0,0.0,0.0,0.0,0.0,,0.0
Escherichia coli bbe04ddc-7bb9-11e9-a8d3-68b59976a384,562.100883,0.0,0.0,0.0,,1.0,0.0,0.0,0.0,0.0,0.0
Escherichia coli bbe79b7e-7bb8-11e9-a8d3-68b59976a384,562.98247,0.0,0.0,0.0,0.0,0.0,0.0,0.0,0.0,,0.0
Escherichia coli bc034004-7bb8-11e9-a8d3-68b59976a384,562.98396,0.0,0.0,0.0,0.0,0.0,0.0,0.0,0.0,,0.0
Escherichia coli bc148ebc-7bb9-11e9-a8d3-68b59976a384,562.98779,0.0,0.0,0.0,0.0,0.0,0.0,0.0,0.0,0.0,0.0
Escherichia coli bc1f100e-7bb8-11e9-a8d3-68b59976a384,562.98695,0.0,0.0,0.0,0.0,0.0,0.0,0.0,0.0,0.0,0.0
Escherichia coli bc21d680-7bb9-11e9-a8d3-68b59976a384,562.9878,0.0,0.0,0.0,0.0,0.0,0.0,0.0,0.0,0.0,0.0
Escherichia coli bc2e4ece-7bb9-11e9-a8d3-68b59976a384,562.98966,1.0,0.0,0.0,0.0,0.0,0.0,0.0,0.0,,1.0
Escherichia coli bc3a6700-7bb8-11e9-a8d3-68b59976a384,562.9887,0.0,0.0,0.0,0.0,0.0,0.0,0.0,0.0,0.0,1.0
Escherichia coli bc3b950c-7bb9-11e9-a8d3-68b59976a384,562.100562,1.0,0.0,1.0,1.0,0.0,0.0,0.0,1.0,0.0,0.0
Escherichia coli bc4910d8-7bb9-11e9-a8d3-68b59976a384,562.100565,1.0,1.0,1.0,1.0,1.0,0.0,0.0,0.0,0.0,0.0
Escherichia coli bc53856e-7bb8-11e9-a8d3-68b59976a384,562.98079,1.0,0.0,0.0,0.0,0.0,0.0,0.0,0.0,,1.0
Escherichia coli bc5c4590-7bb9-11e9-a8d3-68b59976a384,562.100893,0.0,0.0,0.0,,1.0,0.0,0.0,1.0,0.0,1.0
Escherichia coli bc6b1dd6-7bb9-11e9-a8d3-68b59976a384,562.100895,1.0,0.0,0.0,,0.0,0.0,0.0,0.0,0.0,0.0
Escherichia coli bc6ee584-7bb8-11e9-a8d3-68b59976a384,562.98205,1.0,0.0,0.0,0.0,0.0,0.0,0.0,0.0,,1.0
Escherichia coli bc7c8f80-7bb9-11e9-a8d3-68b59976a384,562.100894,1.0,0.0,0.0,,0.0,0.0,0.0,0.0,0.0,0.0
Escherichia coli bc8a5314-7bb8-11e9-a8d3-68b59976a384,562.97819,0.0,,0.0,0.0,0.0,0.0,0.0,0.0,,0.0
Escherichia coli bc97685a-7bb9-11e9-a8d3-68b59976a384,562.98782,1.0,0.0,0.0,0.0,1.0,1.0,0.0,0.0,0.0,0.0
Escherichia coli bca731e6-7bb8-11e9-a8d3-68b59976a384,562.98082,0.0,0.0,0.0,0.0,0.0,0.0,0.0,0.0,,0.0
Escherichia coli bcac963a-7bb9-11e9-a8d3-68b59976a384,562.98771,0.0,0.0,0.0,0.0,0.0,0.0,0.0,0.0,0.0,0.0
Escherichia coli bcc23c0c-7bb8-11e9-a8d3-68b59976a384,562.98206,0.0,0.0,0.0,0.0,0.0,0.0,0.0,0.0,,0.0
Escherichia coli bcc272f2-7bb9-11e9-a8d3-68b59976a384,562.98975,1.0,0.0,0.0,0.0,0.0,0.0,0.0,0.0,,1.0
Escherichia coli bcd6e872-7bb9-11e9-a8d3-68b59976a384,562.100569,1.0,0.0,1.0,1.0,0.0,0.0,0.0,0.0,0.0,0.0
Escherichia coli bcdc6b7c-7bb8-11e9-a8d3-68b59976a384,562.98363,0.0,0.0,0.0,0.0,0.0,0.0,0.0,0.0,,0.0
Escherichia coli bcebc936-7bb9-11e9-a8d3-68b59976a384,562.10057,1.0,0.0,0.0,0.0,1.0,0.0,0.0,0.0,0.0,1.0
Escherichia coli bcf71968-7bb8-11e9-a8d3-68b59976a384,562.9867,0.0,0.0,0.0,0.0,0.0,0.0,0.0,0.0,0.0,0.0
Escherichia coli bd01b37c-7bb9-11e9-a8d3-68b59976a384,562.100899,1.0,0.0,0.0,,0.0,0.0,0.0,0.0,0.0,1.0
Escherichia coli bd11faa8-7bb8-11e9-a8d3-68b59976a384,562.98847,1.0,0.0,0.0,0.0,0.0,0.0,0.0,0.0,0.0,1.0
Escherichia coli bd15cc36-7bb9-11e9-a8d3-68b59976a384,562.100901,0.0,0.0,0.0,,0.0,0.0,0.0,0.0,0.0,0.0
Escherichia coli bd2b1df2-7bb9-11e9-a8d3-68b59976a384,562.1009,0.0,0.0,0.0,,0.0,0.0,0.0,0.0,0.0,0.0
Escherichia coli bd35e558-7bb8-11e9-a8d3-68b59976a384,562.98098,0.0,0.0,0.0,0.0,0.0,0.0,0.0,0.0,,0.0
Escherichia coli bd3fc9d2-7bb9-11e9-a8d3-68b59976a384,562.9876,1.0,0.0,0.0,0.0,1.0,1.0,0.0,0.0,0.0,1.0
Escherichia coli bd50b57c-7bb8-11e9-a8d3-68b59976a384,562.98209,0.0,0.0,0.0,0.0,0.0,0.0,0.0,0.0,,0.0
Escherichia coli bd56e982-7bb9-11e9-a8d3-68b59976a384,562.98761,0.0,0.0,0.0,0.0,0.0,0.0,0.0,0.0,0.0,0.0
Escherichia coli bd6ba3fe-7bb9-11e9-a8d3-68b59976a384,562.98955,0.0,0.0,0.0,0.0,0.0,0.0,0.0,0.0,,0.0
Escherichia coli bd80f470-7bb9-11e9-a8d3-68b59976a384,562.100509,1.0,0.0,0.0,0.0,0.0,0.0,0.0,0.0,0.0,1.0
Escherichia coli bd85271c-7bb8-11e9-a8d3-68b59976a384,562.98094,0.0,0.0,0.0,0.0,0.0,0.0,0.0,0.0,,0.0
Escherichia coli bd969cee-7bb9-11e9-a8d3-68b59976a384,562.10051,1.0,1.0,1.0,1.0,1.0,0.0,0.0,1.0,0.0,1.0
Escherichia coli bda47842-7bb8-11e9-a8d3-68b59976a384,562.98204,0.0,0.0,0.0,0.0,0.0,0.0,0.0,0.0,,0.0
Escherichia coli bdaaaa72-7bb9-11e9-a8d3-68b59976a384,562.100856,0.0,0.0,0.0,,1.0,0.0,0.0,0.0,0.0,0.0
Escherichia coli bdbe163a-7bb8-11e9-a8d3-68b59976a384,562.98493,0.0,0.0,0.0,0.0,0.0,0.0,,0.0,0.0,0.0
Escherichia coli bdbffeae-7bb9-11e9-a8d3-68b59976a384,562.100855,1.0,0.0,0.0,,1.0,0.0,0.0,0.0,0.0,1.0
Escherichia coli bdd44152-7bb9-11e9-a8d3-68b59976a384,562.100857,0.0,0.0,0.0,,0.0,0.0,0.0,0.0,0.0,1.0
Escherichia coli bdd88ff6-7bb8-11e9-a8d3-68b59976a384,562.98661,0.0,0.0,0.0,0.0,0.0,0.0,0.0,0.0,0.0,0.0
Escherichia coli bde84396-7bb9-11e9-a8d3-68b59976a384,562.98766,1.0,0.0,0.0,0.0,0.0,0.0,0.0,0.0,0.0,1.0
Escherichia coli bdf304ee-7bb8-11e9-a8d3-68b59976a384,562.98843,0.0,0.0,0.0,0.0,0.0,0.0,0.0,0.0,0.0,0.0
Escherichia coli bdfcecba-7bb9-11e9-a8d3-68b59976a384,562.98773,1.0,0.0,0.0,0.0,1.0,0.0,0.0,0.0,0.0,1.0
Escherichia coli be0dade4-7bb8-11e9-a8d3-68b59976a384,562.98095,0.0,0.0,0.0,0.0,0.0,0.0,0.0,0.0,,0.0
Escherichia coli be115326-7bb9-11e9-a8d3-68b59976a384,562.98968,0.0,0.0,0.0,0.0,0.0,0.0,0.0,0.0,,1.0
Escherichia coli be265294-7bb9-11e9-a8d3-68b59976a384,562.100513,1.0,0.0,0.0,0.0,0.0,0.0,0.0,0.0,0.0,0.0
Escherichia coli be27f866-7bb8-11e9-a8d3-68b59976a384,562.98224,0.0,0.0,0.0,0.0,0.0,0.0,0.0,0.0,,0.0
Escherichia coli be3b33e4-7bb9-11e9-a8d3-68b59976a384,562.100514,0.0,0.0,0.0,0.0,0.0,0.0,0.0,0.0,0.0,0.0
Escherichia coli be4104d2-7bb8-11e9-a8d3-68b59976a384,562.9785,0.0,,0.0,0.0,0.0,0.0,0.0,0.0,,0.0
Escherichia coli be4fb616-7bb9-11e9-a8d3-68b59976a384,562.10086,0.0,0.0,0.0,,0.0,0.0,0.0,0.0,0.0,0.0
Escherichia coli be627a90-7bb8-11e9-a8d3-68b59976a384,562.981,0.0,0.0,0.0,0.0,0.0,0.0,0.0,0.0,,0.0
Escherichia coli be64d000-7bb9-11e9-a8d3-68b59976a384,562.100862,0.0,0.0,0.0,,0.0,0.0,0.0,0.0,0.0,0.0
Escherichia coli be79f7fa-7bb9-11e9-a8d3-68b59976a384,562.100861,1.0,1.0,1.0,,0.0,0.0,0.0,0.0,0.0,1.0
Escherichia coli be7cbf0e-7bb8-11e9-a8d3-68b59976a384,562.98241,1.0,0.0,0.0,0.0,0.0,0.0,0.0,0.0,,1.0
Escherichia coli be8f5dc0-7bb9-11e9-a8d3-68b59976a384,562.98778,0.0,0.0,0.0,0.0,0.0,0.0,0.0,0.0,0.0,0.0
Escherichia coli be9b465e-7bb8-11e9-a8d3-68b59976a384,562.98503,0.0,0.0,0.0,0.0,0.0,0.0,,0.0,0.0,0.0
Escherichia coli beb30950-7bb9-11e9-a8d3-68b59976a384,562.98784,0.0,0.0,0.0,0.0,0.0,0.0,0.0,0.0,0.0,0.0
Escherichia coli beb4f2f2-7bb8-11e9-a8d3-68b59976a384,562.98848,1.0,0.0,0.0,0.0,0.0,0.0,0.0,0.0,0.0,1.0
Escherichia coli becdeb8a-7bb9-11e9-a8d3-68b59976a384,562.98971,0.0,0.0,0.0,0.0,0.0,0.0,0.0,0.0,,0.0
Escherichia coli becec72c-7bb8-11e9-a8d3-68b59976a384,562.98862,1.0,0.0,0.0,0.0,0.0,0.0,0.0,0.0,0.0,1.0
Escherichia coli bee80920-7bb9-11e9-a8d3-68b59976a384,562.100517,1.0,0.0,0.0,0.0,0.0,0.0,0.0,0.0,0.0,0.0
Escherichia coli bee8ab56-7bb8-11e9-a8d3-68b59976a384,562.98101,0.0,0.0,0.0,0.0,0.0,0.0,0.0,0.0,,0.0
Escherichia coli bf02a434-7bb8-11e9-a8d3-68b59976a384,562.98292,1.0,0.0,0.0,0.0,0.0,0.0,0.0,0.0,,1.0
Escherichia coli bf0375fc-7bb9-11e9-a8d3-68b59976a384,562.100521,1.0,0.0,0.0,0.0,0.0,0.0,0.0,0.0,0.0,1.0
Escherichia coli bf1ce7ea-7bb8-11e9-a8d3-68b59976a384,562.98038,0.0,0.0,0.0,,0.0,0.0,0.0,0.0,,0.0
Escherichia coli bf1de932-7bb9-11e9-a8d3-68b59976a384,562.100866,1.0,0.0,0.0,,0.0,0.0,0.0,0.0,0.0,1.0
Escherichia coli bf3664ea-7bb8-11e9-a8d3-68b59976a384,562.98164,0.0,0.0,0.0,0.0,0.0,0.0,0.0,0.0,,0.0
Escherichia coli bf4dbfa0-7bb8-11e9-a8d3-68b59976a384,562.98289,1.0,0.0,0.0,0.0,1.0,0.0,0.0,0.0,,1.0
Escherichia coli bf54691c-7bb9-11e9-a8d3-68b59976a384,562.100865,1.0,0.0,0.0,,0.0,0.0,0.0,0.0,0.0,0.0
Escherichia coli bf679df8-7bb8-11e9-a8d3-68b59976a384,562.98566,1.0,0.0,0.0,0.0,0.0,0.0,,0.0,0.0,0.0
Escherichia coli bf703ed0-7bb9-11e9-a8d3-68b59976a384,562.98777,0.0,0.0,0.0,0.0,0.0,0.0,0.0,0.0,0.0,0.0
Escherichia coli bf80cb20-7bb8-11e9-a8d3-68b59976a384,562.98974,0.0,0.0,0.0,0.0,0.0,0.0,0.0,0.0,0.0,0.0
Escherichia coli bf89b5a4-7bb9-11e9-a8d3-68b59976a384,562.98967,1.0,0.0,0.0,0.0,0.0,0.0,0.0,0.0,,1.0
Escherichia coli bf99e4f2-7bb8-11e9-a8d3-68b59976a384,562.98844,0.0,0.0,0.0,0.0,0.0,0.0,0.0,0.0,0.0,0.0
Escherichia coli bfa42fb0-7bb9-11e9-a8d3-68b59976a384,562.98969,1.0,0.0,0.0,0.0,0.0,0.0,0.0,0.0,,1.0
Escherichia coli bfb59fc6-7bb8-11e9-a8d3-68b59976a384,562.98165,1.0,1.0,1.0,1.0,1.0,0.0,0.0,0.0,,0.0
Escherichia coli bfbfefca-7bb9-11e9-a8d3-68b59976a384,562.100525,0.0,0.0,0.0,0.0,0.0,0.0,0.0,0.0,0.0,0.0
Escherichia coli bfd057e4-7bb8-11e9-a8d3-68b59976a384,562.9829,1.0,0.0,0.0,0.0,1.0,0.0,0.0,0.0,,1.0
Escherichia coli bfea2d26-7bb9-11e9-a8d3-68b59976a384,562.100523,1.0,0.0,0.0,0.0,0.0,0.0,0.0,0.0,0.0,1.0
Escherichia coli bfeb23c6-7bb8-11e9-a8d3-68b59976a384,562.98046,0.0,0.0,0.0,,0.0,0.0,0.0,0.0,,0.0
Escherichia coli c0056cc6-7bb9-11e9-a8d3-68b59976a384,562.100867,1.0,0.0,0.0,,0.0,0.0,0.0,0.0,0.0,0.0
Escherichia coli c0062978-7bb8-11e9-a8d3-68b59976a384,562.98166,0.0,0.0,0.0,0.0,0.0,0.0,0.0,0.0,,0.0
Escherichia coli c01fb040-7bb9-11e9-a8d3-68b59976a384,562.100868,0.0,0.0,0.0,,0.0,0.0,0.0,0.0,0.0,0.0
Escherichia coli c022810e-7bb8-11e9-a8d3-68b59976a384,562.98293,0.0,0.0,0.0,0.0,0.0,0.0,0.0,0.0,,0.0
Escherichia coli c03a626e-7bb9-11e9-a8d3-68b59976a384,562.10087,0.0,0.0,0.0,,0.0,0.0,0.0,0.0,0.0,0.0
Escherichia coli c03c195c-7bb8-11e9-a8d3-68b59976a384,562.98565,1.0,0.0,0.0,0.0,0.0,0.0,,0.0,0.0,1.0
Escherichia coli c055162c-7bb9-11e9-a8d3-68b59976a384,562.98783,0.0,0.0,0.0,0.0,0.0,0.0,0.0,0.0,0.0,0.0
Escherichia coli c058dcd6-7bb8-11e9-a8d3-68b59976a384,562.98973,1.0,0.0,0.0,0.0,0.0,1.0,0.0,0.0,0.0,1.0
Escherichia coli c06f5442-7bb9-11e9-a8d3-68b59976a384,562.98972,0.0,0.0,0.0,0.0,0.0,0.0,0.0,0.0,,0.0
Escherichia coli c072dd16-7bb8-11e9-a8d3-68b59976a384,562.98978,1.0,1.0,1.0,1.0,0.0,0.0,0.0,1.0,0.0,0.0
Escherichia coli c08ec350-7bb8-11e9-a8d3-68b59976a384,562.98167,1.0,0.0,0.0,0.0,0.0,0.0,0.0,0.0,,0.0
Escherichia coli c0903496-7bb9-11e9-a8d3-68b59976a384,562.9897,0.0,0.0,0.0,0.0,0.0,0.0,0.0,0.0,,0.0
Escherichia coli c0a9f85e-7bb9-11e9-a8d3-68b59976a384,562.99025,1.0,0.0,0.0,0.0,1.0,1.0,0.0,0.0,,1.0
Escherichia coli c0ae1b56-7bb8-11e9-a8d3-68b59976a384,562.98294,0.0,0.0,0.0,0.0,0.0,0.0,0.0,0.0,,0.0
Escherichia coli c0c491dc-7bb9-11e9-a8d3-68b59976a384,562.9974,1.0,0.0,0.0,0.0,0.0,1.0,0.0,1.0,0.0,1.0
Escherichia coli c0c7b106-7bb8-11e9-a8d3-68b59976a384,562.98042,0.0,0.0,0.0,,0.0,0.0,0.0,0.0,,0.0
Escherichia coli c0df1b1a-7bb9-11e9-a8d3-68b59976a384,562.99997,0.0,0.0,0.0,0.0,0.0,0.0,0.0,0.0,0.0,0.0
Escherichia coli c0e0c1c8-7bb8-11e9-a8d3-68b59976a384,562.98168,1.0,0.0,0.0,0.0,0.0,0.0,0.0,0.0,,0.0
Escherichia coli c0fa4918-7bb8-11e9-a8d3-68b59976a384,562.98295,0.0,0.0,0.0,0.0,0.0,0.0,0.0,0.0,,0.0
Escherichia coli c0fb0992-7bb9-11e9-a8d3-68b59976a384,562.1,1.0,0.0,0.0,0.0,1.0,0.0,0.0,0.0,0.0,1.0
Escherichia coli c115752a-7bb9-11e9-a8d3-68b59976a384,562.99998,1.0,0.0,0.0,0.0,1.0,0.0,0.0,1.0,0.0,1.0
Escherichia coli c117b2d2-7bb8-11e9-a8d3-68b59976a384,562.98568,0.0,0.0,0.0,0.0,0.0,0.0,,0.0,0.0,0.0
Escherichia coli c130494a-7bb9-11e9-a8d3-68b59976a384,562.100305,1.0,1.0,1.0,1.0,1.0,1.0,,1.0,0.0,1.0
Escherichia coli c1316434-7bb8-11e9-a8d3-68b59976a384,562.9898,0.0,0.0,0.0,0.0,0.0,0.0,0.0,0.0,0.0,0.0
Escherichia coli c14b1cde-7bb9-11e9-a8d3-68b59976a384,562.100306,1.0,,0.0,0.0,0.0,0.0,0.0,0.0,,0.0
Escherichia coli c14b3490-7bb8-11e9-a8d3-68b59976a384,562.98979,1.0,0.0,0.0,0.0,0.0,0.0,0.0,1.0,0.0,1.0
Escherichia coli c165407e-7bb8-11e9-a8d3-68b59976a384,562.98078,1.0,0.0,0.0,0.0,0.0,0.0,0.0,0.0,,1.0
Escherichia coli c1665986-7bb9-11e9-a8d3-68b59976a384,562.100308,1.0,0.0,0.0,0.0,0.0,0.0,0.0,0.0,0.0,0.0
Escherichia coli c1802786-7bb8-11e9-a8d3-68b59976a384,562.98301,0.0,0.0,0.0,0.0,0.0,0.0,0.0,0.0,,0.0
Escherichia coli c180afd4-7bb9-11e9-a8d3-68b59976a384,562.99024,0.0,,0.0,0.0,0.0,0.0,0.0,0.0,,0.0
Escherichia coli c199c402-7bb8-11e9-a8d3-68b59976a384,562.9804,0.0,0.0,0.0,,0.0,0.0,0.0,0.0,,0.0
Escherichia coli c19ac928-7bb9-11e9-a8d3-68b59976a384,562.99999,1.0,0.0,0.0,0.0,0.0,1.0,0.0,0.0,0.0,1.0
Escherichia coli c1b3dfa4-7bb8-11e9-a8d3-68b59976a384,562.98163,0.0,0.0,0.0,0.0,0.0,0.0,0.0,0.0,,0.0
Escherichia coli c1b4da3e-7bb9-11e9-a8d3-68b59976a384,562.100003,0.0,0.0,0.0,,0.0,0.0,0.0,0.0,,0.0
Escherichia coli c1cf84e8-7bb8-11e9-a8d3-68b59976a384,562.98286,0.0,0.0,0.0,0.0,0.0,0.0,0.0,0.0,,0.0
Escherichia coli c1cf9a18-7bb9-11e9-a8d3-68b59976a384,562.100004,0.0,0.0,0.0,0.0,0.0,1.0,0.0,0.0,0.0,0.0
Escherichia coli c1e96df8-7bb9-11e9-a8d3-68b59976a384,562.100005,1.0,0.0,0.0,0.0,0.0,0.0,0.0,0.0,,0.0
Escherichia coli c1e98b36-7bb8-11e9-a8d3-68b59976a384,562.98562,0.0,0.0,0.0,0.0,0.0,0.0,,0.0,0.0,0.0
Escherichia coli c202d7fc-7bb9-11e9-a8d3-68b59976a384,562.100307,0.0,0.0,0.0,0.0,0.0,0.0,0.0,0.0,0.0,0.0
Escherichia coli c206ae96-7bb8-11e9-a8d3-68b59976a384,562.98977,0.0,0.0,0.0,0.0,0.0,0.0,0.0,0.0,0.0,0.0
Escherichia coli c21c6ef6-7bb9-11e9-a8d3-68b59976a384,562.100281,1.0,0.0,0.0,0.0,0.0,0.0,0.0,1.0,0.0,0.0
Escherichia coli c22a1b6a-7bb8-11e9-a8d3-68b59976a384,562.98976,0.0,0.0,0.0,0.0,0.0,0.0,0.0,0.0,0.0,0.0
Escherichia coli c2355e0c-7bb9-11e9-a8d3-68b59976a384,562.100284,1.0,0.0,0.0,0.0,0.0,0.0,0.0,0.0,0.0,1.0
Escherichia coli c243981a-7bb8-11e9-a8d3-68b59976a384,562.99406,1.0,1.0,0.0,0.0,1.0,0.0,0.0,0.0,0.0,0.0
Escherichia coli c24f7e72-7bb9-11e9-a8d3-68b59976a384,562.99028,0.0,0.0,0.0,0.0,0.0,0.0,0.0,0.0,,0.0
Escherichia coli c25c0eae-7bb8-11e9-a8d3-68b59976a384,562.99915,0.0,0.0,0.0,0.0,0.0,0.0,0.0,0.0,0.0,0.0
Escherichia coli c268e9d4-7bb9-11e9-a8d3-68b59976a384,562.99969,0.0,0.0,0.0,0.0,0.0,0.0,0.0,0.0,0.0,0.0
Escherichia coli c27523f8-7bb8-11e9-a8d3-68b59976a384,562.100571,1.0,0.0,0.0,0.0,0.0,0.0,0.0,0.0,0.0,0.0
Escherichia coli c28280d8-7bb9-11e9-a8d3-68b59976a384,562.9997,1.0,1.0,1.0,1.0,1.0,1.0,0.0,0.0,0.0,1.0
Escherichia coli c29d38b0-7bb9-11e9-a8d3-68b59976a384,562.99972,0.0,0.0,0.0,0.0,0.0,0.0,,0.0,0.0,0.0
Escherichia coli c2a895f8-7bb8-11e9-a8d3-68b59976a384,562.992,1.0,0.0,1.0,1.0,0.0,0.0,0.0,1.0,0.0,0.0
Escherichia coli c2b71c62-7bb9-11e9-a8d3-68b59976a384,562.99973,1.0,0.0,0.0,0.0,0.0,1.0,0.0,1.0,0.0,1.0
Escherichia coli c2c2f1aa-7bb8-11e9-a8d3-68b59976a384,562.99419,0.0,0.0,0.0,0.0,0.0,1.0,0.0,0.0,0.0,1.0
Escherichia coli c2d0d864-7bb9-11e9-a8d3-68b59976a384,562.100285,1.0,0.0,0.0,0.0,0.0,0.0,0.0,0.0,0.0,0.0
Escherichia coli c2dccbac-7bb8-11e9-a8d3-68b59976a384,562.99425,0.0,0.0,0.0,0.0,0.0,1.0,0.0,0.0,0.0,0.0
Escherichia coli c2ea800c-7bb9-11e9-a8d3-68b59976a384,562.100283,1.0,0.0,0.0,0.0,0.0,0.0,0.0,0.0,0.0,0.0
Escherichia coli c2f61e5e-7bb8-11e9-a8d3-68b59976a384,562.99201,1.0,0.0,0.0,0.0,0.0,0.0,0.0,0.0,0.0,1.0
Escherichia coli c3045608-7bb9-11e9-a8d3-68b59976a384,562.100604,0.0,0.0,0.0,0.0,0.0,0.0,0.0,0.0,0.0,0.0
Escherichia coli c30fc214-7bb8-11e9-a8d3-68b59976a384,562.99422,1.0,1.0,1.0,0.0,0.0,0.0,0.0,0.0,0.0,0.0
Escherichia coli c31de258-7bb9-11e9-a8d3-68b59976a384,562.99023,0.0,0.0,0.0,0.0,0.0,1.0,0.0,0.0,0.0,1.0
Escherichia coli c3292b82-7bb8-11e9-a8d3-68b59976a384,562.99916,0.0,0.0,0.0,0.0,0.0,0.0,0.0,0.0,0.0,0.0
Escherichia coli c33745e0-7bb9-11e9-a8d3-68b59976a384,562.99974,1.0,0.0,0.0,0.0,0.0,0.0,0.0,0.0,0.0,1.0
Escherichia coli c342f080-7bb8-11e9-a8d3-68b59976a384,562.100573,0.0,0.0,0.0,0.0,0.0,0.0,0.0,0.0,0.0,0.0
Escherichia coli c3519224-7bb9-11e9-a8d3-68b59976a384,562.99975,0.0,0.0,0.0,0.0,0.0,0.0,0.0,0.0,0.0,0.0
Escherichia coli c35f6f3a-7bb8-11e9-a8d3-68b59976a384,562.99198,0.0,0.0,0.0,0.0,0.0,0.0,0.0,0.0,0.0,0.0
Escherichia coli c36b3e68-7bb9-11e9-a8d3-68b59976a384,562.99976,1.0,0.0,0.0,1.0,1.0,0.0,0.0,0.0,0.0,0.0
Escherichia coli c379955e-7bb8-11e9-a8d3-68b59976a384,562.99202,1.0,0.0,0.0,0.0,0.0,0.0,0.0,1.0,0.0,1.0
Escherichia coli c384fdd0-7bb9-11e9-a8d3-68b59976a384,562.99977,1.0,0.0,0.0,0.0,0.0,0.0,0.0,0.0,0.0,0.0
Escherichia coli c3926bec-7bb8-11e9-a8d3-68b59976a384,562.99423,1.0,0.0,0.0,0.0,1.0,1.0,0.0,1.0,0.0,1.0
Escherichia coli c39ed520-7bb9-11e9-a8d3-68b59976a384,562.100282,1.0,0.0,0.0,0.0,0.0,0.0,0.0,0.0,0.0,1.0
Escherichia coli c3abda1e-7bb8-11e9-a8d3-68b59976a384,562.99405,0.0,0.0,0.0,0.0,0.0,1.0,0.0,0.0,0.0,0.0
Escherichia coli c3b871f6-7bb9-11e9-a8d3-68b59976a384,562.100286,0.0,,0.0,0.0,0.0,0.0,0.0,0.0,,0.0
Escherichia coli c3d1f90a-7bb9-11e9-a8d3-68b59976a384,562.100606,0.0,,0.0,0.0,0.0,0.0,0.0,0.0,,0.0
Escherichia coli c3df60c8-7bb8-11e9-a8d3-68b59976a384,562.99669,0.0,0.0,0.0,0.0,0.0,0.0,0.0,0.0,0.0,0.0
Escherichia coli c3ec1b00-7bb9-11e9-a8d3-68b59976a384,562.99729,1.0,1.0,0.0,1.0,0.0,0.0,0.0,0.0,0.0,1.0
Escherichia coli c3f87d24-7bb8-11e9-a8d3-68b59976a384,562.99917,0.0,0.0,0.0,0.0,0.0,0.0,0.0,0.0,0.0,0.0
Escherichia coli c4069df4-7bb9-11e9-a8d3-68b59976a384,562.99979,1.0,,0.0,0.0,0.0,0.0,0.0,0.0,,1.0
Escherichia coli c41257ee-7bb8-11e9-a8d3-68b59976a384,562.100572,0.0,0.0,0.0,0.0,0.0,0.0,0.0,0.0,0.0,0.0
Escherichia coli c4209880-7bb9-11e9-a8d3-68b59976a384,562.9998,1.0,0.0,0.0,0.0,0.0,0.0,0.0,0.0,0.0,1.0
Escherichia coli c42c66e8-7bb8-11e9-a8d3-68b59976a384,562.99205,0.0,0.0,0.0,0.0,0.0,0.0,0.0,0.0,0.0,0.0
Escherichia coli c43a3af6-7bb9-11e9-a8d3-68b59976a384,562.99978,1.0,0.0,0.0,1.0,1.0,0.0,0.0,1.0,0.0,1.0
Escherichia coli c445eca8-7bb8-11e9-a8d3-68b59976a384,562.99203,1.0,0.0,0.0,0.0,0.0,0.0,0.0,0.0,0.0,0.0
Escherichia coli c454675a-7bb9-11e9-a8d3-68b59976a384,562.100287,0.0,0.0,0.0,,0.0,0.0,0.0,0.0,,0.0
Escherichia coli c46042ec-7bb8-11e9-a8d3-68b59976a384,562.9942,1.0,0.0,0.0,0.0,0.0,0.0,0.0,1.0,0.0,1.0
Escherichia coli c46e8e32-7bb9-11e9-a8d3-68b59976a384,562.100288,0.0,0.0,0.0,0.0,0.0,0.0,0.0,0.0,,0.0
Escherichia coli c479f9c6-7bb8-11e9-a8d3-68b59976a384,562.99415,0.0,0.0,0.0,0.0,0.0,1.0,0.0,0.0,0.0,0.0
Escherichia coli c4886a82-7bb9-11e9-a8d3-68b59976a384,562.100289,0.0,0.0,0.0,0.0,0.0,0.0,0.0,0.0,,0.0
Escherichia coli c4948962-7bb8-11e9-a8d3-68b59976a384,562.99204,0.0,0.0,0.0,0.0,0.0,0.0,0.0,0.0,0.0,0.0
Escherichia coli c4a1a916-7bb9-11e9-a8d3-68b59976a384,562.100605,1.0,0.0,0.0,0.0,0.0,0.0,0.0,0.0,0.0,1.0
Escherichia coli c4addfb6-7bb8-11e9-a8d3-68b59976a384,562.99674,1.0,0.0,0.0,0.0,0.0,0.0,0.0,0.0,0.0,0.0
Escherichia coli c4bbe484-7bb9-11e9-a8d3-68b59976a384,562.99728,1.0,0.0,0.0,0.0,0.0,0.0,0.0,0.0,0.0,0.0
Escherichia coli c4c735ce-7bb8-11e9-a8d3-68b59976a384,562.100232,1.0,0.0,0.0,0.0,1.0,1.0,0.0,0.0,0.0,0.0
Escherichia coli c4d5ba30-7bb9-11e9-a8d3-68b59976a384,562.99983,0.0,0.0,0.0,0.0,0.0,1.0,0.0,0.0,0.0,0.0
Escherichia coli c4e10094-7bb8-11e9-a8d3-68b59976a384,562.100619,0.0,0.0,0.0,,0.0,0.0,0.0,0.0,0.0,0.0
Escherichia coli c4ef77b8-7bb9-11e9-a8d3-68b59976a384,562.99981,0.0,0.0,0.0,0.0,0.0,0.0,,0.0,0.0,0.0
Escherichia coli c4faf2ce-7bb8-11e9-a8d3-68b59976a384,562.99049,0.0,0.0,0.0,0.0,0.0,0.0,0.0,0.0,0.0,0.0
Escherichia coli c5090db8-7bb9-11e9-a8d3-68b59976a384,562.99982,1.0,0.0,0.0,0.0,0.0,0.0,0.0,0.0,0.0,0.0
Escherichia coli c515fd3a-7bb8-11e9-a8d3-68b59976a384,562.99048,1.0,1.0,1.0,1.0,1.0,0.0,0.0,0.0,0.0,1.0
Escherichia coli c52ff654-7bb8-11e9-a8d3-68b59976a384,562.99277,0.0,0.0,0.0,0.0,0.0,1.0,0.0,0.0,0.0,0.0
Escherichia coli c53ff29c-7bb9-11e9-a8d3-68b59976a384,562.10029,1.0,0.0,0.0,0.0,0.0,0.0,0.0,0.0,0.0,0.0
Escherichia coli c549ce94-7bb8-11e9-a8d3-68b59976a384,562.99276,1.0,0.0,0.0,0.0,0.0,1.0,0.0,0.0,0.0,0.0
Escherichia coli c563f436-7bb8-11e9-a8d3-68b59976a384,562.99034,0.0,0.0,0.0,0.0,0.0,0.0,0.0,0.0,0.0,0.0
Escherichia coli c57dd02c-7bb8-11e9-a8d3-68b59976a384,562.99509,0.0,0.0,0.0,0.0,0.0,0.0,0.0,0.0,0.0,0.0
Escherichia coli c596f7a0-7bb8-11e9-a8d3-68b59976a384,562.100034,1.0,0.0,0.0,0.0,0.0,0.0,0.0,0.0,0.0,0.0
Escherichia coli c5b03b8e-7bb8-11e9-a8d3-68b59976a384,562.100618,1.0,0.0,0.0,,0.0,0.0,0.0,0.0,0.0,1.0
Escherichia coli c5b74be4-7bb9-11e9-a8d3-68b59976a384,562.100291,1.0,0.0,0.0,0.0,1.0,0.0,0.0,0.0,0.0,0.0
Escherichia coli c5ca15ae-7bb8-11e9-a8d3-68b59976a384,562.99052,1.0,0.0,0.0,0.0,0.0,0.0,0.0,0.0,0.0,1.0
Escherichia coli c5e5095e-7bb8-11e9-a8d3-68b59976a384,562.99051,0.0,0.0,0.0,0.0,0.0,0.0,0.0,0.0,0.0,0.0
Escherichia coli c5fbccf6-7bb9-11e9-a8d3-68b59976a384,562.100608,1.0,0.0,0.0,,0.0,0.0,0.0,0.0,0.0,1.0
Escherichia coli c600ceaa-7bb8-11e9-a8d3-68b59976a384,562.99278,0.0,0.0,0.0,0.0,0.0,0.0,0.0,0.0,0.0,0.0
Escherichia coli c61b386c-7bb8-11e9-a8d3-68b59976a384,562.99281,0.0,0.0,0.0,0.0,0.0,1.0,0.0,0.0,0.0,0.0
Escherichia coli c623de6c-7bb9-11e9-a8d3-68b59976a384,562.9973,0.0,0.0,0.0,0.0,0.0,0.0,0.0,0.0,0.0,1.0
Escherichia coli c635428e-7bb8-11e9-a8d3-68b59976a384,562.9905,1.0,0.0,0.0,0.0,0.0,0.0,0.0,0.0,0.0,1.0
Escherichia coli c63f4256-7bb9-11e9-a8d3-68b59976a384,562.99984,0.0,0.0,0.0,0.0,0.0,0.0,0.0,0.0,0.0,0.0
Escherichia coli c64ece20-7bb8-11e9-a8d3-68b59976a384,562.99517,0.0,0.0,0.0,0.0,0.0,0.0,0.0,0.0,0.0,0.0
Escherichia coli c65a5faa-7bb9-11e9-a8d3-68b59976a384,562.99987,0.0,0.0,0.0,0.0,0.0,1.0,0.0,0.0,0.0,0.0
Escherichia coli c668ac1e-7bb8-11e9-a8d3-68b59976a384,562.100033,0.0,0.0,0.0,0.0,0.0,0.0,0.0,0.0,0.0,1.0
Escherichia coli c674f6d0-7bb9-11e9-a8d3-68b59976a384,562.99985,1.0,1.0,1.0,,1.0,0.0,0.0,1.0,0.0,1.0
Escherichia coli c683339a-7bb8-11e9-a8d3-68b59976a384,562.100616,0.0,0.0,0.0,,0.0,0.0,0.0,0.0,0.0,0.0
Escherichia coli c6901d5c-7bb9-11e9-a8d3-68b59976a384,562.100292,0.0,0.0,0.0,0.0,0.0,0.0,0.0,0.0,0.0,0.0
Escherichia coli c69e45f4-7bb8-11e9-a8d3-68b59976a384,562.99054,1.0,0.0,0.0,0.0,0.0,0.0,0.0,0.0,0.0,0.0
Escherichia coli c6c22230-7bb8-11e9-a8d3-68b59976a384,562.99275,0.0,0.0,0.0,0.0,0.0,0.0,0.0,0.0,0.0,0.0
Escherichia coli c6c77338-7bb9-11e9-a8d3-68b59976a384,562.100293,0.0,0.0,0.0,0.0,0.0,0.0,0.0,0.0,0.0,0.0
Escherichia coli c6dccdc4-7bb8-11e9-a8d3-68b59976a384,562.99271,1.0,1.0,1.0,1.0,1.0,1.0,0.0,0.0,0.0,0.0
Escherichia coli c6e29046-7bb9-11e9-a8d3-68b59976a384,562.100607,0.0,0.0,0.0,0.0,0.0,0.0,,0.0,0.0,0.0
Escherichia coli c6fd463e-7bb9-11e9-a8d3-68b59976a384,562.99731,0.0,,0.0,0.0,0.0,0.0,0.0,0.0,,0.0
Escherichia coli c6fd89ba-7bb8-11e9-a8d3-68b59976a384,562.9952,1.0,0.0,0.0,0.0,1.0,0.0,0.0,1.0,0.0,1.0
Escherichia coli c717ca50-7bb8-11e9-a8d3-68b59976a384,562.99264,1.0,1.0,0.0,0.0,0.0,0.0,0.0,0.0,0.0,1.0
Escherichia coli c7203964-7bb9-11e9-a8d3-68b59976a384,562.99986,0.0,0.0,0.0,0.0,0.0,0.0,0.0,0.0,0.0,0.0
Escherichia coli c731b7da-7bb8-11e9-a8d3-68b59976a384,562.99521,0.0,0.0,0.0,0.0,0.0,0.0,0.0,0.0,0.0,0.0
Escherichia coli c73b5f82-7bb9-11e9-a8d3-68b59976a384,562.99989,0.0,0.0,0.0,0.0,0.0,0.0,0.0,0.0,,0.0
Escherichia coli c74bd44e-7bb8-11e9-a8d3-68b59976a384,562.100032,1.0,0.0,0.0,0.0,0.0,0.0,0.0,0.0,0.0,0.0
Escherichia coli c7558ede-7bb9-11e9-a8d3-68b59976a384,562.99988,0.0,0.0,0.0,,0.0,0.0,0.0,0.0,,0.0
Escherichia coli c76610f2-7bb8-11e9-a8d3-68b59976a384,562.100621,0.0,0.0,0.0,,0.0,0.0,0.0,0.0,0.0,0.0
Escherichia coli c770b09c-7bb9-11e9-a8d3-68b59976a384,562.100295,1.0,0.0,0.0,0.0,0.0,0.0,0.0,0.0,0.0,1.0
Escherichia coli c7802c3a-7bb8-11e9-a8d3-68b59976a384,562.99058,1.0,0.0,0.0,0.0,0.0,0.0,0.0,0.0,0.0,0.0
Escherichia coli c78a714e-7bb9-11e9-a8d3-68b59976a384,562.100296,0.0,0.0,0.0,0.0,0.0,0.0,0.0,0.0,,0.0
Escherichia coli c7996772-7bb8-11e9-a8d3-68b59976a384,562.9928,0.0,0.0,0.0,0.0,0.0,0.0,0.0,0.0,0.0,0.0
Escherichia coli c7a52afc-7bb9-11e9-a8d3-68b59976a384,562.100294,0.0,0.0,0.0,0.0,0.0,0.0,0.0,0.0,,0.0
Escherichia coli c7b37842-7bb8-11e9-a8d3-68b59976a384,562.99283,0.0,0.0,0.0,0.0,0.0,0.0,0.0,0.0,0.0,1.0
Escherichia coli c7c07276-7bb9-11e9-a8d3-68b59976a384,562.100609,0.0,0.0,0.0,0.0,0.0,1.0,0.0,0.0,0.0,1.0
Escherichia coli c7ce2408-7bb8-11e9-a8d3-68b59976a384,562.99524,0.0,0.0,0.0,0.0,0.0,0.0,0.0,0.0,0.0,0.0
Escherichia coli c7dc098c-7bb9-11e9-a8d3-68b59976a384,562.99732,0.0,0.0,0.0,0.0,0.0,0.0,,0.0,0.0,0.0
Escherichia coli c7e7a61c-7bb8-11e9-a8d3-68b59976a384,562.99254,1.0,1.0,1.0,0.0,0.0,0.0,0.0,0.0,0.0,1.0
Escherichia coli c7f8f86c-7bb9-11e9-a8d3-68b59976a384,562.9999,0.0,0.0,0.0,0.0,0.0,0.0,0.0,0.0,0.0,0.0
Escherichia coli c802d4b4-7bb8-11e9-a8d3-68b59976a384,562.99523,1.0,0.0,0.0,0.0,0.0,0.0,0.0,0.0,0.0,0.0
Escherichia coli c8135fcc-7bb9-11e9-a8d3-68b59976a384,562.99991,0.0,0.0,0.0,0.0,0.0,0.0,0.0,0.0,0.0,0.0
Escherichia coli c81d1e6e-7bb8-11e9-a8d3-68b59976a384,562.100035,0.0,0.0,0.0,0.0,0.0,0.0,0.0,0.0,0.0,0.0
Escherichia coli c82f5876-7bb9-11e9-a8d3-68b59976a384,562.99992,0.0,0.0,0.0,0.0,0.0,0.0,0.0,0.0,0.0,0.0
Escherichia coli c83613d8-7bb8-11e9-a8d3-68b59976a384,562.100622,0.0,0.0,0.0,,1.0,0.0,0.0,0.0,0.0,0.0
Escherichia coli c84a15ee-7bb9-11e9-a8d3-68b59976a384,562.100297,0.0,0.0,0.0,0.0,0.0,0.0,0.0,0.0,0.0,0.0
Escherichia coli c84ed9a4-7bb8-11e9-a8d3-68b59976a384,562.99061,0.0,0.0,0.0,0.0,0.0,0.0,0.0,0.0,0.0,0.0
Escherichia coli c863f946-7bb9-11e9-a8d3-68b59976a384,562.100298,0.0,0.0,0.0,0.0,0.0,0.0,0.0,0.0,0.0,0.0
Escherichia coli c8826846-7bb8-11e9-a8d3-68b59976a384,562.99286,0.0,0.0,0.0,0.0,0.0,1.0,0.0,0.0,0.0,0.0
Escherichia coli c89ca576-7bb8-11e9-a8d3-68b59976a384,562.99525,0.0,0.0,0.0,1.0,1.0,0.0,0.0,0.0,0.0,0.0
Escherichia coli c8a94050-7bb9-11e9-a8d3-68b59976a384,562.100299,0.0,0.0,0.0,0.0,0.0,0.0,0.0,0.0,0.0,0.0
Escherichia coli c8b6e5d0-7bb8-11e9-a8d3-68b59976a384,562.99285,0.0,0.0,0.0,0.0,0.0,0.0,0.0,0.0,0.0,0.0
Escherichia coli c8d2e410-7bb8-11e9-a8d3-68b59976a384,562.99783,1.0,0.0,0.0,0.0,0.0,0.0,0.0,0.0,0.0,1.0
Escherichia coli c8ed9b2a-7bb8-11e9-a8d3-68b59976a384,562.100309,0.0,0.0,0.0,0.0,0.0,0.0,0.0,0.0,0.0,0.0
Escherichia coli c8f85de8-7bb9-11e9-a8d3-68b59976a384,562.10061,0.0,0.0,0.0,1.0,0.0,0.0,0.0,0.0,0.0,0.0
Escherichia coli c90ab9da-7bb8-11e9-a8d3-68b59976a384,562.100623,0.0,0.0,0.0,,0.0,0.0,0.0,0.0,0.0,0.0
Escherichia coli c9260e7e-7bb8-11e9-a8d3-68b59976a384,562.9906,1.0,0.0,0.0,0.0,0.0,0.0,0.0,0.0,0.0,1.0
Escherichia coli c93dc45a-7bb9-11e9-a8d3-68b59976a384,562.99734,0.0,0.0,0.0,0.0,0.0,0.0,0.0,0.0,0.0,0.0
Escherichia coli c95bd338-7bb8-11e9-a8d3-68b59976a384,562.99289,0.0,0.0,0.0,0.0,0.0,1.0,0.0,0.0,0.0,0.0
Escherichia coli c9779726-7bb8-11e9-a8d3-68b59976a384,562.99535,0.0,0.0,0.0,0.0,0.0,0.0,0.0,0.0,0.0,0.0
Escherichia coli c985dea2-7bb9-11e9-a8d3-68b59976a384,562.99994,1.0,0.0,0.0,0.0,0.0,0.0,0.0,0.0,,1.0
Escherichia coli c9938404-7bb8-11e9-a8d3-68b59976a384,562.99294,0.0,0.0,0.0,0.0,0.0,0.0,0.0,0.0,0.0,0.0
Escherichia coli c9a16d7a-7bb9-11e9-a8d3-68b59976a384,562.99993,1.0,0.0,0.0,0.0,1.0,0.0,0.0,1.0,0.0,1.0
Escherichia coli c9b1a1e6-7bb8-11e9-a8d3-68b59976a384,562.99786,1.0,0.0,0.0,0.0,0.0,0.0,0.0,0.0,0.0,1.0
Escherichia coli c9bcbf12-7bb9-11e9-a8d3-68b59976a384,562.99996,1.0,0.0,0.0,,0.0,0.0,0.0,0.0,,0.0
Escherichia coli c9cd4cca-7bb8-11e9-a8d3-68b59976a384,562.100315,0.0,0.0,0.0,0.0,0.0,0.0,0.0,0.0,0.0,0.0
Escherichia coli c9d7a3d6-7bb9-11e9-a8d3-68b59976a384,562.100303,1.0,0.0,0.0,0.0,0.0,0.0,0.0,0.0,0.0,1.0
Escherichia coli c9f29b96-7bb9-11e9-a8d3-68b59976a384,562.100302,0.0,0.0,0.0,0.0,0.0,0.0,0.0,0.0,0.0,0.0
Escherichia coli ca02a028-7bb8-11e9-a8d3-68b59976a384,562.99055,0.0,0.0,0.0,0.0,0.0,0.0,0.0,0.0,0.0,0.0
Escherichia coli ca0df1de-7bb9-11e9-a8d3-68b59976a384,562.100304,0.0,0.0,0.0,0.0,0.0,0.0,0.0,0.0,,0.0
Escherichia coli ca3817ee-7bb8-11e9-a8d3-68b59976a384,562.9927,0.0,0.0,0.0,0.0,0.0,1.0,0.0,0.0,0.0,0.0
Escherichia coli ca439456-7bb9-11e9-a8d3-68b59976a384,562.99735,1.0,0.0,0.0,0.0,0.0,1.0,0.0,0.0,0.0,1.0
Escherichia coli ca53e8c0-7bb8-11e9-a8d3-68b59976a384,562.99531,1.0,0.0,0.0,0.0,0.0,0.0,0.0,0.0,0.0,0.0
Escherichia coli ca5ecd2a-7bb9-11e9-a8d3-68b59976a384,562.99995,0.0,0.0,0.0,0.0,0.0,1.0,0.0,0.0,0.0,0.0
Escherichia coli ca6fb67c-7bb8-11e9-a8d3-68b59976a384,562.99274,0.0,1.0,1.0,0.0,0.0,0.0,0.0,0.0,0.0,0.0
Escherichia coli ca7bc2ea-7bb9-11e9-a8d3-68b59976a384,562.100001,1.0,1.0,0.0,0.0,0.0,0.0,0.0,0.0,0.0,1.0
Escherichia coli ca8b43b0-7bb8-11e9-a8d3-68b59976a384,562.99768,0.0,0.0,0.0,0.0,0.0,0.0,0.0,0.0,0.0,0.0
Escherichia coli ca96892c-7bb9-11e9-a8d3-68b59976a384,562.100002,1.0,0.0,0.0,0.0,0.0,0.0,,0.0,0.0,1.0
Escherichia coli caa6eeee-7bb8-11e9-a8d3-68b59976a384,562.100314,0.0,0.0,0.0,0.0,0.0,0.0,0.0,0.0,0.0,0.0
Escherichia coli cab2b048-7bb9-11e9-a8d3-68b59976a384,562.1003,1.0,1.0,1.0,0.0,0.0,0.0,0.0,0.0,0.0,1.0
Escherichia coli cac573c8-7bb8-11e9-a8d3-68b59976a384,562.10062,0.0,0.0,0.0,,0.0,0.0,0.0,0.0,0.0,0.0
Escherichia coli cacdeea8-7bb9-11e9-a8d3-68b59976a384,562.100301,0.0,0.0,0.0,0.0,0.0,0.0,0.0,0.0,0.0,0.0
Escherichia coli cae0628c-7bb8-11e9-a8d3-68b59976a384,562.99053,1.0,0.0,0.0,0.0,0.0,0.0,0.0,0.0,0.0,0.0
Escherichia coli caed1468-7bb9-11e9-a8d3-68b59976a384,562.100207,1.0,0.0,0.0,0.0,0.0,0.0,0.0,0.0,0.0,1.0
Escherichia coli cb07f05e-7bb8-11e9-a8d3-68b59976a384,562.99284,0.0,0.0,0.0,0.0,0.0,1.0,0.0,0.0,0.0,0.0
Escherichia coli cb2d4a9c-7bb9-11e9-a8d3-68b59976a384,562.100522,0.0,0.0,0.0,0.0,0.0,0.0,0.0,0.0,0.0,0.0
Escherichia coli cb3ae8dc-7bb9-11e9-a8d3-68b59976a384,562.99657,0.0,0.0,0.0,0.0,0.0,0.0,0.0,0.0,0.0,0.0
Escherichia coli cb49638a-7bb9-11e9-a8d3-68b59976a384,562.99912,1.0,0.0,0.0,0.0,0.0,0.0,0.0,0.0,0.0,0.0
Escherichia coli cb59f448-7bb9-11e9-a8d3-68b59976a384,562.99911,1.0,0.0,0.0,0.0,0.0,0.0,0.0,0.0,0.0,1.0
Escherichia coli cb6acb74-7bb9-11e9-a8d3-68b59976a384,562.99914,0.0,0.0,0.0,0.0,0.0,0.0,0.0,0.0,0.0,0.0
Escherichia coli cb7be21a-7bb9-11e9-a8d3-68b59976a384,562.10021,0.0,0.0,0.0,0.0,0.0,0.0,0.0,0.0,0.0,0.0
Escherichia coli cb8a2e98-7bb8-11e9-a8d3-68b59976a384,562.99287,0.0,0.0,0.0,0.0,0.0,1.0,0.0,0.0,0.0,0.0
Escherichia coli cb8de866-7bb9-11e9-a8d3-68b59976a384,562.100213,0.0,0.0,0.0,0.0,0.0,0.0,0.0,0.0,0.0,0.0
Escherichia coli cb9b5466-7bb8-11e9-a8d3-68b59976a384,562.99527,1.0,0.0,0.0,0.0,0.0,0.0,0.0,0.0,0.0,1.0
Escherichia coli cba0756c-7bb9-11e9-a8d3-68b59976a384,562.100214,0.0,0.0,0.0,0.0,0.0,0.0,0.0,0.0,0.0,0.0
Escherichia coli cbb21100-7bb9-11e9-a8d3-68b59976a384,562.100529,0.0,0.0,0.0,0.0,0.0,0.0,0.0,0.0,0.0,0.0
Escherichia coli cbc488d0-7bb9-11e9-a8d3-68b59976a384,562.100532,0.0,0.0,0.0,0.0,1.0,0.0,0.0,0.0,0.0,0.0
Escherichia coli cbda701a-7bb8-11e9-a8d3-68b59976a384,562.99788,0.0,0.0,0.0,0.0,0.0,0.0,0.0,0.0,0.0,0.0
Escherichia coli cbda9ca6-7bb9-11e9-a8d3-68b59976a384,562.100534,0.0,0.0,0.0,0.0,0.0,0.0,0.0,0.0,0.0,0.0
Escherichia coli cbf14bb4-7bb8-11e9-a8d3-68b59976a384,562.100317,1.0,0.0,0.0,0.0,0.0,0.0,0.0,0.0,0.0,0.0
Escherichia coli cbf2411c-7bb9-11e9-a8d3-68b59976a384,562.100531,0.0,0.0,0.0,0.0,0.0,0.0,0.0,0.0,0.0,1.0
Escherichia coli cc0a5d3e-7bb8-11e9-a8d3-68b59976a384,562.100625,1.0,0.0,0.0,,0.0,0.0,0.0,0.0,0.0,1.0
Escherichia coli cc0c7e74-7bb9-11e9-a8d3-68b59976a384,562.100873,0.0,0.0,0.0,,0.0,0.0,0.0,0.0,0.0,0.0
Escherichia coli cc21136c-7bb8-11e9-a8d3-68b59976a384,562.99056,0.0,0.0,0.0,0.0,0.0,0.0,0.0,0.0,0.0,0.0
Escherichia coli cc26d274-7bb9-11e9-a8d3-68b59976a384,562.100874,0.0,0.0,0.0,,0.0,0.0,0.0,0.0,0.0,0.0
Escherichia coli cc36dd46-7bb8-11e9-a8d3-68b59976a384,562.99291,0.0,0.0,0.0,0.0,0.0,1.0,0.0,0.0,0.0,0.0
Escherichia coli cc418290-7bb9-11e9-a8d3-68b59976a384,562.98291,1.0,0.0,0.0,0.0,0.0,0.0,0.0,0.0,,1.0
Escherichia coli cc4c6e2c-7bb8-11e9-a8d3-68b59976a384,562.99292,0.0,0.0,0.0,0.0,0.0,1.0,0.0,0.0,0.0,0.0
Escherichia coli cc5c7d48-7bb9-11e9-a8d3-68b59976a384,562.99172,0.0,0.0,0.0,0.0,0.0,0.0,0.0,0.0,0.0,0.0
Escherichia coli cc60ba26-7bb8-11e9-a8d3-68b59976a384,562.99534,0.0,0.0,0.0,0.0,0.0,0.0,0.0,0.0,0.0,0.0
Escherichia coli cc776932-7bb9-11e9-a8d3-68b59976a384,562.99179,0.0,0.0,0.0,0.0,0.0,0.0,0.0,0.0,0.0,0.0
Escherichia coli cc77d36e-7bb8-11e9-a8d3-68b59976a384,562.99532,0.0,0.0,0.0,0.0,0.0,0.0,0.0,0.0,0.0,0.0
Escherichia coli cc8c5dc0-7bb8-11e9-a8d3-68b59976a384,562.9953,0.0,0.0,0.0,0.0,0.0,0.0,0.0,0.0,0.0,0.0
Escherichia coli cc91f496-7bb9-11e9-a8d3-68b59976a384,562.10054,1.0,0.0,0.0,0.0,1.0,0.0,0.0,0.0,0.0,1.0
Escherichia coli cca2012a-7bb8-11e9-a8d3-68b59976a384,562.9979,1.0,0.0,0.0,0.0,0.0,1.0,0.0,0.0,0.0,0.0
Escherichia coli ccadfd30-7bb9-11e9-a8d3-68b59976a384,562.100537,0.0,0.0,0.0,0.0,0.0,0.0,0.0,0.0,0.0,0.0
Escherichia coli ccb7f552-7bb8-11e9-a8d3-68b59976a384,562.9776,1.0,,0.0,0.0,0.0,0.0,0.0,0.0,,1.0
Escherichia coli ccc9333e-7bb9-11e9-a8d3-68b59976a384,562.100541,1.0,0.0,0.0,0.0,1.0,0.0,0.0,0.0,0.0,1.0
Escherichia coli ccce4f64-7bb8-11e9-a8d3-68b59976a384,562.97871,0.0,,0.0,0.0,0.0,0.0,0.0,0.0,,0.0
Escherichia coli cce888ca-7bb8-11e9-a8d3-68b59976a384,562.97979,1.0,0.0,0.0,,0.0,0.0,0.0,0.0,,1.0
Escherichia coli ccea3dcc-7bb9-11e9-a8d3-68b59976a384,562.100872,0.0,0.0,0.0,,0.0,0.0,0.0,0.0,0.0,0.0
Escherichia coli cd0326f8-7bb8-11e9-a8d3-68b59976a384,562.98087,1.0,0.0,0.0,0.0,1.0,0.0,0.0,0.0,,1.0
Escherichia coli cd1729b8-7bb9-11e9-a8d3-68b59976a384,562.100878,1.0,0.0,0.0,,0.0,0.0,0.0,0.0,0.0,0.0
Escherichia coli cd1d0dca-7bb8-11e9-a8d3-68b59976a384,562.98211,0.0,0.0,0.0,0.0,0.0,0.0,0.0,0.0,,0.0
Escherichia coli cd375914-7bb8-11e9-a8d3-68b59976a384,562.99515,0.0,0.0,0.0,0.0,0.0,0.0,0.0,0.0,0.0,0.0
Escherichia coli cd4f35f6-7bb9-11e9-a8d3-68b59976a384,562.98416,1.0,0.0,0.0,0.0,0.0,0.0,0.0,0.0,,0.0
Escherichia coli cd6d1b4e-7bb8-11e9-a8d3-68b59976a384,562.99769,0.0,0.0,0.0,0.0,0.0,1.0,0.0,0.0,0.0,0.0
Escherichia coli cd87c75a-7bb8-11e9-a8d3-68b59976a384,562.97765,0.0,,0.0,0.0,0.0,0.0,,0.0,,1.0
Escherichia coli cd88a0c0-7bb9-11e9-a8d3-68b59976a384,562.99171,1.0,1.0,0.0,1.0,1.0,1.0,0.0,0.0,0.0,1.0
Escherichia coli cda238a6-7bb8-11e9-a8d3-68b59976a384,562.97847,0.0,,0.0,0.0,0.0,0.0,0.0,0.0,,1.0
Escherichia coli cdc49658-7bb8-11e9-a8d3-68b59976a384,562.97953,0.0,0.0,0.0,,0.0,0.0,0.0,0.0,,0.0
Escherichia coli cdc76b48-7bb9-11e9-a8d3-68b59976a384,562.99195,0.0,0.0,0.0,0.0,0.0,0.0,0.0,0.0,0.0,0.0
Escherichia coli cddf2324-7bb8-11e9-a8d3-68b59976a384,562.98097,0.0,0.0,0.0,0.0,0.0,0.0,0.0,0.0,,0.0
Escherichia coli cde45d5c-7bb9-11e9-a8d3-68b59976a384,562.100545,1.0,0.0,0.0,0.0,0.0,0.0,0.0,0.0,0.0,1.0
Escherichia coli cdf9cf8a-7bb8-11e9-a8d3-68b59976a384,562.98203,0.0,0.0,0.0,0.0,0.0,0.0,0.0,0.0,,0.0
Escherichia coli ce066ffa-7bb9-11e9-a8d3-68b59976a384,562.100539,0.0,0.0,0.0,0.0,0.0,0.0,0.0,0.0,0.0,0.0
Escherichia coli ce140710-7bb8-11e9-a8d3-68b59976a384,562.99504,1.0,0.0,1.0,1.0,1.0,0.0,0.0,0.0,0.0,1.0
Escherichia coli ce24d4ae-7bb9-11e9-a8d3-68b59976a384,562.100876,0.0,0.0,0.0,,0.0,0.0,0.0,0.0,0.0,0.0
Escherichia coli ce3eb202-7bb9-11e9-a8d3-68b59976a384,562.100877,0.0,0.0,0.0,,0.0,0.0,0.0,0.0,0.0,0.0
Escherichia coli ce527c70-7bb8-11e9-a8d3-68b59976a384,562.99772,0.0,0.0,0.0,0.0,0.0,1.0,0.0,0.0,0.0,0.0
Escherichia coli ce5dd27c-7bb9-11e9-a8d3-68b59976a384,562.100882,0.0,0.0,0.0,,1.0,0.0,0.0,0.0,0.0,1.0
Escherichia coli ce701118-7bb8-11e9-a8d3-68b59976a384,562.97767,0.0,,0.0,0.0,0.0,0.0,0.0,0.0,,0.0
Escherichia coli ce78c802-7bb9-11e9-a8d3-68b59976a384,562.99176,0.0,0.0,0.0,0.0,0.0,0.0,0.0,0.0,0.0,0.0
Escherichia coli ce938a0c-7bb9-11e9-a8d3-68b59976a384,562.99175,0.0,0.0,0.0,0.0,0.0,0.0,0.0,0.0,0.0,0.0
Escherichia coli cec28230-7bb9-11e9-a8d3-68b59976a384,562.99414,0.0,0.0,1.0,0.0,0.0,1.0,0.0,0.0,0.0,0.0
Escherichia coli cec7e168-7bb8-11e9-a8d3-68b59976a384,562.98099,0.0,0.0,0.0,0.0,0.0,0.0,0.0,0.0,,0.0
Escherichia coli cede55f0-7bb9-11e9-a8d3-68b59976a384,562.100543,1.0,0.0,0.0,0.0,0.0,0.0,0.0,0.0,0.0,1.0
Escherichia coli cee3fb28-7bb8-11e9-a8d3-68b59976a384,562.98225,0.0,0.0,0.0,0.0,0.0,0.0,0.0,0.0,,0.0
Escherichia coli cef9f5ee-7bb9-11e9-a8d3-68b59976a384,562.100553,1.0,0.0,0.0,0.0,1.0,0.0,0.0,0.0,0.0,1.0
Escherichia coli cf0345e6-7bb8-11e9-a8d3-68b59976a384,562.99508,0.0,0.0,0.0,0.0,0.0,0.0,0.0,0.0,0.0,0.0
Escherichia coli cf157d46-7bb9-11e9-a8d3-68b59976a384,562.10088,1.0,0.0,0.0,,1.0,0.0,0.0,0.0,0.0,0.0
Escherichia coli cf1f83c8-7bb8-11e9-a8d3-68b59976a384,562.9977,0.0,0.0,0.0,0.0,0.0,0.0,0.0,0.0,0.0,0.0
Escherichia coli cf30e644-7bb9-11e9-a8d3-68b59976a384,562.100879,0.0,0.0,0.0,,0.0,0.0,0.0,0.0,0.0,0.0
Escherichia coli cf3ba5b2-7bb8-11e9-a8d3-68b59976a384,562.99774,0.0,0.0,0.0,0.0,0.0,0.0,0.0,0.0,0.0,0.0
Escherichia coli cf4ce2b8-7bb9-11e9-a8d3-68b59976a384,562.100884,1.0,0.0,0.0,,0.0,0.0,0.0,0.0,0.0,0.0
Escherichia coli cf58c6b0-7bb8-11e9-a8d3-68b59976a384,562.97768,0.0,,0.0,0.0,0.0,0.0,0.0,0.0,,0.0
Escherichia coli cf678960-7bb9-11e9-a8d3-68b59976a384,562.99187,1.0,0.0,0.0,0.0,0.0,0.0,0.0,1.0,0.0,0.0
Escherichia coli cf73990e-7bb8-11e9-a8d3-68b59976a384,562.97852,1.0,,0.0,0.0,0.0,0.0,0.0,0.0,,0.0
Escherichia coli cf82a6e6-7bb9-11e9-a8d3-68b59976a384,562.99193,0.0,0.0,0.0,0.0,0.0,0.0,0.0,0.0,0.0,0.0
Escherichia coli cf8d3350-7bb8-11e9-a8d3-68b59976a384,562.9794,0.0,0.0,0.0,,0.0,0.0,0.0,0.0,,0.0
Escherichia coli cf9ed76c-7bb9-11e9-a8d3-68b59976a384,562.99411,0.0,0.0,0.0,0.0,0.0,1.0,0.0,0.0,0.0,0.0
Escherichia coli cfa749b6-7bb8-11e9-a8d3-68b59976a384,562.98102,1.0,0.0,0.0,0.0,0.0,0.0,0.0,0.0,,0.0
Escherichia coli cfbb06a8-7bb9-11e9-a8d3-68b59976a384,562.100548,0.0,0.0,0.0,0.0,0.0,0.0,0.0,0.0,0.0,0.0
Escherichia coli cfc1d1aa-7bb8-11e9-a8d3-68b59976a384,562.98223,1.0,0.0,0.0,0.0,0.0,0.0,0.0,1.0,,1.0
Escherichia coli cfd90996-7bb9-11e9-a8d3-68b59976a384,562.100555,1.0,1.0,1.0,1.0,1.0,0.0,0.0,0.0,0.0,1.0
Escherichia coli cfdc78e8-7bb8-11e9-a8d3-68b59976a384,562.99507,1.0,0.0,0.0,0.0,1.0,1.0,0.0,1.0,0.0,1.0
Escherichia coli cff4bc40-7bb9-11e9-a8d3-68b59976a384,562.100888,0.0,0.0,0.0,,0.0,0.0,0.0,0.0,0.0,0.0
Escherichia coli cffb363e-7bb8-11e9-a8d3-68b59976a384,562.99775,0.0,0.0,0.0,0.0,0.0,0.0,0.0,0.0,0.0,0.0
Escherichia coli d010f0f4-7bb9-11e9-a8d3-68b59976a384,562.100889,0.0,0.0,0.0,,1.0,0.0,0.0,0.0,0.0,0.0
Escherichia coli d0198170-7bb8-11e9-a8d3-68b59976a384,562.99778,0.0,0.0,0.0,0.0,0.0,0.0,0.0,0.0,0.0,1.0
Escherichia coli d02ce606-7bb9-11e9-a8d3-68b59976a384,562.10089,1.0,0.0,0.0,,0.0,0.0,0.0,0.0,0.0,0.0
Escherichia coli d03813ce-7bb8-11e9-a8d3-68b59976a384,562.97769,1.0,,1.0,1.0,1.0,1.0,0.0,0.0,,1.0
Escherichia coli d0477b56-7bb9-11e9-a8d3-68b59976a384,562.99185,0.0,0.0,0.0,0.0,0.0,0.0,0.0,0.0,0.0,0.0
Escherichia coli d0567788-7bb8-11e9-a8d3-68b59976a384,562.97857,0.0,,0.0,0.0,0.0,0.0,0.0,0.0,,0.0
Escherichia coli d063029a-7bb9-11e9-a8d3-68b59976a384,562.99181,0.0,0.0,0.0,0.0,0.0,0.0,0.0,0.0,0.0,0.0
Escherichia coli d0768aaa-7bb8-11e9-a8d3-68b59976a384,562.97981,1.0,0.0,0.0,,0.0,0.0,0.0,0.0,,1.0
Escherichia coli d07f4e3c-7bb9-11e9-a8d3-68b59976a384,562.99666,0.0,0.0,0.0,0.0,0.0,0.0,0.0,0.0,0.0,0.0
Escherichia coli d095cb86-7bb8-11e9-a8d3-68b59976a384,562.98107,0.0,0.0,0.0,0.0,0.0,0.0,0.0,0.0,,1.0
Escherichia coli d09bedc6-7bb9-11e9-a8d3-68b59976a384,562.100551,0.0,0.0,0.0,0.0,0.0,0.0,0.0,0.0,0.0,0.0
Escherichia coli d0b40f74-7bb8-11e9-a8d3-68b59976a384,562.98242,1.0,0.0,0.0,0.0,0.0,0.0,0.0,0.0,,1.0
Escherichia coli d0b83f26-7bb9-11e9-a8d3-68b59976a384,562.100556,0.0,0.0,0.0,0.0,0.0,0.0,0.0,0.0,0.0,0.0
Escherichia coli d0cea686-7bb8-11e9-a8d3-68b59976a384,562.99779,0.0,0.0,0.0,0.0,0.0,0.0,0.0,0.0,0.0,0.0
Escherichia coli d0d37d4a-7bb9-11e9-a8d3-68b59976a384,562.100886,1.0,1.0,1.0,,0.0,1.0,0.0,0.0,0.0,1.0
Escherichia coli d0e9c8ee-7bb8-11e9-a8d3-68b59976a384,562.99519,0.0,0.0,0.0,0.0,0.0,0.0,0.0,0.0,0.0,0.0
Escherichia coli d0ef4494-7bb9-11e9-a8d3-68b59976a384,562.100885,0.0,0.0,0.0,,0.0,0.0,0.0,0.0,0.0,1.0
Escherichia coli d1040f74-7bb8-11e9-a8d3-68b59976a384,562.99776,1.0,0.0,0.0,0.0,0.0,0.0,0.0,0.0,0.0,1.0
Escherichia coli d10b4946-7bb9-11e9-a8d3-68b59976a384,562.100887,0.0,0.0,0.0,,0.0,0.0,0.0,0.0,0.0,0.0
Escherichia coli d11e3f84-7bb8-11e9-a8d3-68b59976a384,562.97763,0.0,,0.0,0.0,0.0,0.0,0.0,0.0,,0.0
Escherichia coli d1276072-7bb9-11e9-a8d3-68b59976a384,562.9919,0.0,0.0,0.0,0.0,0.0,0.0,0.0,0.0,0.0,0.0
Escherichia coli d1389852-7bb8-11e9-a8d3-68b59976a384,562.97856,0.0,,0.0,0.0,0.0,0.0,0.0,0.0,,0.0
Escherichia coli d1434e2c-7bb9-11e9-a8d3-68b59976a384,562.99188,1.0,0.0,0.0,0.0,0.0,0.0,0.0,0.0,0.0,1.0
Escherichia coli d152c894-7bb8-11e9-a8d3-68b59976a384,562.97972,0.0,0.0,0.0,,0.0,0.0,0.0,0.0,,0.0
Escherichia coli d15ece2c-7bb9-11e9-a8d3-68b59976a384,562.99665,0.0,0.0,0.0,0.0,0.0,0.0,0.0,0.0,0.0,0.0
Escherichia coli d16ceada-7bb8-11e9-a8d3-68b59976a384,562.98108,0.0,0.0,0.0,0.0,0.0,0.0,0.0,0.0,,0.0
Escherichia coli d17ae45e-7bb9-11e9-a8d3-68b59976a384,562.10056,1.0,0.0,0.0,0.0,1.0,0.0,0.0,0.0,0.0,1.0
Escherichia coli d187b130-7bb8-11e9-a8d3-68b59976a384,562.98244,1.0,0.0,0.0,0.0,1.0,0.0,0.0,0.0,,0.0
Escherichia coli d19633c6-7bb9-11e9-a8d3-68b59976a384,562.100561,0.0,0.0,0.0,0.0,0.0,0.0,0.0,0.0,0.0,0.0
Escherichia coli d1a263c2-7bb8-11e9-a8d3-68b59976a384,562.99518,0.0,0.0,0.0,0.0,0.0,0.0,0.0,0.0,0.0,0.0
Escherichia coli d1b23a08-7bb9-11e9-a8d3-68b59976a384,562.100891,1.0,0.0,0.0,,0.0,0.0,0.0,0.0,0.0,0.0
Escherichia coli d1bd3242-7bb8-11e9-a8d3-68b59976a384,562.99777,0.0,0.0,0.0,0.0,0.0,0.0,0.0,0.0,0.0,0.0
Escherichia coli d1ced2a8-7bb9-11e9-a8d3-68b59976a384,562.100892,0.0,0.0,0.0,,0.0,0.0,0.0,0.0,0.0,0.0
Escherichia coli d1d85810-7bb8-11e9-a8d3-68b59976a384,562.9978,1.0,0.0,0.0,0.0,1.0,1.0,0.0,0.0,0.0,1.0
Escherichia coli d1eae9d4-7bb9-11e9-a8d3-68b59976a384,562.100871,1.0,0.0,0.0,,1.0,1.0,0.0,0.0,0.0,0.0
Escherichia coli d1f46a50-7bb8-11e9-a8d3-68b59976a384,562.97766,0.0,,0.0,0.0,0.0,0.0,0.0,0.0,,0.0
Escherichia coli d206cc76-7bb9-11e9-a8d3-68b59976a384,562.99177,1.0,0.0,0.0,0.0,0.0,0.0,0.0,0.0,0.0,0.0
Escherichia coli d2103ad2-7bb8-11e9-a8d3-68b59976a384,562.97858,0.0,,0.0,0.0,0.0,0.0,0.0,0.0,,0.0
Escherichia coli d2231e12-7bb9-11e9-a8d3-68b59976a384,562.99194,1.0,0.0,0.0,0.0,0.0,0.0,0.0,1.0,0.0,0.0
Escherichia coli d22adcd4-7bb8-11e9-a8d3-68b59976a384,562.97982,0.0,0.0,0.0,,0.0,0.0,0.0,0.0,,0.0
Escherichia coli d23ee62e-7bb9-11e9-a8d3-68b59976a384,562.99673,1.0,0.0,0.0,0.0,1.0,0.0,0.0,0.0,0.0,1.0
Escherichia coli d24486fc-7bb8-11e9-a8d3-68b59976a384,562.9811,1.0,0.0,0.0,0.0,0.0,0.0,0.0,0.0,,0.0
Escherichia coli d25e5dfc-7bb8-11e9-a8d3-68b59976a384,562.98238,1.0,0.0,0.0,0.0,0.0,0.0,0.0,0.0,,1.0
Escherichia coli d2600930-7bb9-11e9-a8d3-68b59976a384,562.100567,1.0,0.0,0.0,0.0,0.0,0.0,0.0,0.0,0.0,1.0
Escherichia coli d279d24e-7bb8-11e9-a8d3-68b59976a384,562.99522,1.0,0.0,0.0,0.0,0.0,0.0,0.0,0.0,0.0,0.0
Escherichia coli d27fb35c-7bb9-11e9-a8d3-68b59976a384,562.100566,0.0,0.0,0.0,0.0,0.0,0.0,0.0,0.0,0.0,0.0
Escherichia coli d29d539e-7bb9-11e9-a8d3-68b59976a384,562.100896,1.0,0.0,0.0,,0.0,0.0,0.0,0.0,0.0,0.0
Escherichia coli d29dfd54-7bb8-11e9-a8d3-68b59976a384,562.99781,1.0,0.0,0.0,0.0,0.0,0.0,0.0,0.0,0.0,1.0
Escherichia coli d2b8e178-7bb8-11e9-a8d3-68b59976a384,562.99782,0.0,0.0,0.0,0.0,0.0,0.0,0.0,0.0,0.0,0.0
Escherichia coli d2bbda30-7bb9-11e9-a8d3-68b59976a384,562.100897,0.0,0.0,0.0,,0.0,0.0,0.0,0.0,0.0,0.0
Escherichia coli d2d4a5ac-7bb8-11e9-a8d3-68b59976a384,562.97762,0.0,,0.0,0.0,0.0,0.0,0.0,0.0,,0.0
Escherichia coli d2d9aa2e-7bb9-11e9-a8d3-68b59976a384,562.100898,1.0,0.0,0.0,,1.0,0.0,0.0,0.0,0.0,0.0
Escherichia coli d2f01116-7bb8-11e9-a8d3-68b59976a384,562.97854,0.0,,0.0,0.0,0.0,0.0,0.0,0.0,,0.0
Escherichia coli d2f663f8-7bb9-11e9-a8d3-68b59976a384,562.99183,1.0,0.0,0.0,0.0,1.0,1.0,0.0,0.0,0.0,1.0
Escherichia coli d30a4798-7bb8-11e9-a8d3-68b59976a384,562.97978,1.0,0.0,0.0,,0.0,0.0,0.0,0.0,,1.0
Escherichia coli d3133f78-7bb9-11e9-a8d3-68b59976a384,562.99197,1.0,0.0,0.0,0.0,0.0,0.0,0.0,1.0,0.0,1.0
Escherichia coli d323ca56-7bb8-11e9-a8d3-68b59976a384,562.98114,1.0,0.0,0.0,0.0,0.0,0.0,0.0,0.0,,0.0
Escherichia coli d32f41aa-7bb9-11e9-a8d3-68b59976a384,562.99643,0.0,0.0,0.0,0.0,0.0,0.0,0.0,0.0,0.0,0.0
Escherichia coli d33d90e4-7bb8-11e9-a8d3-68b59976a384,562.98374,0.0,0.0,0.0,0.0,0.0,0.0,0.0,0.0,,0.0
Escherichia coli d34d751c-7bb9-11e9-a8d3-68b59976a384,562.100563,0.0,0.0,0.0,0.0,1.0,0.0,0.0,0.0,0.0,1.0
Escherichia coli d3589a42-7bb8-11e9-a8d3-68b59976a384,562.99528,0.0,0.0,0.0,0.0,0.0,0.0,0.0,0.0,0.0,0.0
Escherichia coli d36a6e4c-7bb9-11e9-a8d3-68b59976a384,562.100507,1.0,0.0,0.0,0.0,1.0,0.0,0.0,0.0,0.0,1.0
Escherichia coli d3732fa6-7bb8-11e9-a8d3-68b59976a384,562.99784,1.0,0.0,0.0,0.0,0.0,0.0,0.0,0.0,0.0,1.0
Escherichia coli d387bcfe-7bb9-11e9-a8d3-68b59976a384,562.100853,1.0,0.0,0.0,,0.0,0.0,0.0,0.0,0.0,0.0
Escherichia coli d38c2b3c-7bb8-11e9-a8d3-68b59976a384,562.99787,1.0,0.0,0.0,0.0,0.0,0.0,0.0,0.0,0.0,1.0
Escherichia coli d3a5fb02-7bb8-11e9-a8d3-68b59976a384,562.97761,0.0,,0.0,0.0,0.0,0.0,0.0,0.0,,0.0
Escherichia coli d3c01fe6-7bb8-11e9-a8d3-68b59976a384,562.97853,0.0,,0.0,0.0,0.0,0.0,0.0,0.0,,0.0
Escherichia coli d3c9b5d2-7bb9-11e9-a8d3-68b59976a384,562.100854,0.0,0.0,0.0,,0.0,0.0,0.0,0.0,0.0,0.0
Escherichia coli d3d9dcec-7bb8-11e9-a8d3-68b59976a384,562.97985,1.0,0.0,0.0,,0.0,0.0,0.0,0.0,,0.0
Escherichia coli d3e6de0a-7bb9-11e9-a8d3-68b59976a384,562.99199,1.0,0.0,0.0,0.0,0.0,0.0,0.0,0.0,0.0,1.0
Escherichia coli d3f492d0-7bb8-11e9-a8d3-68b59976a384,562.9823,0.0,0.0,0.0,0.0,0.0,0.0,0.0,0.0,,0.0
Escherichia coli d406510e-7bb9-11e9-a8d3-68b59976a384,562.9916,0.0,0.0,0.0,0.0,0.0,0.0,0.0,0.0,0.0,0.0
Escherichia coli d40e545e-7bb8-11e9-a8d3-68b59976a384,562.9837,1.0,0.0,0.0,0.0,0.0,0.0,0.0,1.0,,1.0
Escherichia coli d427d3e2-7bb9-11e9-a8d3-68b59976a384,562.99909,0.0,0.0,0.0,0.0,0.0,0.0,0.0,0.0,0.0,0.0
Escherichia coli d42afc76-7bb8-11e9-a8d3-68b59976a384,562.99536,0.0,0.0,0.0,0.0,0.0,0.0,0.0,0.0,0.0,0.0
Escherichia coli d44692a6-7bb8-11e9-a8d3-68b59976a384,562.99785,0.0,0.0,0.0,0.0,0.0,0.0,0.0,0.0,0.0,0.0
Escherichia coli d4492c9a-7bb9-11e9-a8d3-68b59976a384,562.100506,1.0,0.0,0.0,0.0,1.0,0.0,0.0,1.0,0.0,1.0
Escherichia coli d4642e7e-7bb8-11e9-a8d3-68b59976a384,562.99789,0.0,0.0,0.0,0.0,0.0,0.0,0.0,0.0,0.0,0.0
Escherichia coli d46aa79e-7bb9-11e9-a8d3-68b59976a384,562.100512,0.0,0.0,0.0,0.0,1.0,0.0,0.0,0.0,0.0,1.0
Escherichia coli d48119c6-7bb8-11e9-a8d3-68b59976a384,562.97764,0.0,,0.0,0.0,0.0,0.0,0.0,0.0,,0.0
Escherichia coli d4888ed0-7bb9-11e9-a8d3-68b59976a384,562.100859,0.0,0.0,0.0,,0.0,0.0,0.0,0.0,0.0,0.0
Escherichia coli d49bf1ec-7bb8-11e9-a8d3-68b59976a384,562.97863,1.0,,0.0,0.0,0.0,0.0,0.0,0.0,,0.0
Escherichia coli d4a7857e-7bb9-11e9-a8d3-68b59976a384,562.100852,1.0,0.0,0.0,,0.0,0.0,0.0,0.0,0.0,0.0
Escherichia coli d4b589cc-7bb8-11e9-a8d3-68b59976a384,562.9813,0.0,0.0,0.0,0.0,0.0,0.0,0.0,0.0,,0.0
Escherichia coli d4c6bb24-7bb9-11e9-a8d3-68b59976a384,562.99648,1.0,0.0,0.0,0.0,0.0,0.0,0.0,0.0,0.0,0.0
Escherichia coli d4cf4f10-7bb8-11e9-a8d3-68b59976a384,562.9824,0.0,0.0,0.0,0.0,0.0,0.0,0.0,0.0,,0.0
Escherichia coli d4e6fccc-7bb9-11e9-a8d3-68b59976a384,562.99164,1.0,0.0,0.0,0.0,0.0,0.0,0.0,0.0,0.0,0.0
Escherichia coli d4edd85e-7bb8-11e9-a8d3-68b59976a384,562.9838,1.0,0.0,0.0,0.0,0.0,0.0,0.0,0.0,,1.0
Escherichia coli d5062d40-7bb9-11e9-a8d3-68b59976a384,562.99165,0.0,0.0,0.0,0.0,0.0,0.0,0.0,0.0,0.0,0.0
Escherichia coli d522456c-7bb8-11e9-a8d3-68b59976a384,562.99771,1.0,0.0,0.0,0.0,0.0,0.0,0.0,0.0,0.0,1.0
Escherichia coli d524b3fa-7bb9-11e9-a8d3-68b59976a384,562.99913,1.0,1.0,1.0,1.0,0.0,0.0,0.0,0.0,0.0,0.0
Escherichia coli d5405f5c-7bb8-11e9-a8d3-68b59976a384,562.99773,0.0,0.0,0.0,0.0,0.0,0.0,0.0,0.0,0.0,0.0
Escherichia coli d544b948-7bb9-11e9-a8d3-68b59976a384,562.100516,0.0,0.0,0.0,0.0,0.0,0.0,0.0,0.0,0.0,0.0
Escherichia coli d55a34a4-7bb8-11e9-a8d3-68b59976a384,562.9777,0.0,,0.0,0.0,0.0,0.0,0.0,0.0,,0.0
Escherichia coli d5646f2c-7bb9-11e9-a8d3-68b59976a384,562.100519,0.0,0.0,0.0,0.0,0.0,0.0,0.0,0.0,0.0,0.0
Escherichia coli d5740956-7bb8-11e9-a8d3-68b59976a384,562.97986,0.0,0.0,0.0,,0.0,0.0,0.0,0.0,,0.0
Escherichia coli d5828b38-7bb9-11e9-a8d3-68b59976a384,562.100858,0.0,0.0,0.0,,0.0,0.0,0.0,0.0,0.0,0.0
Escherichia coli d58db77a-7bb8-11e9-a8d3-68b59976a384,562.98113,0.0,0.0,0.0,0.0,0.0,0.0,0.0,0.0,,0.0
Escherichia coli d5a3a106-7bb9-11e9-a8d3-68b59976a384,562.100864,0.0,0.0,0.0,,0.0,0.0,0.0,0.0,0.0,0.0
Escherichia coli d5a894fa-7bb8-11e9-a8d3-68b59976a384,562.98228,0.0,0.0,0.0,0.0,0.0,0.0,0.0,0.0,,0.0
Escherichia coli d5c3703a-7bb9-11e9-a8d3-68b59976a384,562.98032,0.0,0.0,0.0,,0.0,0.0,0.0,0.0,,0.0
Escherichia coli d5c67f6a-7bb8-11e9-a8d3-68b59976a384,562.98371,0.0,0.0,0.0,0.0,0.0,0.0,0.0,0.0,,0.0
Escherichia coli d5e0b5ec-7bb8-11e9-a8d3-68b59976a384,562.99526,0.0,0.0,0.0,0.0,0.0,0.0,0.0,0.0,0.0,0.0
Escherichia coli d5e528b0-7bb9-11e9-a8d3-68b59976a384,562.99162,0.0,0.0,0.0,0.0,0.0,0.0,0.0,0.0,0.0,0.0
Escherichia coli d5fac46e-7bb8-11e9-a8d3-68b59976a384,562.99791,0.0,0.0,0.0,0.0,0.0,0.0,0.0,0.0,0.0,0.0
Escherichia coli d60592e4-7bb9-11e9-a8d3-68b59976a384,562.99169,1.0,0.0,0.0,0.0,1.0,0.0,0.0,0.0,0.0,1.0
Escherichia coli d615398e-7bb8-11e9-a8d3-68b59976a384,562.99792,0.0,0.0,0.0,0.0,0.0,0.0,0.0,0.0,0.0,0.0
Escherichia coli d6262e5a-7bb9-11e9-a8d3-68b59976a384,562.100204,0.0,0.0,0.0,0.0,0.0,0.0,0.0,0.0,0.0,0.0
Escherichia coli d62efb30-7bb8-11e9-a8d3-68b59976a384,562.9786,0.0,,0.0,0.0,0.0,0.0,0.0,0.0,,0.0
Escherichia coli d647aeae-7bb9-11e9-a8d3-68b59976a384,562.100526,1.0,1.0,1.0,1.0,1.0,1.0,0.0,0.0,0.0,1.0
Escherichia coli d64a8d8c-7bb8-11e9-a8d3-68b59976a384,562.97988,1.0,0.0,0.0,,0.0,0.0,0.0,0.0,,1.0
Escherichia coli d668a582-7bb9-11e9-a8d3-68b59976a384,562.100524,0.0,0.0,0.0,0.0,1.0,0.0,0.0,0.0,0.0,0.0
Escherichia coli d66d5114-7bb8-11e9-a8d3-68b59976a384,562.98123,0.0,0.0,0.0,0.0,0.0,0.0,0.0,0.0,,0.0
Escherichia coli d687a708-7bb8-11e9-a8d3-68b59976a384,562.98234,1.0,0.0,0.0,0.0,0.0,0.0,0.0,0.0,,1.0
Escherichia coli d687e1cc-7bb9-11e9-a8d3-68b59976a384,562.100863,1.0,1.0,1.0,,1.0,1.0,0.0,0.0,0.0,1.0
Escherichia coli d6a1688c-7bb8-11e9-a8d3-68b59976a384,562.98379,1.0,0.0,1.0,1.0,0.0,0.0,0.0,0.0,,0.0
Escherichia coli d6a8c298-7bb9-11e9-a8d3-68b59976a384,562.100869,1.0,0.0,0.0,,0.0,0.0,0.0,0.0,0.0,1.0
Escherichia coli d6baf798-7bb8-11e9-a8d3-68b59976a384,562.98381,1.0,0.0,0.0,0.0,0.0,0.0,0.0,0.0,,0.0
Escherichia coli d6c7f9c4-7bb9-11e9-a8d3-68b59976a384,562.98287,0.0,0.0,0.0,0.0,0.0,0.0,0.0,0.0,,0.0
Escherichia coli d6e74e6e-7bb9-11e9-a8d3-68b59976a384,562.99161,0.0,0.0,0.0,0.0,0.0,0.0,0.0,0.0,0.0,0.0
Escherichia coli d6ee7f28-7bb8-11e9-a8d3-68b59976a384,562.98483,1.0,1.0,1.0,1.0,1.0,1.0,,1.0,0.0,1.0
Escherichia coli d707be2e-7bb9-11e9-a8d3-68b59976a384,562.9917,0.0,0.0,0.0,0.0,0.0,0.0,0.0,0.0,0.0,0.0
Escherichia coli d7082360-7bb8-11e9-a8d3-68b59976a384,562.98527,0.0,0.0,0.0,0.0,0.0,0.0,,0.0,0.0,0.0
Escherichia coli d7210470-7bb8-11e9-a8d3-68b59976a384,562.98697,0.0,0.0,0.0,1.0,0.0,0.0,0.0,0.0,0.0,1.0
Escherichia coli d726ad20-7bb9-11e9-a8d3-68b59976a384,562.100215,0.0,0.0,0.0,0.0,0.0,0.0,0.0,0.0,0.0,0.0
Escherichia coli d73ac22a-7bb8-11e9-a8d3-68b59976a384,562.98698,0.0,0.0,0.0,0.0,0.0,0.0,0.0,0.0,0.0,0.0
Escherichia coli d745275a-7bb9-11e9-a8d3-68b59976a384,562.99168,0.0,0.0,0.0,0.0,0.0,0.0,0.0,0.0,0.0,0.0
Escherichia coli d75484b2-7bb8-11e9-a8d3-68b59976a384,562.98691,0.0,0.0,0.0,0.0,0.0,0.0,0.0,0.0,0.0,0.0
Escherichia coli d764a490-7bb9-11e9-a8d3-68b59976a384,562.99178,1.0,0.0,0.0,0.0,0.0,0.0,0.0,0.0,0.0,0.0
Escherichia coli d7858ca0-7bb9-11e9-a8d3-68b59976a384,562.99426,0.0,0.0,1.0,0.0,0.0,0.0,0.0,0.0,0.0,0.0
Escherichia coli d788e27a-7bb8-11e9-a8d3-68b59976a384,562.98399,1.0,0.0,0.0,0.0,0.0,0.0,0.0,0.0,,1.0
Escherichia coli d7c60b7c-7bb9-11e9-a8d3-68b59976a384,562.99659,1.0,0.0,0.0,0.0,0.0,0.0,0.0,0.0,0.0,0.0
Escherichia coli d7d91e98-7bb8-11e9-a8d3-68b59976a384,562.98497,0.0,0.0,0.0,0.0,0.0,0.0,,0.0,0.0,0.0
Escherichia coli d7e2a430-7bb9-11e9-a8d3-68b59976a384,562.100217,1.0,0.0,0.0,0.0,0.0,0.0,0.0,0.0,0.0,0.0
Escherichia coli d7f2f084-7bb8-11e9-a8d3-68b59976a384,562.98652,0.0,0.0,0.0,0.0,0.0,0.0,0.0,0.0,0.0,0.0
Escherichia coli d8042150-7bb9-11e9-a8d3-68b59976a384,562.100216,0.0,0.0,0.0,0.0,0.0,0.0,0.0,0.0,0.0,0.0
Escherichia coli d80d182e-7bb8-11e9-a8d3-68b59976a384,562.98653,0.0,0.0,0.0,0.0,0.0,0.0,0.0,0.0,0.0,0.0
Escherichia coli d824b80c-7bb9-11e9-a8d3-68b59976a384,562.10022,1.0,0.0,0.0,0.0,0.0,0.0,0.0,0.0,0.0,0.0
Escherichia coli d84529b6-7bb9-11e9-a8d3-68b59976a384,562.99174,0.0,0.0,0.0,0.0,0.0,0.0,0.0,0.0,0.0,0.0
Escherichia coli d863035a-7bb9-11e9-a8d3-68b59976a384,562.99173,1.0,0.0,0.0,0.0,0.0,0.0,0.0,0.0,0.0,1.0
Escherichia coli d87c9bcc-7bb8-11e9-a8d3-68b59976a384,562.98366,0.0,0.0,0.0,0.0,0.0,0.0,0.0,0.0,,0.0
Escherichia coli d897f106-7bb8-11e9-a8d3-68b59976a384,562.98482,0.0,0.0,0.0,0.0,0.0,0.0,,0.0,0.0,0.0
Escherichia coli d8a10718-7bb9-11e9-a8d3-68b59976a384,562.99407,0.0,0.0,0.0,0.0,0.0,0.0,0.0,0.0,0.0,0.0
Escherichia coli d8b9e3a6-7bb8-11e9-a8d3-68b59976a384,562.98498,0.0,0.0,0.0,0.0,0.0,0.0,,0.0,0.0,0.0
Escherichia coli d8bf844a-7bb9-11e9-a8d3-68b59976a384,562.99661,1.0,0.0,0.0,0.0,0.0,0.0,0.0,0.0,0.0,1.0
Escherichia coli d8d4626c-7bb8-11e9-a8d3-68b59976a384,562.98668,1.0,0.0,0.0,0.0,0.0,0.0,0.0,0.0,0.0,0.0
Escherichia coli d8dee272-7bb9-11e9-a8d3-68b59976a384,562.100219,0.0,0.0,0.0,0.0,0.0,0.0,0.0,0.0,0.0,0.0
Escherichia coli d8fd9b4a-7bb9-11e9-a8d3-68b59976a384,562.100221,0.0,0.0,0.0,0.0,0.0,0.0,0.0,0.0,0.0,0.0
Escherichia coli d91c36c2-7bb9-11e9-a8d3-68b59976a384,562.100222,1.0,0.0,0.0,0.0,0.0,0.0,0.0,0.0,0.0,1.0
Escherichia coli d93a7b6e-7bb9-11e9-a8d3-68b59976a384,562.99192,1.0,0.0,0.0,0.0,0.0,0.0,0.0,0.0,0.0,1.0
Escherichia coli d93cc582-7bb8-11e9-a8d3-68b59976a384,562.98367,1.0,0.0,0.0,0.0,0.0,0.0,0.0,0.0,,0.0
Escherichia coli d956c716-7bb8-11e9-a8d3-68b59976a384,562.98349,1.0,0.0,0.0,0.0,0.0,0.0,0.0,0.0,,0.0
Escherichia coli d95842ac-7bb9-11e9-a8d3-68b59976a384,562.99189,1.0,0.0,0.0,0.0,0.0,0.0,0.0,0.0,0.0,1.0
Escherichia coli d9761926-7bb9-11e9-a8d3-68b59976a384,562.99416,0.0,0.0,0.0,0.0,0.0,0.0,0.0,0.0,0.0,0.0
Escherichia coli d98b445a-7bb8-11e9-a8d3-68b59976a384,562.98495,0.0,0.0,0.0,0.0,0.0,0.0,,0.0,0.0,0.0
Escherichia coli d994a882-7bb9-11e9-a8d3-68b59976a384,562.99418,0.0,0.0,0.0,0.0,0.0,0.0,0.0,0.0,0.0,1.0
Escherichia coli d9a7c288-7bb8-11e9-a8d3-68b59976a384,562.98667,1.0,0.0,0.0,0.0,0.0,0.0,0.0,0.0,0.0,0.0
Escherichia coli d9b68ad8-7bb9-11e9-a8d3-68b59976a384,562.99663,1.0,0.0,0.0,0.0,0.0,0.0,0.0,0.0,0.0,0.0
Escherichia coli d9dd8e9a-7bb8-11e9-a8d3-68b59976a384,562.98659,0.0,0.0,0.0,0.0,0.0,0.0,0.0,0.0,0.0,0.0
Escherichia coli d9e774ea-7bb9-11e9-a8d3-68b59976a384,562.100223,0.0,0.0,0.0,0.0,0.0,0.0,0.0,0.0,0.0,0.0
Escherichia coli da05ef4c-7bb9-11e9-a8d3-68b59976a384,562.100225,0.0,0.0,0.0,0.0,0.0,0.0,0.0,0.0,0.0,0.0
Escherichia coli da1ee8f4-7bb8-11e9-a8d3-68b59976a384,562.98362,1.0,1.0,1.0,1.0,0.0,0.0,0.0,0.0,,0.0
Escherichia coli da24877c-7bb9-11e9-a8d3-68b59976a384,562.100549,1.0,1.0,1.0,1.0,0.0,0.0,0.0,1.0,0.0,1.0
Escherichia coli da435cd8-7bb9-11e9-a8d3-68b59976a384,562.99186,1.0,0.0,0.0,0.0,0.0,0.0,0.0,0.0,0.0,0.0
Escherichia coli da61e0ae-7bb9-11e9-a8d3-68b59976a384,562.9918,0.0,0.0,0.0,0.0,0.0,0.0,0.0,0.0,0.0,1.0
Escherichia coli da6c32da-7bb8-11e9-a8d3-68b59976a384,562.98504,1.0,0.0,0.0,0.0,1.0,0.0,,0.0,0.0,1.0
Escherichia coli da878152-7bb8-11e9-a8d3-68b59976a384,562.98662,1.0,0.0,0.0,0.0,0.0,0.0,0.0,0.0,0.0,1.0
Escherichia coli da894612-7bb9-11e9-a8d3-68b59976a384,562.99413,1.0,0.0,0.0,0.0,0.0,0.0,0.0,0.0,0.0,1.0
Escherichia coli daa17b84-7bb8-11e9-a8d3-68b59976a384,562.98663,0.0,0.0,0.0,0.0,0.0,0.0,0.0,0.0,0.0,0.0
Escherichia coli daa7a2ce-7bb9-11e9-a8d3-68b59976a384,562.99409,0.0,0.0,0.0,0.0,0.0,0.0,0.0,0.0,0.0,1.0
Escherichia coli dac5c236-7bb9-11e9-a8d3-68b59976a384,562.99664,0.0,0.0,0.0,0.0,0.0,0.0,0.0,0.0,0.0,0.0
Escherichia coli dae30bca-7bb9-11e9-a8d3-68b59976a384,562.100228,0.0,0.0,0.0,0.0,0.0,0.0,0.0,0.0,0.0,0.0
Escherichia coli daef4a08-7bb8-11e9-a8d3-68b59976a384,562.9836,0.0,0.0,0.0,0.0,0.0,0.0,0.0,0.0,,1.0
Escherichia coli db003a88-7bb9-11e9-a8d3-68b59976a384,562.100226,1.0,0.0,0.0,0.0,0.0,0.0,0.0,0.0,0.0,0.0
Escherichia coli db091776-7bb8-11e9-a8d3-68b59976a384,562.98355,0.0,0.0,0.0,0.0,0.0,0.0,0.0,0.0,,0.0
Escherichia coli db1d5492-7bb9-11e9-a8d3-68b59976a384,562.100554,1.0,1.0,1.0,1.0,1.0,1.0,0.0,0.0,0.0,1.0
Escherichia coli db39c1f4-7bb9-11e9-a8d3-68b59976a384,562.99182,1.0,0.0,0.0,0.0,0.0,0.0,0.0,0.0,0.0,1.0
Escherichia coli db568cb2-7bb9-11e9-a8d3-68b59976a384,562.99191,0.0,0.0,0.0,0.0,0.0,0.0,0.0,0.0,0.0,0.0
Escherichia coli db592630-7bb8-11e9-a8d3-68b59976a384,562.98665,0.0,0.0,0.0,0.0,0.0,0.0,0.0,0.0,0.0,0.0
Escherichia coli db74bfa2-7bb9-11e9-a8d3-68b59976a384,562.99417,1.0,0.0,0.0,0.0,0.0,0.0,0.0,0.0,0.0,1.0
Escherichia coli db8d30f6-7bb8-11e9-a8d3-68b59976a384,562.98851,1.0,0.0,0.0,0.0,0.0,0.0,0.0,0.0,0.0,0.0
Escherichia coli db919dfc-7bb9-11e9-a8d3-68b59976a384,562.99424,0.0,0.0,0.0,0.0,0.0,0.0,0.0,0.0,0.0,0.0
Escherichia coli dbaf3bd2-7bb9-11e9-a8d3-68b59976a384,562.99667,0.0,0.0,0.0,0.0,0.0,0.0,0.0,0.0,0.0,0.0
Escherichia coli dbc572ae-7bb8-11e9-a8d3-68b59976a384,562.98358,0.0,0.0,0.0,0.0,0.0,0.0,0.0,0.0,,0.0
Escherichia coli dbcc0e7e-7bb9-11e9-a8d3-68b59976a384,562.1002,0.0,0.0,0.0,0.0,0.0,0.0,0.0,0.0,0.0,0.0
Escherichia coli dbdf32d4-7bb8-11e9-a8d3-68b59976a384,562.98359,1.0,0.0,0.0,0.0,0.0,0.0,0.0,0.0,,1.0
Escherichia coli dbeb121a-7bb9-11e9-a8d3-68b59976a384,562.10023,0.0,0.0,0.0,0.0,0.0,0.0,0.0,0.0,0.0,0.0
Escherichia coli dbf89792-7bb8-11e9-a8d3-68b59976a384,562.98514,1.0,0.0,0.0,0.0,0.0,0.0,,1.0,0.0,1.0
Escherichia coli dc092ad4-7bb9-11e9-a8d3-68b59976a384,562.100568,1.0,0.0,0.0,0.0,0.0,0.0,0.0,0.0,0.0,0.0
Escherichia coli dc12673a-7bb8-11e9-a8d3-68b59976a384,562.98512,0.0,0.0,0.0,0.0,0.0,0.0,,0.0,0.0,0.0
Escherichia coli dc278fd8-7bb9-11e9-a8d3-68b59976a384,562.99158,1.0,0.0,0.0,0.0,0.0,0.0,0.0,0.0,0.0,0.0
Escherichia coli dc2c6d38-7bb8-11e9-a8d3-68b59976a384,562.98686,0.0,0.0,0.0,0.0,0.0,0.0,0.0,0.0,0.0,0.0
Escherichia coli dc46476c-7bb8-11e9-a8d3-68b59976a384,562.98648,0.0,0.0,0.0,0.0,0.0,0.0,0.0,0.0,0.0,0.0
Escherichia coli dc46d816-7bb9-11e9-a8d3-68b59976a384,562.99385,0.0,0.0,0.0,0.0,0.0,0.0,0.0,0.0,0.0,0.0
Escherichia coli dc602998-7bb8-11e9-a8d3-68b59976a384,562.98857,0.0,0.0,0.0,1.0,0.0,0.0,0.0,0.0,0.0,0.0
Escherichia coli dc65552a-7bb9-11e9-a8d3-68b59976a384,562.99386,0.0,0.0,0.0,0.0,0.0,0.0,0.0,0.0,0.0,0.0
Escherichia coli dc82d00a-7bb9-11e9-a8d3-68b59976a384,562.9966,0.0,0.0,0.0,0.0,0.0,0.0,0.0,0.0,0.0,1.0
Escherichia coli dca194a4-7bb9-11e9-a8d3-68b59976a384,562.99662,1.0,0.0,0.0,0.0,0.0,0.0,0.0,0.0,0.0,1.0
Escherichia coli dcc98fb4-7bb8-11e9-a8d3-68b59976a384,562.98511,1.0,0.0,0.0,1.0,1.0,0.0,,0.0,0.0,1.0
Escherichia coli dd6dfaa4-7bb8-11e9-a8d3-68b59976a384,562.98357,1.0,0.0,0.0,0.0,0.0,0.0,0.0,0.0,,0.0
Escherichia coli dd73a480-7bb9-11e9-a8d3-68b59976a384,562.100224,0.0,0.0,0.0,0.0,0.0,0.0,0.0,0.0,0.0,0.0
Escherichia coli dd91488c-7bb9-11e9-a8d3-68b59976a384,562.100227,0.0,0.0,0.0,0.0,0.0,0.0,0.0,0.0,0.0,0.0
Escherichia coli dd97d89c-7bb8-11e9-a8d3-68b59976a384,562.98353,1.0,0.0,0.0,0.0,0.0,0.0,0.0,1.0,,1.0
Escherichia coli ddab4a3e-7bb9-11e9-a8d3-68b59976a384,562.100559,1.0,0.0,0.0,0.0,0.0,0.0,0.0,0.0,0.0,1.0
Escherichia coli ddc5ccc4-7bb9-11e9-a8d3-68b59976a384,562.99184,0.0,0.0,0.0,0.0,0.0,0.0,0.0,0.0,0.0,0.0
Escherichia coli dddf7e1c-7bb9-11e9-a8d3-68b59976a384,562.99404,0.0,0.0,0.0,0.0,0.0,0.0,0.0,0.0,0.0,1.0
Escherichia coli ddf9894c-7bb9-11e9-a8d3-68b59976a384,562.99408,0.0,0.0,0.0,0.0,0.0,0.0,0.0,0.0,0.0,0.0
Escherichia coli de2f6ac6-7bb9-11e9-a8d3-68b59976a384,562.99672,0.0,0.0,0.0,0.0,0.0,0.0,0.0,0.0,0.0,0.0
Escherichia coli de410dea-7bb8-11e9-a8d3-68b59976a384,562.9886,1.0,0.0,0.0,0.0,0.0,0.0,0.0,0.0,0.0,1.0
Escherichia coli de490efe-7bb9-11e9-a8d3-68b59976a384,562.100229,0.0,0.0,0.0,0.0,0.0,0.0,0.0,0.0,0.0,0.0
Escherichia coli de5d6dd2-7bb8-11e9-a8d3-68b59976a384,562.98377,1.0,0.0,0.0,0.0,0.0,0.0,0.0,0.0,,0.0
Escherichia coli de632da2-7bb9-11e9-a8d3-68b59976a384,562.100231,1.0,0.0,0.0,0.0,0.0,0.0,0.0,0.0,0.0,1.0
Escherichia coli de7e100e-7bb9-11e9-a8d3-68b59976a384,562.100564,0.0,0.0,0.0,0.0,0.0,0.0,0.0,0.0,0.0,0.0
Escherichia coli de97bb30-7bb9-11e9-a8d3-68b59976a384,562.99196,1.0,0.0,0.0,0.0,0.0,0.0,0.0,0.0,0.0,1.0
Escherichia coli deb22bf0-7bb9-11e9-a8d3-68b59976a384,562.99402,0.0,0.0,0.0,0.0,0.0,0.0,0.0,0.0,0.0,0.0
Escherichia coli decc041c-7bb9-11e9-a8d3-68b59976a384,562.99421,0.0,0.0,0.0,0.0,0.0,0.0,0.0,0.0,0.0,0.0
Escherichia coli ded08dda-7bb8-11e9-a8d3-68b59976a384,562.98678,1.0,0.0,0.0,0.0,0.0,0.0,0.0,0.0,0.0,0.0
Escherichia coli dee5fcc8-7bb9-11e9-a8d3-68b59976a384,562.99676,0.0,0.0,0.0,0.0,0.0,0.0,0.0,0.0,0.0,0.0
Escherichia coli deed670c-7bb8-11e9-a8d3-68b59976a384,562.98675,0.0,0.0,0.0,0.0,0.0,0.0,0.0,0.0,0.0,0.0
Escherichia coli df00debc-7bb9-11e9-a8d3-68b59976a384,562.99675,0.0,0.0,0.0,0.0,0.0,0.0,0.0,0.0,0.0,0.0
Escherichia coli df1bc146-7bb9-11e9-a8d3-68b59976a384,562.100233,1.0,0.0,0.0,0.0,0.0,0.0,0.0,1.0,0.0,1.0
Escherichia coli df2bac9c-7bb8-11e9-a8d3-68b59976a384,562.98856,1.0,0.0,0.0,0.0,0.0,0.0,0.0,0.0,0.0,1.0
Escherichia coli df3fd752-7bb9-11e9-a8d3-68b59976a384,562.100201,1.0,0.0,0.0,0.0,0.0,0.0,0.0,1.0,0.0,0.0
Escherichia coli df4a99cc-7bb8-11e9-a8d3-68b59976a384,562.98344,1.0,1.0,1.0,1.0,0.0,1.0,0.0,0.0,,0.0
Escherichia coli df594c6e-7bb9-11e9-a8d3-68b59976a384,562.100508,0.0,0.0,0.0,0.0,0.0,0.0,0.0,0.0,0.0,0.0
Escherichia coli df74617a-7bb9-11e9-a8d3-68b59976a384,562.99159,0.0,0.0,0.0,0.0,0.0,0.0,0.0,0.0,0.0,0.0
Escherichia coli df8ebcdc-7bb9-11e9-a8d3-68b59976a384,562.99397,1.0,0.0,0.0,0.0,0.0,0.0,0.0,0.0,0.0,1.0
Escherichia coli dfa980d0-7bb9-11e9-a8d3-68b59976a384,562.99396,0.0,0.0,0.0,0.0,0.0,0.0,0.0,0.0,0.0,0.0
Escherichia coli dfc407d4-7bb9-11e9-a8d3-68b59976a384,562.99649,0.0,0.0,0.0,0.0,0.0,0.0,0.0,0.0,0.0,0.0
Escherichia coli dfde23d0-7bb9-11e9-a8d3-68b59976a384,562.99651,0.0,0.0,0.0,0.0,0.0,0.0,0.0,0.0,0.0,1.0
Escherichia coli dff78e7e-7bb9-11e9-a8d3-68b59976a384,562.100205,1.0,1.0,1.0,1.0,1.0,0.0,0.0,0.0,0.0,1.0
Escherichia coli dffbfc1c-7bb8-11e9-a8d3-68b59976a384,562.98676,0.0,0.0,0.0,0.0,0.0,0.0,0.0,0.0,0.0,0.0
Escherichia coli e0114332-7bb9-11e9-a8d3-68b59976a384,562.100203,0.0,0.0,0.0,0.0,0.0,0.0,0.0,0.0,0.0,0.0
Escherichia coli e01ebf40-7bb8-11e9-a8d3-68b59976a384,562.98861,1.0,1.0,1.0,1.0,1.0,0.0,0.0,0.0,0.0,1.0
Escherichia coli e02ac1ae-7bb9-11e9-a8d3-68b59976a384,562.100511,0.0,0.0,0.0,0.0,0.0,0.0,0.0,0.0,0.0,0.0
Escherichia coli e044cd60-7bb9-11e9-a8d3-68b59976a384,562.99166,0.0,0.0,0.0,0.0,0.0,0.0,0.0,0.0,0.0,0.0
Escherichia coli e05eb7a2-7bb9-11e9-a8d3-68b59976a384,562.99395,1.0,0.0,0.0,0.0,0.0,0.0,0.0,0.0,0.0,1.0
Escherichia coli e0777224-7bb9-11e9-a8d3-68b59976a384,562.99398,0.0,0.0,0.0,0.0,0.0,0.0,0.0,0.0,0.0,0.0
Escherichia coli e0886440-7bb8-11e9-a8d3-68b59976a384,562.98516,1.0,0.0,0.0,0.0,0.0,0.0,,0.0,0.0,0.0
Escherichia coli e09119d6-7bb9-11e9-a8d3-68b59976a384,562.99653,0.0,0.0,0.0,0.0,0.0,0.0,0.0,0.0,0.0,0.0
Escherichia coli e0a41a0a-7bb8-11e9-a8d3-68b59976a384,562.98515,0.0,0.0,0.0,0.0,0.0,0.0,,0.0,0.0,0.0
Escherichia coli e0aad16e-7bb9-11e9-a8d3-68b59976a384,562.99654,0.0,0.0,0.0,0.0,0.0,0.0,0.0,0.0,0.0,0.0
Escherichia coli e0b4f438-7bb8-11e9-a8d3-68b59976a384,562.98682,1.0,0.0,0.0,1.0,1.0,0.0,0.0,0.0,0.0,1.0
Escherichia coli e0c6a02a-7bb8-11e9-a8d3-68b59976a384,562.98685,0.0,0.0,0.0,0.0,0.0,0.0,0.0,0.0,0.0,0.0
Escherichia coli e0c701c2-7bb9-11e9-a8d3-68b59976a384,562.100209,1.0,0.0,0.0,1.0,1.0,1.0,0.0,1.0,0.0,0.0
Escherichia coli e0d9b980-7bb8-11e9-a8d3-68b59976a384,562.98683,0.0,0.0,0.0,0.0,0.0,0.0,0.0,0.0,0.0,0.0
Escherichia coli e0e093c6-7bb9-11e9-a8d3-68b59976a384,562.100202,0.0,0.0,0.0,0.0,0.0,0.0,0.0,0.0,0.0,1.0
Escherichia coli e0ecbf3a-7bb8-11e9-a8d3-68b59976a384,562.98867,1.0,0.0,1.0,0.0,0.0,0.0,0.0,0.0,0.0,0.0
Escherichia coli e0fc1fd8-7bb9-11e9-a8d3-68b59976a384,562.100515,0.0,0.0,0.0,0.0,0.0,0.0,0.0,0.0,0.0,0.0
Escherichia coli e100769c-7bb8-11e9-a8d3-68b59976a384,562.98863,0.0,0.0,0.0,0.0,0.0,0.0,0.0,0.0,0.0,0.0
Escherichia coli e1166870-7bb9-11e9-a8d3-68b59976a384,562.99163,1.0,0.0,0.0,0.0,0.0,0.0,0.0,0.0,0.0,1.0
Escherichia coli e11ff0e4-7bb8-11e9-a8d3-68b59976a384,562.98873,0.0,0.0,0.0,0.0,0.0,0.0,0.0,0.0,0.0,0.0
Escherichia coli e12ef2b0-7bb8-11e9-a8d3-68b59976a384,562.99059,1.0,0.0,0.0,0.0,0.0,0.0,0.0,0.0,0.0,0.0
Escherichia coli e1310130-7bb9-11e9-a8d3-68b59976a384,562.99394,1.0,0.0,0.0,0.0,0.0,0.0,0.0,0.0,0.0,1.0
Escherichia coli e13cbc7e-7bb8-11e9-a8d3-68b59976a384,562.99057,0.0,0.0,0.0,0.0,0.0,0.0,0.0,0.0,0.0,0.0
Escherichia coli e14aa0aa-7bb8-11e9-a8d3-68b59976a384,562.99262,0.0,0.0,0.0,0.0,0.0,0.0,0.0,0.0,0.0,0.0
Escherichia coli e14b07ba-7bb9-11e9-a8d3-68b59976a384,562.99388,1.0,0.0,0.0,0.0,0.0,0.0,0.0,0.0,0.0,1.0
Escherichia coli e15836de-7bb8-11e9-a8d3-68b59976a384,562.99345,1.0,0.0,1.0,0.0,1.0,1.0,0.0,0.0,0.0,0.0
Escherichia coli e1652be0-7bb9-11e9-a8d3-68b59976a384,562.99652,0.0,0.0,0.0,0.0,0.0,0.0,0.0,0.0,0.0,0.0
Escherichia coli e168413c-7bb8-11e9-a8d3-68b59976a384,562.99337,0.0,0.0,0.0,0.0,0.0,0.0,0.0,0.0,0.0,0.0
Escherichia coli e178732c-7bb8-11e9-a8d3-68b59976a384,562.99559,1.0,0.0,0.0,0.0,1.0,0.0,0.0,0.0,0.0,1.0
Escherichia coli e17ecd02-7bb9-11e9-a8d3-68b59976a384,562.99656,0.0,0.0,0.0,0.0,0.0,0.0,0.0,0.0,0.0,0.0
Escherichia coli e18899a0-7bb8-11e9-a8d3-68b59976a384,562.99569,0.0,0.0,0.0,0.0,0.0,0.0,0.0,0.0,0.0,0.0
Escherichia coli e1988526-7bb9-11e9-a8d3-68b59976a384,562.100208,1.0,1.0,1.0,1.0,0.0,0.0,0.0,0.0,0.0,0.0
Escherichia coli e1ac7abe-7bb8-11e9-a8d3-68b59976a384,562.99108,1.0,0.0,0.0,0.0,1.0,0.0,0.0,0.0,0.0,1.0
Escherichia coli e1b29e02-7bb9-11e9-a8d3-68b59976a384,562.100206,1.0,0.0,0.0,0.0,1.0,1.0,0.0,0.0,0.0,1.0
Escherichia coli e1bef158-7bb8-11e9-a8d3-68b59976a384,562.99118,1.0,0.0,0.0,0.0,0.0,0.0,0.0,0.0,0.0,1.0
Escherichia coli e1cd1dfe-7bb9-11e9-a8d3-68b59976a384,562.10052,0.0,0.0,0.0,0.0,0.0,0.0,0.0,0.0,0.0,0.0
Escherichia coli e1cf8040-7bb8-11e9-a8d3-68b59976a384,562.99344,1.0,0.0,0.0,0.0,0.0,0.0,0.0,0.0,0.0,1.0
Escherichia coli e1eaf4a0-7bb9-11e9-a8d3-68b59976a384,562.99167,0.0,0.0,0.0,0.0,0.0,0.0,0.0,0.0,0.0,0.0
Escherichia coli e1ff827c-7bb8-11e9-a8d3-68b59976a384,562.99579,1.0,0.0,0.0,0.0,1.0,0.0,0.0,0.0,0.0,0.0
Escherichia coli e205652e-7bb9-11e9-a8d3-68b59976a384,562.99389,1.0,0.0,0.0,0.0,0.0,0.0,0.0,0.0,0.0,1.0
Escherichia coli e2110fd8-7bb8-11e9-a8d3-68b59976a384,562.9958,1.0,0.0,0.0,0.0,0.0,0.0,0.0,0.0,0.0,1.0
Escherichia coli e2207102-7bb9-11e9-a8d3-68b59976a384,562.99391,1.0,0.0,0.0,0.0,1.0,0.0,0.0,0.0,0.0,1.0
Escherichia coli e222487a-7bb8-11e9-a8d3-68b59976a384,562.98953,1.0,0.0,0.0,0.0,0.0,0.0,0.0,1.0,0.0,0.0
Escherichia coli e2339558-7bb8-11e9-a8d3-68b59976a384,562.99115,0.0,0.0,0.0,0.0,0.0,0.0,0.0,0.0,0.0,0.0
Escherichia coli e244c94a-7bb8-11e9-a8d3-68b59976a384,562.99121,0.0,0.0,0.0,0.0,0.0,0.0,0.0,0.0,0.0,1.0
Escherichia coli e25460d4-7bb9-11e9-a8d3-68b59976a384,562.99658,0.0,0.0,0.0,0.0,0.0,0.0,0.0,0.0,0.0,0.0
Escherichia coli e254ef46-7bb8-11e9-a8d3-68b59976a384,562.99329,0.0,0.0,0.0,0.0,0.0,0.0,0.0,0.0,0.0,0.0
Escherichia coli e265d626-7bb8-11e9-a8d3-68b59976a384,562.99331,0.0,0.0,0.0,0.0,0.0,0.0,0.0,0.0,0.0,0.0
Escherichia coli e26ee044-7bb9-11e9-a8d3-68b59976a384,562.100212,0.0,0.0,0.0,0.0,0.0,0.0,0.0,0.0,0.0,0.0
Escherichia coli e2764290-7bb8-11e9-a8d3-68b59976a384,562.99338,1.0,0.0,0.0,0.0,1.0,0.0,0.0,0.0,0.0,1.0
Escherichia coli e2911d76-7bb9-11e9-a8d3-68b59976a384,562.100211,0.0,0.0,0.0,0.0,0.0,0.0,0.0,0.0,0.0,0.0
Escherichia coli e2a16222-7bb8-11e9-a8d3-68b59976a384,562.99581,0.0,0.0,0.0,0.0,0.0,0.0,0.0,0.0,0.0,0.0
Escherichia coli e2aaef94-7bb9-11e9-a8d3-68b59976a384,562.100528,0.0,0.0,0.0,0.0,0.0,0.0,0.0,0.0,0.0,0.0
Escherichia coli e2bb419c-7bb8-11e9-a8d3-68b59976a384,562.98951,0.0,0.0,0.0,0.0,0.0,0.0,0.0,0.0,0.0,0.0
Escherichia coli e2c514a0-7bb9-11e9-a8d3-68b59976a384,562.10053,0.0,0.0,0.0,0.0,0.0,0.0,0.0,0.0,0.0,0.0
Escherichia coli e2cbc29c-7bb8-11e9-a8d3-68b59976a384,562.99111,0.0,0.0,0.0,0.0,0.0,0.0,0.0,0.0,0.0,0.0
Escherichia coli e2dccf7e-7bb8-11e9-a8d3-68b59976a384,562.99122,1.0,1.0,1.0,1.0,1.0,1.0,0.0,0.0,0.0,1.0
Escherichia coli e2df14fe-7bb9-11e9-a8d3-68b59976a384,562.100533,1.0,0.0,0.0,0.0,0.0,0.0,0.0,1.0,0.0,1.0
Escherichia coli e2f1c7e4-7bb8-11e9-a8d3-68b59976a384,562.99335,0.0,0.0,0.0,0.0,0.0,0.0,0.0,0.0,0.0,0.0
Escherichia coli e2f8c138-7bb9-11e9-a8d3-68b59976a384,562.97907,1.0,,0.0,0.0,0.0,0.0,0.0,0.0,,0.0
Escherichia coli e306ab64-7bb8-11e9-a8d3-68b59976a384,562.9933,0.0,0.0,0.0,0.0,0.0,0.0,0.0,0.0,0.0,0.0
Escherichia coli e3127ace-7bb9-11e9-a8d3-68b59976a384,562.100218,1.0,1.0,1.0,1.0,1.0,1.0,0.0,1.0,0.0,1.0
Escherichia coli e32cd81a-7bb9-11e9-a8d3-68b59976a384,562.100536,0.0,0.0,0.0,0.0,0.0,0.0,0.0,0.0,0.0,0.0
Escherichia coli e33037cc-7bb8-11e9-a8d3-68b59976a384,562.9956,1.0,0.0,0.0,0.0,0.0,0.0,0.0,1.0,0.0,0.0
Escherichia coli e3473c06-7bb8-11e9-a8d3-68b59976a384,562.99563,0.0,0.0,0.0,0.0,0.0,0.0,0.0,0.0,0.0,0.0
Escherichia coli e347fa1e-7bb9-11e9-a8d3-68b59976a384,562.100535,0.0,0.0,0.0,0.0,0.0,0.0,0.0,0.0,0.0,0.0
Escherichia coli e35c9218-7bb8-11e9-a8d3-68b59976a384,562.98932,0.0,0.0,0.0,1.0,1.0,0.0,0.0,0.0,0.0,0.0
Escherichia coli e3713a88-7bb8-11e9-a8d3-68b59976a384,562.99084,1.0,1.0,1.0,1.0,1.0,0.0,0.0,0.0,0.0,1.0
Escherichia coli e37e1d38-7bb9-11e9-a8d3-68b59976a384,562.98036,1.0,0.0,0.0,,0.0,0.0,0.0,0.0,,1.0
Escherichia coli e3892a08-7bb8-11e9-a8d3-68b59976a384,562.99103,0.0,0.0,0.0,0.0,0.0,0.0,0.0,0.0,0.0,0.0
Escherichia coli e3993ea6-7bb9-11e9-a8d3-68b59976a384,562.100538,0.0,0.0,0.0,0.0,0.0,0.0,0.0,0.0,0.0,0.0
Escherichia coli e3b396de-7bb9-11e9-a8d3-68b59976a384,562.97911,1.0,,0.0,0.0,0.0,0.0,0.0,0.0,,0.0
Escherichia coli e3cc8130-7bb9-11e9-a8d3-68b59976a384,562.98026,0.0,0.0,0.0,,0.0,0.0,0.0,0.0,,0.0
Escherichia coli e3de954c-7bb8-11e9-a8d3-68b59976a384,562.99558,1.0,1.0,0.0,1.0,0.0,0.0,0.0,0.0,0.0,0.0
Escherichia coli e3e6f74a-7bb9-11e9-a8d3-68b59976a384,562.100542,0.0,0.0,0.0,0.0,0.0,0.0,0.0,0.0,0.0,0.0
Escherichia coli e3f450da-7bb8-11e9-a8d3-68b59976a384,562.99562,0.0,0.0,0.0,0.0,0.0,0.0,0.0,0.0,0.0,0.0
Escherichia coli e3f6bbee-7bb9-11e9-a8d3-68b59976a384,562.97912,0.0,,0.0,0.0,0.0,0.0,0.0,0.0,,0.0
Escherichia coli e4094a5c-7bb9-11e9-a8d3-68b59976a384,562.98029,0.0,0.0,0.0,,0.0,0.0,0.0,0.0,,0.0
Escherichia coli e40a2b26-7bb8-11e9-a8d3-68b59976a384,562.98947,0.0,0.0,0.0,0.0,0.0,0.0,0.0,0.0,0.0,0.0
Escherichia coli e41fae88-7bb8-11e9-a8d3-68b59976a384,562.99105,1.0,0.0,0.0,0.0,0.0,0.0,0.0,0.0,0.0,1.0
Escherichia coli e432c4e0-7bb9-11e9-a8d3-68b59976a384,562.97913,0.0,,0.0,0.0,0.0,0.0,0.0,0.0,,0.0
Escherichia coli e434a6d0-7bb8-11e9-a8d3-68b59976a384,562.99101,0.0,0.0,0.0,0.0,0.0,0.0,0.0,0.0,0.0,0.0
Escherichia coli e446861a-7bb9-11e9-a8d3-68b59976a384,562.98027,0.0,0.0,0.0,,0.0,0.0,0.0,0.0,,0.0
Escherichia coli e45a3b56-7bb9-11e9-a8d3-68b59976a384,562.100546,1.0,0.0,0.0,0.0,0.0,0.0,0.0,0.0,0.0,1.0
Escherichia coli e460dbc4-7bb8-11e9-a8d3-68b59976a384,562.99316,1.0,0.0,0.0,0.0,0.0,0.0,0.0,0.0,0.0,1.0
Escherichia coli e46cc190-7bb9-11e9-a8d3-68b59976a384,562.97915,1.0,,0.0,0.0,0.0,0.0,0.0,0.0,,0.0
Escherichia coli e47fe7a2-7bb9-11e9-a8d3-68b59976a384,562.98055,0.0,0.0,0.0,,0.0,0.0,0.0,0.0,,0.0
Escherichia coli e481b7f4-7bb8-11e9-a8d3-68b59976a384,562.99318,1.0,0.0,0.0,0.0,0.0,0.0,0.0,0.0,0.0,1.0
Escherichia coli e49773f0-7bb8-11e9-a8d3-68b59976a384,562.9957,1.0,0.0,0.0,0.0,0.0,0.0,0.0,0.0,0.0,0.0
Escherichia coli e49b92fe-7bb9-11e9-a8d3-68b59976a384,562.100544,1.0,0.0,0.0,1.0,0.0,0.0,0.0,0.0,0.0,0.0
Escherichia coli e4ac1c10-7bb8-11e9-a8d3-68b59976a384,562.99568,0.0,0.0,0.0,0.0,0.0,0.0,0.0,0.0,0.0,0.0
Escherichia coli e4ad104c-7bb9-11e9-a8d3-68b59976a384,562.97919,0.0,,0.0,0.0,0.0,0.0,0.0,0.0,,0.0
Escherichia coli e4c1ce7a-7bb8-11e9-a8d3-68b59976a384,562.99102,0.0,0.0,0.0,0.0,0.0,0.0,0.0,0.0,0.0,0.0
Escherichia coli e4c3754e-7bb9-11e9-a8d3-68b59976a384,562.98031,0.0,0.0,0.0,,0.0,0.0,0.0,0.0,,0.0
Escherichia coli e4d74c5a-7bb8-11e9-a8d3-68b59976a384,562.99104,0.0,0.0,0.0,0.0,0.0,0.0,0.0,0.0,0.0,0.0
Escherichia coli e4e09796-7bb9-11e9-a8d3-68b59976a384,562.100547,1.0,1.0,1.0,1.0,1.0,1.0,0.0,0.0,0.0,1.0
Escherichia coli e4ec8b6a-7bb8-11e9-a8d3-68b59976a384,562.99099,0.0,0.0,0.0,0.0,0.0,0.0,0.0,0.0,0.0,0.0
Escherichia coli e4f752e2-7bb9-11e9-a8d3-68b59976a384,562.97914,1.0,,0.0,0.0,0.0,0.0,0.0,0.0,,1.0
Escherichia coli e50150f4-7bb8-11e9-a8d3-68b59976a384,562.9932,1.0,0.0,0.0,0.0,1.0,0.0,0.0,0.0,0.0,1.0
Escherichia coli e5129f98-7bb9-11e9-a8d3-68b59976a384,562.9803,0.0,0.0,0.0,,0.0,0.0,0.0,0.0,,0.0
Escherichia coli e516934c-7bb8-11e9-a8d3-68b59976a384,562.99322,1.0,0.0,0.0,0.0,0.0,1.0,0.0,0.0,0.0,1.0
Escherichia coli e52c33b4-7bb8-11e9-a8d3-68b59976a384,562.99321,1.0,1.0,0.0,0.0,0.0,0.0,0.0,0.0,0.0,1.0
Escherichia coli e52da4e6-7bb9-11e9-a8d3-68b59976a384,562.10055,1.0,0.0,0.0,0.0,0.0,0.0,0.0,0.0,0.0,0.0
Escherichia coli e54161da-7bb8-11e9-a8d3-68b59976a384,562.99572,1.0,0.0,0.0,0.0,0.0,0.0,0.0,0.0,0.0,1.0
Escherichia coli e5490cea-7bb9-11e9-a8d3-68b59976a384,562.97918,1.0,,0.0,0.0,0.0,0.0,0.0,0.0,,0.0
Escherichia coli e555b34c-7bb8-11e9-a8d3-68b59976a384,562.99571,0.0,0.0,0.0,0.0,0.0,0.0,0.0,0.0,0.0,0.0
Escherichia coli e564cde0-7bb9-11e9-a8d3-68b59976a384,562.98041,1.0,0.0,0.0,,0.0,0.0,0.0,0.0,,1.0
Escherichia coli e571ad5e-7bb8-11e9-a8d3-68b59976a384,562.991,1.0,0.0,0.0,0.0,0.0,0.0,0.0,0.0,0.0,0.0
Escherichia coli e5800736-7bb9-11e9-a8d3-68b59976a384,562.100552,0.0,0.0,0.0,0.0,0.0,0.0,0.0,0.0,0.0,0.0
Escherichia coli e5869e44-7bb8-11e9-a8d3-68b59976a384,562.99109,0.0,0.0,0.0,0.0,0.0,0.0,0.0,0.0,0.0,0.0
Escherichia coli e59b7ecc-7bb8-11e9-a8d3-68b59976a384,562.99106,0.0,0.0,0.0,0.0,0.0,0.0,0.0,0.0,0.0,0.0
Escherichia coli e59b810a-7bb9-11e9-a8d3-68b59976a384,562.97917,0.0,,0.0,0.0,0.0,0.0,0.0,0.0,,0.0
Escherichia coli e5b09a32-7bb8-11e9-a8d3-68b59976a384,562.99323,1.0,0.0,0.0,0.0,0.0,0.0,0.0,0.0,0.0,1.0
Escherichia coli e5b58352-7bb9-11e9-a8d3-68b59976a384,562.98043,0.0,0.0,0.0,,0.0,0.0,0.0,0.0,,0.0
Escherichia coli e5c68a22-7bb8-11e9-a8d3-68b59976a384,562.99317,0.0,0.0,0.0,0.0,0.0,0.0,0.0,0.0,0.0,0.0
Escherichia coli e5cff552-7bb9-11e9-a8d3-68b59976a384,562.100557,0.0,0.0,0.0,0.0,0.0,0.0,0.0,0.0,0.0,0.0
Escherichia coli e5dc8552-7bb8-11e9-a8d3-68b59976a384,562.99324,0.0,0.0,0.0,0.0,0.0,0.0,0.0,0.0,0.0,0.0
Escherichia coli e5ea25d0-7bb9-11e9-a8d3-68b59976a384,562.97916,1.0,,0.0,0.0,0.0,0.0,0.0,0.0,,0.0
Escherichia coli e5f4199c-7bb8-11e9-a8d3-68b59976a384,562.99573,1.0,0.0,0.0,0.0,1.0,1.0,0.0,0.0,0.0,1.0
Escherichia coli e60494e2-7bb9-11e9-a8d3-68b59976a384,562.98045,1.0,0.0,0.0,,0.0,0.0,0.0,0.0,,1.0
Escherichia coli e608bc62-7bb8-11e9-a8d3-68b59976a384,562.99575,0.0,0.0,0.0,0.0,0.0,0.0,0.0,0.0,0.0,0.0
Escherichia coli e61df582-7bb8-11e9-a8d3-68b59976a384,562.99107,0.0,0.0,0.0,0.0,0.0,0.0,0.0,0.0,0.0,0.0
Escherichia coli e61f8176-7bb9-11e9-a8d3-68b59976a384,562.100558,1.0,0.0,0.0,0.0,0.0,0.0,0.0,0.0,0.0,1.0
Escherichia coli e631eba0-7bb8-11e9-a8d3-68b59976a384,562.99113,0.0,0.0,0.0,0.0,0.0,0.0,0.0,0.0,0.0,0.0
Escherichia coli e639fcfe-7bb9-11e9-a8d3-68b59976a384,562.97922,0.0,,0.0,0.0,0.0,0.0,0.0,0.0,,0.0
Escherichia coli e645eeca-7bb8-11e9-a8d3-68b59976a384,562.99112,0.0,0.0,0.0,0.0,0.0,0.0,0.0,0.0,0.0,0.0
Escherichia coli e65577e0-7bb9-11e9-a8d3-68b59976a384,562.98028,0.0,0.0,0.0,,0.0,0.0,0.0,0.0,,0.0
Escherichia coli e65b45d6-7bb8-11e9-a8d3-68b59976a384,562.99319,0.0,0.0,0.0,0.0,0.0,0.0,0.0,0.0,0.0,0.0
Escherichia coli e671d076-7bb8-11e9-a8d3-68b59976a384,562.99333,1.0,0.0,0.0,0.0,0.0,0.0,0.0,0.0,0.0,1.0
Escherichia coli e685a1be-7bb8-11e9-a8d3-68b59976a384,562.99336,1.0,1.0,1.0,0.0,1.0,0.0,0.0,1.0,0.0,1.0
Escherichia coli e69a0f82-7bb8-11e9-a8d3-68b59976a384,562.99576,0.0,0.0,0.0,0.0,0.0,0.0,0.0,0.0,0.0,0.0
Escherichia coli e6c260fe-7bb8-11e9-a8d3-68b59976a384,562.99124,1.0,0.0,0.0,0.0,0.0,0.0,0.0,0.0,0.0,1.0
Escherichia coli e6d65424-7bb8-11e9-a8d3-68b59976a384,562.99119,0.0,0.0,0.0,0.0,0.0,0.0,0.0,0.0,0.0,0.0
Escherichia coli e6eb541e-7bb8-11e9-a8d3-68b59976a384,562.99114,0.0,0.0,0.0,0.0,0.0,0.0,0.0,0.0,0.0,0.0
Escherichia coli e700856e-7bb8-11e9-a8d3-68b59976a384,562.99327,0.0,0.0,0.0,0.0,0.0,0.0,0.0,0.0,0.0,0.0
Escherichia coli e714f828-7bb8-11e9-a8d3-68b59976a384,562.99341,0.0,0.0,0.0,0.0,0.0,0.0,0.0,0.0,0.0,1.0
Escherichia coli e7295ade-7bb8-11e9-a8d3-68b59976a384,562.99578,1.0,0.0,0.0,0.0,0.0,0.0,0.0,0.0,0.0,1.0
Escherichia coli e73dab42-7bb8-11e9-a8d3-68b59976a384,562.99577,0.0,0.0,0.0,0.0,0.0,0.0,0.0,0.0,0.0,0.0
Escherichia coli e7530c08-7bb8-11e9-a8d3-68b59976a384,562.99574,1.0,0.0,0.0,0.0,0.0,0.0,0.0,0.0,0.0,0.0
Escherichia coli e767b72a-7bb8-11e9-a8d3-68b59976a384,562.99123,1.0,0.0,0.0,0.0,0.0,0.0,0.0,0.0,0.0,0.0
Escherichia coli e77cfa9a-7bb8-11e9-a8d3-68b59976a384,562.9911,1.0,0.0,0.0,0.0,0.0,0.0,0.0,0.0,0.0,0.0
Escherichia coli e792ac32-7bb8-11e9-a8d3-68b59976a384,562.99342,1.0,0.0,0.0,0.0,0.0,1.0,0.0,0.0,0.0,0.0
Escherichia coli e7a782d8-7bb8-11e9-a8d3-68b59976a384,562.99343,1.0,0.0,0.0,1.0,1.0,0.0,0.0,0.0,0.0,1.0
Escherichia coli e7d1e50a-7bb8-11e9-a8d3-68b59976a384,562.99585,0.0,0.0,0.0,0.0,0.0,0.0,0.0,0.0,0.0,0.0
Escherichia coli e7e7dd24-7bb8-11e9-a8d3-68b59976a384,562.99583,1.0,0.0,0.0,0.0,0.0,0.0,0.0,0.0,0.0,1.0
Escherichia coli e7fca8e4-7bb8-11e9-a8d3-68b59976a384,562.99867,0.0,0.0,0.0,0.0,0.0,0.0,0.0,0.0,0.0,0.0
Escherichia coli e811ba0e-7bb8-11e9-a8d3-68b59976a384,562.99117,1.0,0.0,0.0,0.0,0.0,0.0,0.0,0.0,0.0,0.0
Escherichia coli e8277a88-7bb8-11e9-a8d3-68b59976a384,562.9912,0.0,0.0,0.0,0.0,0.0,0.0,0.0,0.0,0.0,0.0
Escherichia coli e87c4522-7bb8-11e9-a8d3-68b59976a384,562.99582,1.0,0.0,0.0,0.0,0.0,0.0,0.0,0.0,0.0,1.0
Escherichia coli e890f120-7bb8-11e9-a8d3-68b59976a384,562.99586,0.0,0.0,0.0,0.0,0.0,0.0,0.0,0.0,0.0,0.0
Escherichia coli e8a66f82-7bb8-11e9-a8d3-68b59976a384,562.99872,1.0,0.0,0.0,0.0,0.0,0.0,0.0,1.0,0.0,0.0
Escherichia coli e8bbd2d2-7bb8-11e9-a8d3-68b59976a384,562.99873,0.0,0.0,0.0,0.0,0.0,0.0,0.0,0.0,0.0,0.0
Escherichia coli e8d0fe46-7bb8-11e9-a8d3-68b59976a384,562.99874,0.0,0.0,0.0,0.0,0.0,0.0,0.0,0.0,0.0,0.0
Escherichia coli e8e50e2c-7bb8-11e9-a8d3-68b59976a384,562.99876,0.0,0.0,0.0,0.0,0.0,0.0,0.0,0.0,0.0,0.0
Escherichia coli e8f86b98-7bb8-11e9-a8d3-68b59976a384,562.100163,1.0,0.0,0.0,0.0,0.0,0.0,0.0,0.0,0.0,1.0
Escherichia coli e90d1246-7bb8-11e9-a8d3-68b59976a384,562.100162,1.0,0.0,0.0,0.0,0.0,0.0,0.0,0.0,0.0,0.0
Escherichia coli e9212d12-7bb8-11e9-a8d3-68b59976a384,562.100173,1.0,0.0,0.0,0.0,1.0,0.0,0.0,0.0,0.0,1.0
Escherichia coli e9352f42-7bb8-11e9-a8d3-68b59976a384,562.100177,0.0,0.0,0.0,0.0,0.0,0.0,0.0,0.0,0.0,0.0
Escherichia coli e948e96a-7bb8-11e9-a8d3-68b59976a384,562.100418,1.0,0.0,0.0,0.0,1.0,0.0,0.0,0.0,0.0,0.0
Escherichia coli e95d699e-7bb8-11e9-a8d3-68b59976a384,562.99842,1.0,1.0,1.0,1.0,1.0,0.0,0.0,0.0,0.0,0.0
Escherichia coli e9719fb8-7bb8-11e9-a8d3-68b59976a384,562.99852,0.0,0.0,0.0,0.0,0.0,0.0,0.0,0.0,0.0,0.0
Escherichia coli e9862bd6-7bb8-11e9-a8d3-68b59976a384,562.99857,0.0,0.0,0.0,0.0,0.0,0.0,0.0,0.0,0.0,0.0
Escherichia coli e99a3482-7bb8-11e9-a8d3-68b59976a384,562.100145,1.0,0.0,0.0,0.0,0.0,0.0,0.0,0.0,0.0,1.0
Escherichia coli e9ae3ca2-7bb8-11e9-a8d3-68b59976a384,562.100153,1.0,0.0,0.0,0.0,0.0,0.0,0.0,0.0,0.0,1.0
Escherichia coli e9c25c5a-7bb8-11e9-a8d3-68b59976a384,562.100018,1.0,1.0,1.0,1.0,1.0,0.0,0.0,0.0,0.0,1.0
Escherichia coli e9d6bbd2-7bb8-11e9-a8d3-68b59976a384,562.100159,0.0,0.0,0.0,0.0,0.0,0.0,0.0,0.0,0.0,0.0
Escherichia coli e9eb5542-7bb8-11e9-a8d3-68b59976a384,562.100478,1.0,0.0,0.0,0.0,0.0,0.0,0.0,0.0,0.0,1.0
Escherichia coli ea0054a6-7bb8-11e9-a8d3-68b59976a384,562.99759,1.0,0.0,0.0,0.0,0.0,0.0,0.0,0.0,0.0,1.0
Escherichia coli ea14cd46-7bb8-11e9-a8d3-68b59976a384,562.99877,0.0,0.0,0.0,0.0,0.0,0.0,0.0,0.0,0.0,0.0
Escherichia coli ea29ce3a-7bb8-11e9-a8d3-68b59976a384,562.99881,1.0,0.0,0.0,0.0,0.0,0.0,0.0,0.0,0.0,1.0
Escherichia coli ea3e4f9a-7bb8-11e9-a8d3-68b59976a384,562.100021,0.0,0.0,0.0,0.0,0.0,0.0,0.0,0.0,0.0,0.0
Escherichia coli ea537b86-7bb8-11e9-a8d3-68b59976a384,562.100165,1.0,0.0,0.0,0.0,0.0,0.0,0.0,0.0,0.0,0.0
Escherichia coli ea6a63d2-7bb8-11e9-a8d3-68b59976a384,562.100169,1.0,0.0,0.0,0.0,0.0,0.0,0.0,0.0,0.0,1.0
Escherichia coli ea7f599a-7bb8-11e9-a8d3-68b59976a384,562.100172,0.0,0.0,0.0,0.0,0.0,0.0,0.0,0.0,0.0,0.0
Escherichia coli ea9545d4-7bb8-11e9-a8d3-68b59976a384,562.100485,0.0,0.0,0.0,0.0,0.0,0.0,0.0,0.0,0.0,0.0
Escherichia coli eaaa85a2-7bb8-11e9-a8d3-68b59976a384,562.99879,0.0,0.0,0.0,0.0,0.0,0.0,0.0,0.0,0.0,0.0
Escherichia coli eabf41cc-7bb8-11e9-a8d3-68b59976a384,562.99886,0.0,0.0,0.0,0.0,0.0,0.0,0.0,0.0,0.0,0.0
Escherichia coli ead508c2-7bb8-11e9-a8d3-68b59976a384,562.99885,0.0,0.0,0.0,0.0,1.0,0.0,0.0,0.0,0.0,0.0
Escherichia coli eaea6f32-7bb8-11e9-a8d3-68b59976a384,562.100174,0.0,0.0,0.0,0.0,0.0,0.0,0.0,0.0,0.0,0.0
Escherichia coli eaff391c-7bb8-11e9-a8d3-68b59976a384,562.100175,1.0,0.0,0.0,0.0,0.0,0.0,0.0,0.0,0.0,0.0
Escherichia coli eb1502a6-7bb8-11e9-a8d3-68b59976a384,562.100176,0.0,0.0,0.0,0.0,0.0,0.0,0.0,0.0,0.0,0.0
Escherichia coli eb2a5b38-7bb8-11e9-a8d3-68b59976a384,562.10049,1.0,0.0,0.0,0.0,0.0,0.0,0.0,0.0,0.0,1.0
Escherichia coli eb48b56a-7bb8-11e9-a8d3-68b59976a384,562.100491,1.0,0.0,0.0,0.0,0.0,0.0,0.0,0.0,0.0,0.0
Escherichia coli eb5c78ca-7bb8-11e9-a8d3-68b59976a384,562.9983,1.0,1.0,1.0,1.0,1.0,0.0,0.0,0.0,0.0,1.0
Escherichia coli eb70b510-7bb8-11e9-a8d3-68b59976a384,562.99831,1.0,0.0,0.0,0.0,0.0,0.0,0.0,1.0,0.0,1.0
Escherichia coli eb859cf0-7bb8-11e9-a8d3-68b59976a384,562.99832,0.0,0.0,0.0,0.0,0.0,0.0,0.0,0.0,0.0,0.0
Escherichia coli eb9abfe0-7bb8-11e9-a8d3-68b59976a384,562.100112,0.0,0.0,0.0,0.0,0.0,0.0,0.0,0.0,0.0,0.0
Escherichia coli ebb1eb16-7bb8-11e9-a8d3-68b59976a384,562.100114,1.0,1.0,1.0,1.0,1.0,1.0,0.0,0.0,0.0,1.0
Escherichia coli ebc7d1ba-7bb8-11e9-a8d3-68b59976a384,562.100113,0.0,0.0,0.0,0.0,0.0,0.0,0.0,0.0,0.0,0.0
Escherichia coli ebded20c-7bb8-11e9-a8d3-68b59976a384,562.100419,0.0,0.0,0.0,0.0,0.0,0.0,0.0,0.0,0.0,0.0
Escherichia coli ebf3598e-7bb8-11e9-a8d3-68b59976a384,562.100423,0.0,0.0,0.0,0.0,0.0,0.0,0.0,0.0,0.0,1.0
Escherichia coli ec06d81a-7bb8-11e9-a8d3-68b59976a384,562.99756,0.0,0.0,0.0,0.0,0.0,1.0,0.0,0.0,0.0,0.0
Escherichia coli ec1bdff8-7bb8-11e9-a8d3-68b59976a384,562.99841,1.0,0.0,0.0,0.0,1.0,0.0,0.0,0.0,0.0,1.0
Escherichia coli ec305f96-7bb8-11e9-a8d3-68b59976a384,562.99839,1.0,1.0,1.0,1.0,1.0,0.0,0.0,0.0,0.0,1.0
Escherichia coli ec44ca44-7bb8-11e9-a8d3-68b59976a384,562.100118,0.0,0.0,0.0,0.0,0.0,0.0,0.0,0.0,0.0,0.0
Escherichia coli ec59adec-7bb8-11e9-a8d3-68b59976a384,562.10012,0.0,0.0,0.0,0.0,0.0,0.0,0.0,0.0,0.0,0.0
Escherichia coli ec6e391a-7bb8-11e9-a8d3-68b59976a384,562.100123,1.0,0.0,0.0,0.0,1.0,0.0,0.0,0.0,0.0,1.0
Escherichia coli ec82d5b4-7bb8-11e9-a8d3-68b59976a384,562.100429,1.0,0.0,0.0,0.0,1.0,0.0,0.0,0.0,0.0,0.0
Escherichia coli ec97e1e8-7bb8-11e9-a8d3-68b59976a384,562.100428,0.0,0.0,0.0,0.0,0.0,0.0,0.0,0.0,0.0,0.0
Escherichia coli ecabd68a-7bb8-11e9-a8d3-68b59976a384,562.99754,1.0,1.0,1.0,1.0,1.0,1.0,0.0,0.0,0.0,1.0
Escherichia coli ecc175c6-7bb8-11e9-a8d3-68b59976a384,562.99843,0.0,0.0,0.0,0.0,0.0,0.0,0.0,0.0,0.0,0.0
Escherichia coli ecd7bab6-7bb8-11e9-a8d3-68b59976a384,562.99836,0.0,0.0,0.0,0.0,0.0,0.0,0.0,0.0,0.0,0.0
Escherichia coli ececcb2c-7bb8-11e9-a8d3-68b59976a384,562.100126,0.0,0.0,0.0,0.0,0.0,0.0,0.0,0.0,0.0,0.0
Escherichia coli ed013f94-7bb8-11e9-a8d3-68b59976a384,562.100127,0.0,0.0,0.0,0.0,0.0,0.0,0.0,0.0,0.0,0.0
Escherichia coli ed1547c8-7bb8-11e9-a8d3-68b59976a384,562.100124,0.0,0.0,0.0,0.0,1.0,0.0,0.0,0.0,0.0,0.0
Escherichia coli ed296730-7bb8-11e9-a8d3-68b59976a384,562.100433,0.0,0.0,0.0,0.0,0.0,0.0,0.0,0.0,0.0,1.0
Escherichia coli ed539cbc-7bb8-11e9-a8d3-68b59976a384,562.99847,1.0,0.0,0.0,0.0,1.0,0.0,0.0,0.0,0.0,1.0
Escherichia coli ed681138-7bb8-11e9-a8d3-68b59976a384,562.99846,1.0,0.0,0.0,0.0,0.0,0.0,0.0,0.0,0.0,0.0
Escherichia coli ed7cdf32-7bb8-11e9-a8d3-68b59976a384,562.99848,0.0,0.0,0.0,0.0,0.0,0.0,0.0,0.0,0.0,0.0
Escherichia coli ed933994-7bb8-11e9-a8d3-68b59976a384,562.100128,0.0,0.0,0.0,0.0,0.0,0.0,0.0,0.0,0.0,0.0
Escherichia coli edad6c06-7bb8-11e9-a8d3-68b59976a384,562.10013,1.0,1.0,1.0,1.0,0.0,0.0,0.0,0.0,0.0,0.0
Escherichia coli edc5e38a-7bb8-11e9-a8d3-68b59976a384,562.100131,0.0,0.0,0.0,0.0,0.0,0.0,0.0,0.0,0.0,0.0
Escherichia coli ede0c9ac-7bb8-11e9-a8d3-68b59976a384,562.100438,1.0,0.0,0.0,0.0,0.0,0.0,0.0,0.0,0.0,0.0
Escherichia coli edfc5a5a-7bb8-11e9-a8d3-68b59976a384,562.100442,1.0,0.0,0.0,0.0,1.0,1.0,0.0,0.0,0.0,0.0
Escherichia coli ee176192-7bb8-11e9-a8d3-68b59976a384,562.99853,1.0,0.0,0.0,0.0,0.0,0.0,0.0,0.0,0.0,1.0
Escherichia coli ee326a1e-7bb8-11e9-a8d3-68b59976a384,562.99851,0.0,0.0,0.0,0.0,0.0,0.0,0.0,0.0,0.0,0.0
Escherichia coli ee4d65bc-7bb8-11e9-a8d3-68b59976a384,562.99855,0.0,0.0,0.0,0.0,0.0,0.0,0.0,0.0,0.0,0.0
Escherichia coli ee6794b4-7bb8-11e9-a8d3-68b59976a384,562.100133,0.0,0.0,0.0,0.0,0.0,0.0,0.0,0.0,0.0,0.0
Escherichia coli ee8338b8-7bb8-11e9-a8d3-68b59976a384,562.100136,1.0,0.0,0.0,0.0,0.0,0.0,0.0,0.0,0.0,0.0
Escherichia coli ee9e0eae-7bb8-11e9-a8d3-68b59976a384,562.100135,1.0,0.0,0.0,0.0,0.0,0.0,0.0,0.0,0.0,1.0
Escherichia coli eeb9ad4e-7bb8-11e9-a8d3-68b59976a384,562.100446,1.0,0.0,0.0,0.0,0.0,0.0,0.0,0.0,0.0,1.0
Escherichia coli eed802bc-7bb8-11e9-a8d3-68b59976a384,562.100448,0.0,0.0,0.0,0.0,0.0,0.0,0.0,0.0,0.0,0.0
Escherichia coli ef0c2ad8-7bb8-11e9-a8d3-68b59976a384,562.99858,1.0,0.0,0.0,0.0,0.0,0.0,0.0,0.0,0.0,0.0
Escherichia coli ef2531c2-7bb8-11e9-a8d3-68b59976a384,562.99859,1.0,0.0,0.0,0.0,1.0,1.0,0.0,0.0,0.0,1.0
Escherichia coli ef3f08fe-7bb8-11e9-a8d3-68b59976a384,562.100138,1.0,0.0,0.0,0.0,0.0,0.0,0.0,0.0,0.0,1.0
Escherichia coli ef586f10-7bb8-11e9-a8d3-68b59976a384,562.100139,1.0,0.0,0.0,0.0,1.0,1.0,0.0,0.0,0.0,0.0
Escherichia coli ef72b1ae-7bb8-11e9-a8d3-68b59976a384,562.100023,1.0,1.0,1.0,1.0,1.0,1.0,0.0,0.0,0.0,1.0
Escherichia coli ef8c5db6-7bb8-11e9-a8d3-68b59976a384,562.10045,1.0,0.0,0.0,0.0,0.0,0.0,0.0,0.0,0.0,0.0
Escherichia coli efa66ddc-7bb8-11e9-a8d3-68b59976a384,562.100456,0.0,0.0,0.0,0.0,0.0,1.0,0.0,0.0,0.0,1.0
Escherichia coli efbf4564-7bb8-11e9-a8d3-68b59976a384,562.99862,1.0,1.0,1.0,1.0,1.0,1.0,0.0,0.0,0.0,1.0
Escherichia coli efd991da-7bb8-11e9-a8d3-68b59976a384,562.99863,0.0,0.0,0.0,0.0,0.0,0.0,0.0,0.0,0.0,0.0
Escherichia coli eff34670-7bb8-11e9-a8d3-68b59976a384,562.100141,0.0,0.0,0.0,0.0,0.0,0.0,0.0,0.0,0.0,0.0
Escherichia coli f00cec6a-7bb8-11e9-a8d3-68b59976a384,562.100144,1.0,0.0,0.0,0.0,0.0,0.0,0.0,0.0,0.0,1.0
Escherichia coli f026ed18-7bb8-11e9-a8d3-68b59976a384,562.100146,0.0,0.0,0.0,0.0,0.0,0.0,0.0,0.0,0.0,0.0
Escherichia coli f0412480-7bb8-11e9-a8d3-68b59976a384,562.100147,1.0,0.0,0.0,0.0,1.0,1.0,0.0,0.0,0.0,0.0
Escherichia coli f05b4c7a-7bb8-11e9-a8d3-68b59976a384,562.100458,1.0,0.0,0.0,0.0,0.0,0.0,0.0,0.0,0.0,0.0
Escherichia coli f07507fa-7bb8-11e9-a8d3-68b59976a384,562.100461,0.0,0.0,0.0,0.0,0.0,0.0,0.0,0.0,0.0,0.0
Escherichia coli f08f4480-7bb8-11e9-a8d3-68b59976a384,562.99865,0.0,0.0,0.0,0.0,0.0,0.0,0.0,0.0,0.0,0.0
Escherichia coli f0a79666-7bb8-11e9-a8d3-68b59976a384,562.99866,1.0,0.0,0.0,0.0,1.0,0.0,0.0,0.0,0.0,0.0
Escherichia coli f0c1ed22-7bb8-11e9-a8d3-68b59976a384,562.100149,0.0,0.0,0.0,0.0,0.0,0.0,0.0,0.0,0.0,0.0
Escherichia coli f0dc627e-7bb8-11e9-a8d3-68b59976a384,562.100151,1.0,0.0,0.0,0.0,1.0,0.0,0.0,0.0,0.0,1.0
Escherichia coli f0f75426-7bb8-11e9-a8d3-68b59976a384,562.100152,0.0,0.0,0.0,0.0,0.0,0.0,0.0,0.0,0.0,0.0
Escherichia coli f111a04c-7bb8-11e9-a8d3-68b59976a384,562.100154,1.0,0.0,0.0,0.0,0.0,0.0,0.0,0.0,0.0,0.0
Escherichia coli f12d5c42-7bb8-11e9-a8d3-68b59976a384,562.100465,0.0,0.0,0.0,0.0,0.0,0.0,0.0,0.0,0.0,0.0
Escherichia coli f14714ca-7bb8-11e9-a8d3-68b59976a384,562.100464,0.0,0.0,0.0,0.0,0.0,0.0,0.0,0.0,0.0,0.0
Escherichia coli f16399ce-7bb8-11e9-a8d3-68b59976a384,562.100467,0.0,0.0,0.0,0.0,1.0,0.0,0.0,0.0,0.0,0.0
Escherichia coli f17f2c8e-7bb8-11e9-a8d3-68b59976a384,562.100469,1.0,0.0,0.0,0.0,0.0,0.0,0.0,0.0,0.0,0.0
Escherichia coli f19be8d8-7bb8-11e9-a8d3-68b59976a384,562.100819,1.0,0.0,0.0,,0.0,0.0,0.0,0.0,0.0,1.0
Escherichia coli f1b77224-7bb8-11e9-a8d3-68b59976a384,562.100821,0.0,0.0,0.0,,0.0,0.0,0.0,0.0,0.0,0.0
Escherichia coli f1d23924-7bb8-11e9-a8d3-68b59976a384,562.10082,1.0,0.0,0.0,,0.0,0.0,0.0,0.0,0.0,0.0
Escherichia coli f1eb8ef6-7bb8-11e9-a8d3-68b59976a384,562.99871,1.0,0.0,1.0,1.0,1.0,0.0,0.0,0.0,0.0,1.0
Escherichia coli f2064534-7bb8-11e9-a8d3-68b59976a384,562.9987,1.0,0.0,0.0,0.0,0.0,1.0,0.0,0.0,0.0,0.0
Escherichia coli f2273866-7bb8-11e9-a8d3-68b59976a384,562.100158,0.0,0.0,0.0,0.0,0.0,0.0,0.0,0.0,0.0,0.0
Escherichia coli f242e138-7bb8-11e9-a8d3-68b59976a384,562.100477,1.0,0.0,0.0,0.0,0.0,0.0,0.0,0.0,0.0,0.0
Escherichia coli f25e12b4-7bb8-11e9-a8d3-68b59976a384,562.100824,1.0,0.0,0.0,,0.0,0.0,0.0,0.0,0.0,0.0
Escherichia coli f27b7f7a-7bb8-11e9-a8d3-68b59976a384,562.100831,1.0,0.0,0.0,,1.0,0.0,0.0,0.0,0.0,1.0
Escherichia coli f2989204-7bb8-11e9-a8d3-68b59976a384,562.100826,0.0,0.0,0.0,,0.0,0.0,0.0,0.0,0.0,0.0
Escherichia coli f2b43c52-7bb8-11e9-a8d3-68b59976a384,562.99827,0.0,0.0,0.0,0.0,0.0,0.0,0.0,0.0,0.0,0.0
Escherichia coli f2da6bd4-7bb8-11e9-a8d3-68b59976a384,562.99882,1.0,0.0,1.0,1.0,1.0,0.0,0.0,0.0,0.0,1.0
Escherichia coli f2f4c038-7bb8-11e9-a8d3-68b59976a384,562.99828,0.0,0.0,0.0,0.0,0.0,0.0,0.0,0.0,0.0,0.0
Escherichia coli f30eae9e-7bb8-11e9-a8d3-68b59976a384,562.100116,1.0,0.0,0.0,1.0,1.0,1.0,0.0,1.0,0.0,1.0
Escherichia coli f32b1d86-7bb8-11e9-a8d3-68b59976a384,562.10043,0.0,0.0,0.0,0.0,0.0,0.0,0.0,0.0,0.0,0.0
Escherichia coli f344c7ea-7bb8-11e9-a8d3-68b59976a384,562.100793,1.0,0.0,1.0,,1.0,0.0,0.0,0.0,0.0,1.0
Escherichia coli f35eca50-7bb8-11e9-a8d3-68b59976a384,562.100802,1.0,1.0,1.0,,1.0,1.0,0.0,0.0,0.0,0.0
Escherichia coli f379e7d6-7bb8-11e9-a8d3-68b59976a384,562.100811,0.0,0.0,0.0,,1.0,0.0,0.0,0.0,0.0,1.0
Escherichia coli f39406fc-7bb8-11e9-a8d3-68b59976a384,562.99869,0.0,0.0,0.0,0.0,0.0,0.0,0.0,0.0,0.0,0.0
Escherichia coli f3ae25d2-7bb8-11e9-a8d3-68b59976a384,562.99875,1.0,0.0,0.0,1.0,0.0,0.0,0.0,0.0,0.0,1.0
Escherichia coli f3c7c884-7bb8-11e9-a8d3-68b59976a384,562.99878,0.0,0.0,0.0,0.0,0.0,0.0,0.0,0.0,0.0,0.0
Escherichia coli f3e45314-7bb8-11e9-a8d3-68b59976a384,562.100164,1.0,0.0,0.0,0.0,0.0,0.0,0.0,0.0,0.0,0.0
Escherichia coli f3fdcc54-7bb8-11e9-a8d3-68b59976a384,562.100482,1.0,0.0,0.0,0.0,0.0,0.0,0.0,0.0,0.0,1.0
Escherichia coli f419d412-7bb8-11e9-a8d3-68b59976a384,562.10083,0.0,0.0,0.0,,0.0,0.0,0.0,0.0,0.0,0.0
Escherichia coli f4353180-7bb8-11e9-a8d3-68b59976a384,562.100829,1.0,0.0,0.0,,1.0,0.0,0.0,0.0,0.0,1.0
Escherichia coli f4502d46-7bb8-11e9-a8d3-68b59976a384,562.100832,0.0,0.0,0.0,,0.0,0.0,0.0,0.0,0.0,0.0
Escherichia coli f473fa6e-7bb8-11e9-a8d3-68b59976a384,562.9988,0.0,0.0,0.0,0.0,0.0,0.0,0.0,0.0,0.0,0.0
Escherichia coli f48e781c-7bb8-11e9-a8d3-68b59976a384,562.99884,1.0,0.0,0.0,0.0,0.0,0.0,0.0,0.0,0.0,0.0
Escherichia coli f4a956c8-7bb8-11e9-a8d3-68b59976a384,562.99883,0.0,0.0,0.0,0.0,0.0,0.0,0.0,0.0,0.0,0.0
Escherichia coli f4c42a20-7bb8-11e9-a8d3-68b59976a384,562.10017,1.0,0.0,0.0,0.0,0.0,0.0,0.0,0.0,0.0,1.0
Escherichia coli f4dee810-7bb8-11e9-a8d3-68b59976a384,562.100486,1.0,0.0,0.0,0.0,1.0,0.0,0.0,0.0,0.0,1.0
Escherichia coli f4fa6f9a-7bb8-11e9-a8d3-68b59976a384,562.100835,0.0,0.0,0.0,,0.0,0.0,0.0,0.0,0.0,0.0
Escherichia coli f515939c-7bb8-11e9-a8d3-68b59976a384,562.100837,1.0,0.0,0.0,,1.0,0.0,0.0,0.0,0.0,1.0
Escherichia coli f53325f6-7bb8-11e9-a8d3-68b59976a384,562.100839,0.0,0.0,0.0,,0.0,0.0,0.0,0.0,0.0,0.0
Escherichia coli f54e5c0e-7bb8-11e9-a8d3-68b59976a384,562.99887,1.0,0.0,0.0,0.0,0.0,0.0,0.0,0.0,0.0,0.0
Escherichia coli f5692264-7bb8-11e9-a8d3-68b59976a384,562.99829,0.0,0.0,0.0,0.0,0.0,0.0,0.0,0.0,0.0,0.0
Escherichia coli f58bc8f0-7bb8-11e9-a8d3-68b59976a384,562.99833,1.0,0.0,0.0,0.0,0.0,0.0,0.0,1.0,0.0,1.0
Escherichia coli f5a55022-7bb8-11e9-a8d3-68b59976a384,562.10011,0.0,0.0,0.0,0.0,0.0,0.0,0.0,0.0,0.0,0.0
Escherichia coli f5bfee0a-7bb8-11e9-a8d3-68b59976a384,562.100416,1.0,0.0,0.0,0.0,0.0,0.0,0.0,0.0,0.0,1.0
Escherichia coli f5dad0bc-7bb8-11e9-a8d3-68b59976a384,562.100769,0.0,0.0,0.0,,0.0,0.0,0.0,0.0,0.0,0.0
Escherichia coli f5f50298-7bb8-11e9-a8d3-68b59976a384,562.100772,0.0,0.0,0.0,,1.0,0.0,0.0,0.0,0.0,1.0
Escherichia coli f60f6bba-7bb8-11e9-a8d3-68b59976a384,562.100773,1.0,0.0,0.0,,0.0,0.0,0.0,0.0,0.0,0.0
Escherichia coli f6298f0e-7bb8-11e9-a8d3-68b59976a384,562.99834,1.0,1.0,1.0,1.0,1.0,1.0,0.0,1.0,0.0,1.0
Escherichia coli f649a96a-7bb8-11e9-a8d3-68b59976a384,562.99837,0.0,0.0,0.0,0.0,0.0,0.0,0.0,0.0,0.0,0.0
Escherichia coli f665f5d4-7bb8-11e9-a8d3-68b59976a384,562.9984,0.0,0.0,0.0,0.0,0.0,0.0,0.0,0.0,0.0,0.0
Escherichia coli f6894264-7bb8-11e9-a8d3-68b59976a384,562.100119,1.0,1.0,1.0,1.0,1.0,1.0,0.0,0.0,0.0,1.0
Escherichia coli f6a31cac-7bb8-11e9-a8d3-68b59976a384,562.100422,1.0,0.0,0.0,0.0,0.0,0.0,0.0,0.0,0.0,1.0
Escherichia coli f6bd6bd4-7bb8-11e9-a8d3-68b59976a384,562.100777,1.0,0.0,0.0,,0.0,0.0,0.0,0.0,0.0,0.0
Escherichia coli f6d70c38-7bb8-11e9-a8d3-68b59976a384,562.100779,1.0,0.0,0.0,,0.0,0.0,0.0,0.0,0.0,1.0
Escherichia coli f6efdb6e-7bb8-11e9-a8d3-68b59976a384,562.100778,0.0,0.0,0.0,,0.0,0.0,0.0,0.0,0.0,0.0
Escherichia coli f709c5a6-7bb8-11e9-a8d3-68b59976a384,562.99844,0.0,0.0,0.0,0.0,0.0,0.0,0.0,0.0,0.0,0.0
Escherichia coli f723e044-7bb8-11e9-a8d3-68b59976a384,562.99835,0.0,0.0,0.0,0.0,0.0,0.0,0.0,0.0,0.0,0.0
Escherichia coli f73d5a74-7bb8-11e9-a8d3-68b59976a384,562.99838,0.0,0.0,0.0,0.0,0.0,0.0,0.0,0.0,0.0,0.0
Escherichia coli f756dddc-7bb8-11e9-a8d3-68b59976a384,562.100125,0.0,0.0,0.0,0.0,0.0,0.0,0.0,0.0,0.0,0.0
Escherichia coli f7714578-7bb8-11e9-a8d3-68b59976a384,562.100431,0.0,0.0,0.0,0.0,0.0,0.0,0.0,0.0,0.0,0.0
Escherichia coli f78ed1e2-7bb8-11e9-a8d3-68b59976a384,562.100782,0.0,0.0,0.0,,0.0,0.0,0.0,0.0,0.0,0.0
Escherichia coli f7a8e320-7bb8-11e9-a8d3-68b59976a384,562.100784,1.0,1.0,1.0,,1.0,0.0,0.0,0.0,0.0,1.0
Escherichia coli f7c27cd6-7bb8-11e9-a8d3-68b59976a384,562.100785,0.0,0.0,0.0,,0.0,0.0,0.0,0.0,0.0,0.0
Escherichia coli f7dc3536-7bb8-11e9-a8d3-68b59976a384,562.99849,1.0,0.0,0.0,1.0,0.0,0.0,0.0,1.0,0.0,1.0
Escherichia coli f7f5b736-7bb8-11e9-a8d3-68b59976a384,562.99845,0.0,0.0,0.0,0.0,0.0,0.0,0.0,0.0,0.0,0.0
Escherichia coli f80f973c-7bb8-11e9-a8d3-68b59976a384,562.9985,0.0,0.0,0.0,0.0,0.0,0.0,0.0,0.0,0.0,0.0
Escherichia coli f829b220-7bb8-11e9-a8d3-68b59976a384,562.100132,0.0,1.0,1.0,0.0,0.0,0.0,0.0,0.0,0.0,0.0
Escherichia coli f84452ec-7bb8-11e9-a8d3-68b59976a384,562.100441,0.0,0.0,0.0,0.0,0.0,0.0,0.0,0.0,0.0,0.0
Escherichia coli f85e1b28-7bb8-11e9-a8d3-68b59976a384,562.100792,0.0,0.0,0.0,,0.0,0.0,0.0,0.0,0.0,0.0
Escherichia coli f8778e50-7bb8-11e9-a8d3-68b59976a384,562.100791,1.0,0.0,0.0,,1.0,0.0,0.0,0.0,0.0,1.0
Escherichia coli f890d900-7bb8-11e9-a8d3-68b59976a384,562.100796,0.0,0.0,0.0,,0.0,0.0,0.0,0.0,0.0,0.0
Escherichia coli f8aaf862-7bb8-11e9-a8d3-68b59976a384,562.99854,1.0,0.0,0.0,0.0,0.0,0.0,0.0,0.0,0.0,0.0
Escherichia coli f8c4c710-7bb8-11e9-a8d3-68b59976a384,562.99856,1.0,0.0,0.0,0.0,1.0,0.0,0.0,0.0,0.0,0.0
Escherichia coli f8df4e8c-7bb8-11e9-a8d3-68b59976a384,562.100134,0.0,0.0,0.0,0.0,0.0,0.0,0.0,0.0,0.0,0.0
Escherichia coli f8f912ea-7bb8-11e9-a8d3-68b59976a384,562.100137,0.0,0.0,0.0,0.0,0.0,0.0,0.0,0.0,0.0,0.0
Escherichia coli f912ecec-7bb8-11e9-a8d3-68b59976a384,562.100444,1.0,0.0,0.0,0.0,0.0,0.0,0.0,0.0,0.0,1.0
Escherichia coli f92cc16c-7bb8-11e9-a8d3-68b59976a384,562.100798,1.0,0.0,0.0,,0.0,0.0,0.0,0.0,0.0,1.0
Escherichia coli f946fe42-7bb8-11e9-a8d3-68b59976a384,562.100799,0.0,0.0,0.0,,0.0,0.0,0.0,0.0,0.0,0.0
Escherichia coli f9617b5a-7bb8-11e9-a8d3-68b59976a384,562.1008,1.0,0.0,0.0,,1.0,0.0,0.0,0.0,0.0,1.0
Escherichia coli f97c52ae-7bb8-11e9-a8d3-68b59976a384,562.9986,1.0,0.0,0.0,0.0,0.0,0.0,0.0,0.0,0.0,1.0
Escherichia coli f996fd98-7bb8-11e9-a8d3-68b59976a384,562.99861,1.0,0.0,0.0,0.0,0.0,0.0,0.0,0.0,0.0,0.0
Escherichia coli f9b1a7b0-7bb8-11e9-a8d3-68b59976a384,562.10014,0.0,0.0,0.0,0.0,0.0,0.0,0.0,0.0,0.0,0.0
Escherichia coli f9cc4f34-7bb8-11e9-a8d3-68b59976a384,562.100142,0.0,0.0,0.0,0.0,0.0,0.0,0.0,0.0,0.0,0.0
Escherichia coli f9e60f50-7bb8-11e9-a8d3-68b59976a384,562.100455,1.0,0.0,0.0,0.0,0.0,0.0,0.0,0.0,0.0,0.0
Escherichia coli fa04b932-7bb8-11e9-a8d3-68b59976a384,562.100806,0.0,0.0,0.0,,0.0,0.0,0.0,0.0,0.0,0.0
Escherichia coli fa1f64d0-7bb8-11e9-a8d3-68b59976a384,562.100805,1.0,0.0,0.0,,0.0,0.0,0.0,0.0,0.0,1.0
Escherichia coli fa39e5f8-7bb8-11e9-a8d3-68b59976a384,562.100808,0.0,0.0,0.0,,0.0,0.0,0.0,0.0,0.0,0.0
Escherichia coli fa54b9d2-7bb8-11e9-a8d3-68b59976a384,562.99864,0.0,0.0,0.0,0.0,0.0,0.0,0.0,0.0,0.0,0.0
Escherichia coli fa963fec-7bb8-11e9-a8d3-68b59976a384,562.100148,0.0,0.0,0.0,0.0,0.0,0.0,0.0,0.0,0.0,1.0
Escherichia coli fab11aec-7bb8-11e9-a8d3-68b59976a384,562.10015,0.0,0.0,0.0,0.0,0.0,0.0,0.0,0.0,0.0,0.0
Escherichia coli facd525c-7bb8-11e9-a8d3-68b59976a384,562.10046,0.0,0.0,0.0,0.0,0.0,0.0,0.0,0.0,0.0,0.0
Escherichia coli fae7431a-7bb8-11e9-a8d3-68b59976a384,562.100813,0.0,0.0,0.0,,0.0,0.0,0.0,0.0,0.0,0.0
Escherichia coli fb001296-7bb8-11e9-a8d3-68b59976a384,562.100815,0.0,0.0,0.0,,0.0,0.0,0.0,0.0,0.0,0.0
Escherichia coli fb1987a8-7bb8-11e9-a8d3-68b59976a384,562.100816,1.0,0.0,0.0,,0.0,0.0,0.0,0.0,0.0,0.0
Escherichia coli fb4c804a-7bb8-11e9-a8d3-68b59976a384,562.99868,0.0,0.0,0.0,0.0,0.0,0.0,0.0,0.0,0.0,0.0
Escherichia coli fb7f213a-7bb8-11e9-a8d3-68b59976a384,562.100157,0.0,0.0,0.0,0.0,0.0,0.0,0.0,0.0,0.0,1.0
Escherichia coli fb98a178-7bb8-11e9-a8d3-68b59976a384,562.100156,0.0,0.0,0.0,0.0,0.0,0.0,0.0,0.0,0.0,0.0
Escherichia coli fbb27026-7bb8-11e9-a8d3-68b59976a384,562.100155,1.0,0.0,0.0,0.0,0.0,0.0,0.0,0.0,0.0,0.0
Escherichia coli fbcbf5be-7bb8-11e9-a8d3-68b59976a384,562.10047,1.0,0.0,0.0,0.0,0.0,0.0,0.0,1.0,0.0,0.0
Escherichia coli fbe6b016-7bb8-11e9-a8d3-68b59976a384,562.100472,0.0,0.0,0.0,0.0,0.0,0.0,0.0,0.0,0.0,0.0
Escherichia coli fc00d446-7bb8-11e9-a8d3-68b59976a384,562.100473,0.0,0.0,0.0,0.0,0.0,0.0,0.0,0.0,0.0,0.0
Escherichia coli fc1b1a4a-7bb8-11e9-a8d3-68b59976a384,562.100823,1.0,0.0,0.0,,1.0,0.0,0.0,0.0,0.0,1.0
Escherichia coli fc34cbb6-7bb8-11e9-a8d3-68b59976a384,562.100825,1.0,0.0,0.0,,1.0,0.0,0.0,0.0,0.0,0.0
Escherichia coli fc69f142-7bb8-11e9-a8d3-68b59976a384,562.10016,1.0,1.0,1.0,1.0,0.0,1.0,0.0,0.0,0.0,1.0
Escherichia coli fc856760-7bb8-11e9-a8d3-68b59976a384,562.100161,1.0,0.0,0.0,0.0,1.0,0.0,0.0,0.0,0.0,1.0
Escherichia coli fc9fe3e2-7bb8-11e9-a8d3-68b59976a384,562.100479,1.0,0.0,0.0,0.0,0.0,0.0,0.0,0.0,0.0,0.0
Escherichia coli fcba3800-7bb8-11e9-a8d3-68b59976a384,562.100311,1.0,0.0,1.0,1.0,0.0,0.0,0.0,0.0,0.0,0.0
Escherichia coli fcd421b6-7bb8-11e9-a8d3-68b59976a384,562.10048,0.0,0.0,0.0,0.0,0.0,0.0,0.0,0.0,0.0,0.0
Escherichia coli fcee3b82-7bb8-11e9-a8d3-68b59976a384,562.100788,1.0,0.0,0.0,,1.0,0.0,0.0,1.0,1.0,0.0
Escherichia coli fd0915f6-7bb8-11e9-a8d3-68b59976a384,562.100828,0.0,0.0,0.0,,0.0,0.0,0.0,0.0,0.0,0.0
Escherichia coli fd22690c-7bb8-11e9-a8d3-68b59976a384,562.100768,1.0,0.0,0.0,,0.0,0.0,0.0,1.0,0.0,0.0
Escherichia coli fd3bfa2a-7bb8-11e9-a8d3-68b59976a384,562.100121,1.0,0.0,0.0,0.0,1.0,1.0,0.0,0.0,0.0,0.0
Escherichia coli fd55e764-7bb8-11e9-a8d3-68b59976a384,562.100022,1.0,0.0,0.0,0.0,0.0,0.0,0.0,0.0,0.0,0.0
Escherichia coli fd74e95c-7bb8-11e9-a8d3-68b59976a384,562.100435,0.0,0.0,0.0,0.0,0.0,0.0,0.0,0.0,0.0,0.0
Escherichia coli fd8f24ac-7bb8-11e9-a8d3-68b59976a384,562.100443,0.0,0.0,0.0,0.0,0.0,0.0,0.0,0.0,0.0,0.0
Escherichia coli fda9ea58-7bb8-11e9-a8d3-68b59976a384,562.100451,0.0,0.0,0.0,0.0,0.0,0.0,0.0,0.0,0.0,0.0
Escherichia coli fdc4c314-7bb8-11e9-a8d3-68b59976a384,562.100812,0.0,0.0,0.0,,0.0,0.0,0.0,0.0,0.0,0.0
Escherichia coli fddf14b2-7bb8-11e9-a8d3-68b59976a384,562.100822,1.0,0.0,0.0,,0.0,1.0,0.0,0.0,0.0,0.0
Escherichia coli fdf8fc4c-7bb8-11e9-a8d3-68b59976a384,562.100827,0.0,0.0,0.0,,0.0,0.0,0.0,0.0,0.0,0.0
Escherichia coli fe12c7da-7bb8-11e9-a8d3-68b59976a384,562.100167,0.0,0.0,0.0,0.0,0.0,0.0,0.0,0.0,0.0,1.0
Escherichia coli fe2cee62-7bb8-11e9-a8d3-68b59976a384,562.100166,0.0,0.0,0.0,0.0,0.0,0.0,0.0,0.0,0.0,0.0
Escherichia coli fe46d2be-7bb8-11e9-a8d3-68b59976a384,562.100484,0.0,0.0,0.0,0.0,0.0,0.0,0.0,0.0,0.0,0.0
Escherichia coli fe66ab48-7bb8-11e9-a8d3-68b59976a384,562.100483,1.0,0.0,0.0,0.0,0.0,0.0,0.0,0.0,0.0,0.0
Escherichia coli fe805728-7bb8-11e9-a8d3-68b59976a384,562.100481,0.0,0.0,0.0,0.0,0.0,0.0,0.0,0.0,0.0,0.0
Escherichia coli fe9a3cb0-7bb8-11e9-a8d3-68b59976a384,562.100833,1.0,0.0,0.0,,0.0,0.0,0.0,0.0,1.0,0.0
Escherichia coli feb3bea6-7bb8-11e9-a8d3-68b59976a384,562.100834,0.0,0.0,0.0,,0.0,0.0,0.0,0.0,0.0,0.0
Escherichia coli feceb404-7bb8-11e9-a8d3-68b59976a384,562.100836,1.0,0.0,0.0,,0.0,1.0,0.0,0.0,0.0,1.0
Escherichia coli fee860ca-7bb8-11e9-a8d3-68b59976a384,562.100168,0.0,0.0,0.0,0.0,0.0,0.0,0.0,0.0,0.0,0.0
Escherichia coli ff027db6-7bb8-11e9-a8d3-68b59976a384,562.100171,0.0,0.0,0.0,0.0,0.0,0.0,0.0,0.0,0.0,0.0
Escherichia coli ff1ca236-7bb8-11e9-a8d3-68b59976a384,562.100487,0.0,0.0,0.0,0.0,0.0,0.0,0.0,0.0,0.0,0.0
Escherichia coli ff37e3d4-7bb8-11e9-a8d3-68b59976a384,562.100489,0.0,0.0,0.0,0.0,0.0,0.0,0.0,0.0,0.0,0.0
Escherichia coli ff523c7a-7bb8-11e9-a8d3-68b59976a384,562.100488,1.0,0.0,0.0,0.0,1.0,0.0,0.0,0.0,0.0,0.0
Escherichia coli ff6c6b72-7bb8-11e9-a8d3-68b59976a384,562.100838,1.0,1.0,1.0,,1.0,1.0,0.0,1.0,0.0,0.0
Escherichia coli ff88a634-7bb8-11e9-a8d3-68b59976a384,562.100767,1.0,0.0,0.0,,0.0,0.0,0.0,1.0,1.0,1.0
Escherichia coli ffa33148-7bb8-11e9-a8d3-68b59976a384,562.100766,0.0,0.0,0.0,,0.0,0.0,0.0,0.0,0.0,0.0
Escherichia coli ffbf3262-7bb8-11e9-a8d3-68b59976a384,562.100109,1.0,1.0,0.0,1.0,0.0,0.0,0.0,0.0,0.0,1.0
Escherichia coli ffd8be62-7bb8-11e9-a8d3-68b59976a384,562.100111,0.0,0.0,0.0,0.0,0.0,0.0,0.0,0.0,0.0,0.0
Escherichia coli fff3ab8c-7bb8-11e9-a8d3-68b59976a384,562.100417,1.0,0.0,0.0,0.0,0.0,0.0,0.0,1.0,0.0,0.0
Escherichia coli not known strain ECO0321,562.22874,0.0,0.0,0.0,0.0,0.0,0.0,0.0,0.0,0.0,
Escherichia coli strain 10-16,562.5676,1.0,1.0,1.0,,1.0,,1.0,,,
Escherichia coli strain 100,562.42634,1.0,,1.0,,1.0,1.0,0.0,1.0,,1.0
Escherichia coli strain 100269_aEPEC,562.7579,0.0,,0.0,,0.0,0.0,0.0,,,0.0
Escherichia coli strain 100383_aEPEC,562.773,1.0,,0.0,,0.0,0.0,0.0,,,1.0
Escherichia coli strain 100446,562.779,1.0,,0.0,,0.0,0.0,0.0,,,1.0
Escherichia coli strain 100554_aEPEC,562.7567,1.0,,0.0,,0.0,0.0,0.0,,,1.0
Escherichia coli strain 100600_aEPEC,562.7783,0.0,,0.0,,0.0,0.0,0.0,,,0.0
Escherichia coli strain 101,562.58741,1.0,0.0,0.0,,0.0,0.0,,,,1.0
Escherichia coli strain 102,562.58742,1.0,0.0,0.0,,0.0,0.0,,,,1.0
Escherichia coli strain 102010_aEPEC,562.7643,1.0,,0.0,,0.0,0.0,0.0,,,1.0
Escherichia coli strain 102014_aEPEC,562.7682,0.0,,0.0,,0.0,0.0,0.0,,,1.0
Escherichia coli strain 102298_aEPEC,562.7737,1.0,,0.0,,0.0,0.0,0.0,,,1.0
Escherichia coli strain 102328_aEPEC,562.7759,0.0,,0.0,,0.0,0.0,0.0,,,0.0
Escherichia coli strain 102366_aEPEC,562.7769,1.0,,0.0,,0.0,0.0,0.0,,,1.0
Escherichia coli strain 102485_aEPEC,562.7719,0.0,,0.0,,0.0,0.0,0.0,,,0.0
Escherichia coli strain 103,562.45845,1.0,1.0,1.0,,1.0,1.0,1.0,1.0,,1.0
Escherichia coli strain 103151,562.7694,1.0,,0.0,,0.0,0.0,0.0,,,1.0
Escherichia coli strain 1034-14,562.56765,1.0,1.0,1.0,,,,0.0,,,
Escherichia coli strain 1035-14,562.56764,1.0,1.0,1.0,,1.0,,0.0,,,
Escherichia coli strain 1036-14,562.56767,1.0,1.0,1.0,,1.0,,0.0,,,
Escherichia coli strain 1039-14,562.56763,1.0,1.0,1.0,,,,0.0,,,
Escherichia coli strain 104,562.19151,1.0,1.0,0.0,,0.0,0.0,,,,1.0
Escherichia coli strain 1040-14,562.56766,1.0,1.0,1.0,,1.0,,0.0,,,
Escherichia coli strain 1041-14,562.56762,1.0,1.0,1.0,,1.0,,0.0,,,
Escherichia coli strain 1042-14,562.56761,1.0,1.0,1.0,,,,0.0,,,
Escherichia coli strain 1043-14,562.56771,1.0,1.0,1.0,,1.0,,0.0,,,
Escherichia coli strain 1044-14,562.56773,1.0,1.0,1.0,,,,0.0,,,
Escherichia coli strain 1045-14,562.56774,1.0,1.0,1.0,,,,0.0,,,
Escherichia coli strain 1047-14,562.5677,1.0,1.0,1.0,,1.0,,0.0,,,
Escherichia coli strain 105,562.58745,1.0,1.0,0.0,,0.0,0.0,,,,1.0
Escherichia coli strain 106,562.58751,1.0,1.0,1.0,,0.0,0.0,,,,1.0
Escherichia coli strain 107,562.58752,1.0,1.0,1.0,,0.0,0.0,,,,0.0
Escherichia coli strain 108,562.42635,1.0,0.0,1.0,,1.0,0.0,1.0,1.0,,1.0
Escherichia coli strain 109,562.58746,1.0,0.0,0.0,,0.0,0.0,,,,1.0
Escherichia coli strain 110,562.58747,1.0,0.0,0.0,,0.0,0.0,,,,1.0
Escherichia coli strain 110-12,562.56769,1.0,1.0,1.0,,1.0,,0.0,,,
Escherichia coli strain 111,562.58749,1.0,0.0,0.0,,1.0,0.0,,,,1.0
Escherichia coli strain 112,562.58748,1.0,0.0,0.0,,1.0,1.0,,,,0.0
Escherichia coli strain 113,562.58753,1.0,0.0,0.0,,0.0,0.0,,,,1.0
Escherichia coli strain 114,562.58757,1.0,0.0,0.0,,0.0,0.0,,,,1.0
Escherichia coli strain 115,562.58758,1.0,0.0,1.0,,0.0,0.0,,,,0.0
Escherichia coli strain 116,562.13671,1.0,0.0,0.0,,0.0,1.0,,,,1.0
Escherichia coli strain 117,562.58755,1.0,0.0,0.0,,0.0,0.0,,,,1.0
Escherichia coli strain 117-16,562.56772,1.0,1.0,1.0,,,,0.0,,,
Escherichia coli strain 118,562.58754,1.0,0.0,0.0,,0.0,0.0,,,,1.0
Escherichia coli strain 119,562.58759,1.0,0.0,0.0,,1.0,0.0,,,,1.0
Escherichia coli strain 120,562.5876,1.0,0.0,0.0,,0.0,0.0,,,,1.0
Escherichia coli strain 121,562.58762,1.0,0.0,0.0,,0.0,0.0,,,,1.0
Escherichia coli strain 124-16,562.56768,1.0,1.0,1.0,,,,0.0,,,
Escherichia coli strain 134,562.42636,1.0,,0.0,,1.0,0.0,0.0,0.0,,0.0
Escherichia coli strain 136,562.42637,1.0,,0.0,,1.0,0.0,0.0,0.0,,0.0
Escherichia coli strain 137,562.42638,1.0,,0.0,,1.0,0.0,0.0,0.0,,1.0
Escherichia coli strain 138,562.42639,1.0,,1.0,,1.0,0.0,0.0,0.0,,1.0
Escherichia coli strain 139,562.4264,1.0,,0.0,,1.0,0.0,0.0,0.0,,0.0
Escherichia coli strain 140,562.42641,1.0,,0.0,,1.0,0.0,0.0,1.0,,1.0
Escherichia coli strain 14036998,562.58703,1.0,0.0,0.0,,1.0,0.0,0.0,,0.0,
Escherichia coli strain 14037824,562.58704,1.0,0.0,0.0,,0.0,1.0,0.0,,0.0,
Escherichia coli strain 14040376,562.58705,1.0,0.0,0.0,,1.0,0.0,0.0,,0.0,
Escherichia coli strain 14043377,562.58706,1.0,1.0,1.0,,1.0,0.0,0.0,,0.0,
Escherichia coli strain 14043512,562.58707,1.0,0.0,0.0,,1.0,0.0,0.0,,0.0,
Escherichia coli strain 14044802,562.58708,0.0,0.0,0.0,,0.0,0.0,0.0,,0.0,
Escherichia coli strain 14045775,562.58709,1.0,1.0,1.0,,1.0,0.0,0.0,,0.0,
Escherichia coli strain 14047606,562.58714,1.0,1.0,1.0,,1.0,0.0,0.0,,0.0,
Escherichia coli strain 14050800,562.58715,1.0,0.0,0.0,,1.0,0.0,0.0,,0.0,
Escherichia coli strain 14050802,562.58713,1.0,0.0,0.0,,0.0,0.0,0.0,,0.0,
Escherichia coli strain 14053473,562.58712,1.0,1.0,1.0,,1.0,0.0,0.0,,0.0,
Escherichia coli strain 14054555,562.58717,1.0,0.0,0.0,,0.0,1.0,0.0,,0.0,
Escherichia coli strain 14057877,562.58716,1.0,1.0,1.0,,1.0,0.0,0.0,,0.0,
Escherichia coli strain 14060900,562.5872,1.0,1.0,1.0,,1.0,1.0,0.0,,0.0,
Escherichia coli strain 14062104,562.58719,1.0,1.0,1.0,,1.0,0.0,0.0,,0.0,
Escherichia coli strain 14062120,562.58718,1.0,0.0,0.0,,0.0,1.0,0.0,,0.0,
Escherichia coli strain 14063820,562.58711,1.0,0.0,0.0,,1.0,0.0,0.0,,0.0,
Escherichia coli strain 14065450,562.5871,1.0,1.0,1.0,,1.0,0.0,0.0,,0.0,
Escherichia coli strain 14066715,562.58721,1.0,0.0,0.0,,1.0,1.0,0.0,,0.0,
Escherichia coli strain 14067330,562.58722,1.0,1.0,1.0,,1.0,0.0,0.0,,0.0,
Escherichia coli strain 14069546,562.58723,1.0,0.0,0.0,,1.0,0.0,0.0,,0.0,
Escherichia coli strain 14072934,562.58731,1.0,0.0,0.0,,1.0,0.0,0.0,,0.0,
Escherichia coli strain 14073256,562.58729,1.0,0.0,0.0,,1.0,1.0,0.0,,0.0,
Escherichia coli strain 14077295,562.5873,1.0,1.0,0.0,,1.0,0.0,0.0,,0.0,
Escherichia coli strain 14083136,562.58727,1.0,0.0,0.0,,1.0,1.0,0.0,,0.0,
Escherichia coli strain 14085180,562.58726,1.0,1.0,1.0,,1.0,0.0,0.0,,0.0,
Escherichia coli strain 14087995,562.58728,1.0,0.0,0.0,,1.0,0.0,0.0,,0.0,
Escherichia coli strain 14091902,562.58725,1.0,0.0,0.0,,1.0,1.0,0.0,,0.0,
Escherichia coli strain 141,562.42642,1.0,,1.0,,0.0,0.0,0.0,1.0,,0.0
Escherichia coli strain 142,562.42643,1.0,,0.0,,1.0,0.0,0.0,0.0,,0.0
Escherichia coli strain 143,562.42644,1.0,,0.0,,1.0,0.0,0.0,0.0,,1.0
Escherichia coli strain 144,562.42645,1.0,,0.0,,1.0,0.0,0.0,0.0,,1.0
Escherichia coli strain 145,562.42646,1.0,,0.0,,1.0,0.0,0.0,0.0,,0.0
Escherichia coli strain 148,562.42647,1.0,,1.0,,1.0,1.0,0.0,1.0,,1.0
Escherichia coli strain 149,562.42648,1.0,,1.0,,1.0,0.0,0.0,0.0,,1.0
Escherichia coli strain 15038100,562.58724,1.0,1.0,1.0,,1.0,1.0,0.0,,0.0,
Escherichia coli strain 15050011,562.58733,1.0,0.0,0.0,,1.0,1.0,0.0,,0.0,
Escherichia coli strain 15051805,562.58732,1.0,1.0,1.0,,1.0,1.0,0.0,,0.0,
Escherichia coli strain 15054212,562.58734,1.0,1.0,1.0,,1.0,1.0,0.0,,0.0,
Escherichia coli strain 15056393,562.58735,1.0,1.0,1.0,,1.0,1.0,0.0,,0.0,
Escherichia coli strain 15056420,562.5874,1.0,1.0,1.0,,1.0,0.0,0.0,,0.0,
Escherichia coli strain 15056874,562.58739,1.0,1.0,1.0,,1.0,1.0,0.0,,0.0,
Escherichia coli strain 15057173,562.58737,1.0,1.0,1.0,,1.0,1.0,0.0,,0.0,
Escherichia coli strain 15062645,562.58736,1.0,1.0,1.0,,1.0,1.0,0.0,,0.0,
Escherichia coli strain 15078696,562.58738,1.0,1.0,1.0,,0.0,1.0,0.0,,0.0,
Escherichia coli strain 151,562.42649,1.0,,1.0,,1.0,0.0,0.0,1.0,,1.0
Escherichia coli strain 153,562.4265,1.0,,1.0,,1.0,0.0,0.0,0.0,,1.0
Escherichia coli strain 154,562.42651,1.0,,1.0,,1.0,0.0,0.0,0.0,,1.0
Escherichia coli strain 155,562.42652,1.0,,1.0,,1.0,0.0,0.0,0.0,,1.0
Escherichia coli strain 158,562.42653,1.0,,1.0,,1.0,1.0,0.0,0.0,,1.0
Escherichia coli strain 159,562.42654,1.0,,1.0,,1.0,0.0,0.0,1.0,,1.0
Escherichia coli strain 160,562.42655,1.0,,0.0,,1.0,0.0,0.0,,,1.0
Escherichia coli strain 160-16,562.56775,1.0,1.0,1.0,,1.0,,0.0,,,
Escherichia coli strain 161,562.42657,1.0,,1.0,,1.0,0.0,0.0,,,1.0
Escherichia coli strain 162,562.42656,1.0,,1.0,,0.0,0.0,0.0,1.0,,0.0
Escherichia coli strain 163,562.42658,1.0,,1.0,,1.0,0.0,0.0,0.0,,1.0
Escherichia coli strain 164,562.42659,1.0,,1.0,,1.0,0.0,0.0,0.0,,1.0
Escherichia coli strain 165,562.4266,1.0,,1.0,,1.0,1.0,1.0,1.0,,1.0
Escherichia coli strain 166,562.42661,1.0,,1.0,,1.0,1.0,0.0,0.0,,0.0
Escherichia coli strain 169,562.42662,,,1.0,,1.0,1.0,0.0,1.0,,1.0
Escherichia coli strain 170,562.42663,1.0,,1.0,,1.0,1.0,0.0,0.0,,1.0
Escherichia coli strain 172,562.42664,1.0,,1.0,,1.0,0.0,0.0,1.0,,1.0
Escherichia coli strain 177-10,562.56776,1.0,1.0,1.0,,1.0,,0.0,,,
Escherichia coli strain 190,562.42665,1.0,,1.0,,1.0,1.0,1.0,1.0,,1.0
Escherichia coli strain 194,562.42666,,,0.0,,1.0,1.0,0.0,0.0,1.0,0.0
Escherichia coli strain 195,562.42667,1.0,,1.0,,1.0,1.0,0.0,0.0,,0.0
Escherichia coli strain 196,562.42668,1.0,,1.0,,0.0,0.0,0.0,0.0,,1.0
Escherichia coli strain 197,562.42669,1.0,,1.0,,1.0,0.0,0.0,0.0,,0.0
Escherichia coli strain 198,562.4267,1.0,,1.0,,1.0,1.0,0.0,0.0,,0.0
Escherichia coli strain 199,562.42671,1.0,,1.0,,1.0,1.0,0.0,0.0,,0.0
Escherichia coli strain 200,562.42672,1.0,,1.0,,1.0,0.0,0.0,0.0,,0.0
Escherichia coli strain 200135_aEPEC,562.7717,1.0,,0.0,,0.0,0.0,0.0,,,1.0
Escherichia coli strain 200232,562.7763,0.0,,0.0,,0.0,0.0,0.0,,,1.0
Escherichia coli strain 200439_aEPEC,562.7727,1.0,,0.0,,0.0,0.0,0.0,,,1.0
Escherichia coli strain 200456_aEPEC,562.757,1.0,,0.0,,0.0,0.0,0.0,,,0.0
Escherichia coli strain 200499,562.7789,0.0,,0.0,,0.0,0.0,0.0,,,0.0
Escherichia coli strain 200696,562.7667,1.0,,0.0,,0.0,0.0,0.0,,,1.0
Escherichia coli strain 200708_aEPEC,562.7577,1.0,,0.0,,0.0,0.0,0.0,,,1.0
Escherichia coli strain 200758_aEPEC,562.7701,1.0,,0.0,,0.0,0.0,0.0,,,1.0
Escherichia coli strain 200781_aEPEC,562.7618,0.0,,0.0,,0.0,0.0,0.0,,,0.0
Escherichia coli strain 200959_aEPEC,562.7648,1.0,,0.0,,0.0,0.0,0.0,,,1.0
Escherichia coli strain 201,562.58761,1.0,0.0,0.0,,1.0,1.0,,,,1.0
Escherichia coli strain 201191_aEPEC,562.7735,1.0,,0.0,,0.0,0.0,0.0,,,1.0
Escherichia coli strain 201214_aEPEC,562.7646,0.0,,0.0,,0.0,0.0,0.0,,,0.0
Escherichia coli strain 201350,562.7669,1.0,,0.0,,0.0,0.0,0.0,,,0.0
Escherichia coli strain 201381_aEPEC,562.7683,0.0,,0.0,,0.0,0.0,0.0,,,1.0
Escherichia coli strain 201488_aEPEC,562.7637,1.0,,0.0,,0.0,0.0,0.0,,,1.0
Escherichia coli strain 201534_aEPEC,562.7642,1.0,,0.0,,0.0,0.0,0.0,,,0.0
Escherichia coli strain 201589_aEPEC,562.7634,1.0,,0.0,,0.0,0.0,0.0,,,1.0
Escherichia coli strain 202,562.42673,1.0,1.0,1.0,,1.0,1.0,0.0,0.0,,1.0
Escherichia coli strain 202317_aEPEC,562.7741,1.0,,0.0,,0.0,0.0,0.0,,,0.0
Escherichia coli strain 202374,562.7658,0.0,,0.0,,0.0,0.0,0.0,,,0.0
Escherichia coli strain 202387,562.7689,1.0,,0.0,,0.0,0.0,0.0,,,1.0
Escherichia coli strain 202423_aEPEC,562.7721,1.0,,0.0,,0.0,0.0,0.0,,,1.0
Escherichia coli strain 202443_aEPEC,562.767,1.0,,0.0,,0.0,0.0,0.0,,,1.0
Escherichia coli strain 202453_aEPEC,562.7617,1.0,,0.0,,0.0,0.0,0.0,,,1.0
Escherichia coli strain 202474,562.7765,0.0,,0.0,,0.0,0.0,0.0,,,0.0
Escherichia coli strain 202521_aEPEC,562.7659,0.0,,0.0,,0.0,0.0,0.0,,,0.0
Escherichia coli strain 202621_aEPEC,562.7731,1.0,,0.0,,0.0,0.0,0.0,,,1.0
Escherichia coli strain 202833_aEPEC,562.77,1.0,,0.0,,0.0,0.0,0.0,,,1.0
Escherichia coli strain 202973_aEPEC,562.7582,1.0,,0.0,,0.0,0.0,0.0,,,1.0
Escherichia coli strain 203,562.58766,1.0,1.0,1.0,,1.0,1.0,,,,1.0
Escherichia coli strain 203470_aEPEC,562.7781,0.0,,0.0,,0.0,0.0,0.0,,,0.0
Escherichia coli strain 204,562.58767,1.0,1.0,1.0,,0.0,0.0,0.0,0.0,,0.0
Escherichia coli strain 204263_aEPEC,562.7636,0.0,,0.0,,0.0,0.0,0.0,,,0.0
Escherichia coli strain 204302_aEPEC,562.7645,1.0,,0.0,,0.0,0.0,0.0,,,1.0
Escherichia coli strain 205,562.42675,1.0,1.0,1.0,,1.0,1.0,0.0,0.0,,0.0
Escherichia coli strain 207,562.42676,1.0,,0.0,,0.0,1.0,0.0,0.0,,1.0
Escherichia coli strain 216-16,562.56778,1.0,1.0,1.0,,,,0.0,,,
Escherichia coli strain 219,562.42677,1.0,,1.0,,1.0,1.0,1.0,1.0,,0.0
Escherichia coli strain 221,562.42678,1.0,,1.0,,1.0,1.0,1.0,1.0,,1.0
Escherichia coli strain 222,562.42679,1.0,,1.0,,1.0,1.0,1.0,1.0,,1.0
Escherichia coli strain 223,562.4268,1.0,,1.0,,1.0,1.0,1.0,1.0,,0.0
Escherichia coli strain 232,562.42681,1.0,,1.0,,0.0,0.0,0.0,0.0,,1.0
Escherichia coli strain 233,562.42682,1.0,,1.0,,0.0,0.0,0.0,0.0,,0.0
Escherichia coli strain 235,562.42683,1.0,,1.0,,1.0,0.0,0.0,0.0,,0.0
Escherichia coli strain 236,562.42684,1.0,,1.0,,0.0,0.0,0.0,0.0,,0.0
Escherichia coli strain 237,562.42685,1.0,,1.0,,1.0,1.0,0.0,1.0,,1.0
Escherichia coli strain 24,562.42686,1.0,1.0,,,1.0,1.0,0.0,,0.0,1.0
Escherichia coli strain 240,562.42687,1.0,,1.0,,1.0,0.0,0.0,1.0,,1.0
Escherichia coli strain 241,562.42688,1.0,,0.0,,0.0,1.0,0.0,0.0,,0.0
Escherichia coli strain 243,562.42689,1.0,,1.0,,0.0,1.0,0.0,0.0,,1.0
Escherichia coli strain 244,562.4269,1.0,,1.0,,0.0,1.0,0.0,1.0,,1.0
Escherichia coli strain 245,562.42691,1.0,,1.0,,0.0,0.0,0.0,0.0,,1.0
Escherichia coli strain 24742_1#1,562.57077,1.0,1.0,1.0,1.0,1.0,0.0,,,,
Escherichia coli strain 24742_1#100,562.57148,1.0,0.0,0.0,0.0,0.0,0.0,,,,
Escherichia coli strain 24742_1#101,562.57149,1.0,0.0,0.0,0.0,0.0,0.0,,,,
Escherichia coli strain 24742_1#102,562.57144,1.0,0.0,0.0,0.0,0.0,0.0,,,,
Escherichia coli strain 24742_1#103,562.57143,0.0,0.0,0.0,0.0,0.0,0.0,,,,
Escherichia coli strain 24742_1#105,562.57145,1.0,0.0,0.0,0.0,0.0,0.0,,,,
Escherichia coli strain 24742_1#11,562.57107,1.0,0.0,0.0,1.0,0.0,0.0,,,,
Escherichia coli strain 24742_1#12,562.57106,1.0,0.0,0.0,0.0,0.0,0.0,,,,
Escherichia coli strain 24742_1#125,562.5715,0.0,0.0,0.0,0.0,0.0,0.0,,,,
Escherichia coli strain 24742_1#127,562.57155,0.0,0.0,0.0,0.0,0.0,0.0,,,,
Escherichia coli strain 24742_1#128,562.57162,0.0,0.0,0.0,0.0,0.0,0.0,,,,
Escherichia coli strain 24742_1#13,562.57105,1.0,0.0,0.0,0.0,0.0,0.0,,,,
Escherichia coli strain 24742_1#130,562.57161,0.0,0.0,0.0,0.0,0.0,0.0,,,,
Escherichia coli strain 24742_1#133,562.57158,0.0,0.0,0.0,0.0,0.0,0.0,,,,
Escherichia coli strain 24742_1#134,562.57157,0.0,0.0,0.0,0.0,0.0,0.0,,,,
Escherichia coli strain 24742_1#135,562.57153,1.0,0.0,0.0,0.0,0.0,0.0,,,,
Escherichia coli strain 24742_1#137,562.5716,0.0,0.0,0.0,0.0,0.0,0.0,,,,
Escherichia coli strain 24742_1#138,562.57164,0.0,0.0,0.0,0.0,0.0,0.0,,,,
Escherichia coli strain 24742_1#139,562.57163,1.0,0.0,0.0,0.0,0.0,0.0,,,,
Escherichia coli strain 24742_1#14,562.57104,1.0,1.0,0.0,1.0,0.0,0.0,,,,
Escherichia coli strain 24742_1#140,562.57166,1.0,1.0,1.0,1.0,1.0,1.0,,,,
Escherichia coli strain 24742_1#141,562.57165,1.0,0.0,0.0,0.0,0.0,0.0,,,,
Escherichia coli strain 24742_1#142,562.57168,1.0,1.0,1.0,1.0,1.0,1.0,,,,
Escherichia coli strain 24742_1#143,562.57167,0.0,0.0,0.0,0.0,0.0,0.0,,,,
Escherichia coli strain 24742_1#144,562.57172,1.0,0.0,0.0,0.0,0.0,0.0,,,,
Escherichia coli strain 24742_1#145,562.57173,1.0,0.0,0.0,0.0,0.0,0.0,,,,
Escherichia coli strain 24742_1#146,562.5717,1.0,0.0,0.0,0.0,0.0,0.0,,,,
Escherichia coli strain 24742_1#148,562.57177,1.0,0.0,0.0,0.0,0.0,0.0,,,,
Escherichia coli strain 24742_1#149,562.57175,1.0,0.0,0.0,0.0,0.0,1.0,,,,
Escherichia coli strain 24742_1#15,562.57099,1.0,0.0,0.0,0.0,0.0,0.0,,,,
Escherichia coli strain 24742_1#150,562.57174,0.0,0.0,0.0,0.0,0.0,0.0,,,,
Escherichia coli strain 24742_1#153,562.57176,1.0,0.0,0.0,0.0,0.0,0.0,,,,
Escherichia coli strain 24742_1#154,562.57181,1.0,0.0,1.0,1.0,1.0,0.0,,,,
Escherichia coli strain 24742_1#155,562.5718,1.0,0.0,0.0,0.0,0.0,0.0,,,,
Escherichia coli strain 24742_1#156,562.57178,1.0,1.0,1.0,1.0,1.0,1.0,,,,
Escherichia coli strain 24742_1#157,562.57184,1.0,1.0,1.0,1.0,1.0,1.0,,,,
Escherichia coli strain 24742_1#158,562.57191,1.0,0.0,0.0,0.0,0.0,0.0,,,,
Escherichia coli strain 24742_1#159,562.5719,0.0,0.0,0.0,0.0,0.0,0.0,,,,
Escherichia coli strain 24742_1#16,562.57102,0.0,0.0,0.0,0.0,0.0,0.0,,,,
Escherichia coli strain 24742_1#162,562.57186,0.0,0.0,0.0,0.0,0.0,0.0,,,,
Escherichia coli strain 24742_1#164,562.57194,1.0,0.0,0.0,0.0,0.0,0.0,,,,
Escherichia coli strain 24742_1#165,562.57193,0.0,0.0,0.0,0.0,0.0,0.0,,,,
Escherichia coli strain 24742_1#166,562.57207,1.0,0.0,0.0,0.0,0.0,0.0,,,,
Escherichia coli strain 24742_1#167,562.57198,1.0,0.0,1.0,0.0,0.0,0.0,,,,
Escherichia coli strain 24742_1#168,562.57205,1.0,0.0,1.0,1.0,0.0,1.0,,,,
Escherichia coli strain 24742_1#169,562.57206,1.0,0.0,0.0,0.0,0.0,0.0,,,,
Escherichia coli strain 24742_1#17,562.5711,1.0,0.0,0.0,0.0,0.0,0.0,,,,
Escherichia coli strain 24742_1#170,562.57209,1.0,0.0,0.0,0.0,0.0,0.0,,,,
Escherichia coli strain 24742_1#171,562.57214,1.0,0.0,0.0,0.0,0.0,0.0,,,,
Escherichia coli strain 24742_1#172,562.57213,1.0,0.0,0.0,0.0,0.0,0.0,,,,
Escherichia coli strain 24742_1#173,562.57218,1.0,1.0,1.0,1.0,1.0,0.0,,,,
Escherichia coli strain 24742_1#174,562.57217,1.0,0.0,0.0,0.0,0.0,0.0,,,,
Escherichia coli strain 24742_1#175,562.57212,1.0,0.0,0.0,0.0,0.0,0.0,,,,
Escherichia coli strain 24742_1#176,562.57211,0.0,0.0,0.0,0.0,0.0,0.0,,,,
Escherichia coli strain 24742_1#177,562.57216,1.0,0.0,0.0,0.0,0.0,0.0,,,,
Escherichia coli strain 24742_1#178,562.57215,1.0,0.0,0.0,1.0,0.0,0.0,,,,
Escherichia coli strain 24742_1#179,562.57219,1.0,0.0,1.0,1.0,1.0,0.0,,,,
Escherichia coli strain 24742_1#18,562.57114,1.0,0.0,0.0,0.0,1.0,0.0,,,,
Escherichia coli strain 24742_1#180,562.5722,0.0,0.0,0.0,1.0,0.0,0.0,,,,
Escherichia coli strain 24742_1#181,562.57223,0.0,0.0,0.0,0.0,0.0,0.0,,,,
Escherichia coli strain 24742_1#182,562.57224,1.0,0.0,0.0,0.0,0.0,0.0,,,,
Escherichia coli strain 24742_1#183,562.57225,1.0,1.0,1.0,1.0,1.0,0.0,,,,
Escherichia coli strain 24742_1#184,562.57226,0.0,0.0,0.0,0.0,0.0,0.0,,,,
Escherichia coli strain 24742_1#185,562.57221,0.0,0.0,1.0,1.0,1.0,0.0,,,,
Escherichia coli strain 24742_1#186,562.57222,0.0,0.0,0.0,0.0,0.0,0.0,,,,
Escherichia coli strain 24742_1#187,562.57228,1.0,0.0,0.0,0.0,0.0,0.0,,,,
Escherichia coli strain 24742_1#188,562.57229,1.0,0.0,0.0,1.0,1.0,0.0,,,,
Escherichia coli strain 24742_1#189,562.5723,1.0,0.0,0.0,0.0,0.0,0.0,,,,
Escherichia coli strain 24742_1#19,562.57117,1.0,0.0,0.0,0.0,0.0,0.0,,,,
Escherichia coli strain 24742_1#190,562.57232,1.0,0.0,1.0,0.0,0.0,0.0,,,,
Escherichia coli strain 24742_1#191,562.57235,1.0,1.0,1.0,1.0,1.0,0.0,,,,
Escherichia coli strain 24742_1#192,562.57237,1.0,0.0,0.0,0.0,0.0,0.0,,,,
Escherichia coli strain 24742_1#193,562.57236,1.0,0.0,0.0,0.0,0.0,0.0,,,,
Escherichia coli strain 24742_1#194,562.5725,1.0,1.0,1.0,1.0,1.0,0.0,,,,
Escherichia coli strain 24742_1#195,562.57244,1.0,0.0,1.0,0.0,0.0,0.0,,,,
Escherichia coli strain 24742_1#196,562.57234,1.0,0.0,1.0,1.0,1.0,0.0,,,,
Escherichia coli strain 24742_1#197,562.57233,0.0,0.0,0.0,0.0,0.0,0.0,,,,
Escherichia coli strain 24742_1#198,562.57246,1.0,0.0,0.0,0.0,0.0,0.0,,,,
Escherichia coli strain 24742_1#199,562.57245,1.0,0.0,0.0,0.0,0.0,0.0,,,,
Escherichia coli strain 24742_1#2,562.57083,1.0,1.0,1.0,1.0,1.0,1.0,,,,
Escherichia coli strain 24742_1#20,562.57111,1.0,0.0,0.0,0.0,0.0,0.0,,,,
Escherichia coli strain 24742_1#200,562.5724,1.0,0.0,0.0,0.0,0.0,0.0,,,,
Escherichia coli strain 24742_1#201,562.57239,0.0,0.0,0.0,0.0,0.0,0.0,,,,
Escherichia coli strain 24742_1#204,562.57242,0.0,0.0,0.0,0.0,0.0,0.0,,,,
Escherichia coli strain 24742_1#205,562.57247,1.0,1.0,1.0,1.0,0.0,1.0,,,,
Escherichia coli strain 24742_1#207,562.57249,1.0,1.0,1.0,1.0,1.0,1.0,,,,
Escherichia coli strain 24742_1#208,562.57255,1.0,1.0,1.0,1.0,0.0,0.0,,,,
Escherichia coli strain 24742_1#209,562.57254,1.0,1.0,1.0,1.0,0.0,1.0,,,,
Escherichia coli strain 24742_1#21,562.57128,1.0,0.0,0.0,0.0,0.0,1.0,,,,
Escherichia coli strain 24742_1#210,562.57252,1.0,1.0,1.0,1.0,1.0,1.0,,,,
Escherichia coli strain 24742_1#211,562.57253,1.0,1.0,1.0,1.0,1.0,1.0,,,,
Escherichia coli strain 24742_1#212,562.5726,1.0,1.0,1.0,1.0,0.0,1.0,,,,
Escherichia coli strain 24742_1#213,562.57261,1.0,1.0,1.0,1.0,0.0,0.0,,,,
Escherichia coli strain 24742_1#214,562.57256,1.0,1.0,1.0,1.0,1.0,1.0,,,,
Escherichia coli strain 24742_1#215,562.57259,1.0,1.0,1.0,1.0,1.0,1.0,,,,
Escherichia coli strain 24742_1#216,562.57257,1.0,1.0,1.0,1.0,0.0,1.0,,,,
Escherichia coli strain 24742_1#217,562.57262,1.0,1.0,1.0,1.0,1.0,0.0,,,,
Escherichia coli strain 24742_1#218,562.57264,1.0,1.0,1.0,1.0,0.0,0.0,,,,
Escherichia coli strain 24742_1#219,562.57269,1.0,0.0,1.0,0.0,0.0,0.0,,,,
Escherichia coli strain 24742_1#220,562.57266,1.0,1.0,1.0,1.0,1.0,0.0,,,,
Escherichia coli strain 24742_1#221,562.57267,1.0,1.0,1.0,1.0,1.0,1.0,,,,
Escherichia coli strain 24742_1#222,562.57265,1.0,1.0,1.0,1.0,1.0,1.0,,,,
Escherichia coli strain 24742_1#223,562.57273,1.0,1.0,1.0,1.0,1.0,0.0,,,,
Escherichia coli strain 24742_1#224,562.57268,1.0,1.0,1.0,1.0,1.0,1.0,,,,
Escherichia coli strain 24742_1#225,562.57271,1.0,1.0,1.0,1.0,1.0,1.0,,,,
Escherichia coli strain 24742_1#226,562.57275,1.0,1.0,1.0,1.0,1.0,1.0,,,,
Escherichia coli strain 24742_1#227,562.57276,1.0,1.0,1.0,1.0,1.0,0.0,,,,
Escherichia coli strain 24742_1#228,562.57279,1.0,1.0,1.0,1.0,1.0,0.0,,,,
Escherichia coli strain 24742_1#229,562.57277,1.0,1.0,1.0,1.0,1.0,0.0,,,,
Escherichia coli strain 24742_1#230,562.57278,1.0,1.0,1.0,1.0,1.0,0.0,,,,
Escherichia coli strain 24742_1#231,562.57281,1.0,1.0,1.0,1.0,1.0,0.0,,,,
Escherichia coli strain 24742_1#232,562.57283,1.0,1.0,1.0,1.0,1.0,1.0,,,,
Escherichia coli strain 24742_1#233,562.57286,1.0,1.0,1.0,1.0,1.0,1.0,,,,
Escherichia coli strain 24742_1#234,562.5729,1.0,1.0,1.0,1.0,1.0,1.0,,,,
Escherichia coli strain 24742_1#235,562.57293,1.0,1.0,1.0,1.0,0.0,1.0,,,,
Escherichia coli strain 24742_1#236,562.57292,1.0,1.0,1.0,1.0,1.0,1.0,,,,
Escherichia coli strain 24742_1#237,562.57287,1.0,1.0,1.0,1.0,0.0,0.0,,,,
Escherichia coli strain 24742_1#238,562.57288,1.0,1.0,1.0,1.0,0.0,1.0,,,,
Escherichia coli strain 24742_1#239,562.57289,1.0,1.0,1.0,1.0,0.0,1.0,,,,
Escherichia coli strain 24742_1#240,562.57295,1.0,1.0,1.0,1.0,1.0,0.0,,,,
Escherichia coli strain 24742_1#241,562.57298,1.0,1.0,1.0,1.0,1.0,0.0,,,,
Escherichia coli strain 24742_1#242,562.57296,1.0,1.0,1.0,1.0,0.0,1.0,,,,
Escherichia coli strain 24742_1#243,562.57303,1.0,1.0,1.0,1.0,0.0,0.0,,,,
Escherichia coli strain 24742_1#244,562.57322,1.0,1.0,1.0,1.0,0.0,0.0,,,,
Escherichia coli strain 24742_1#245,562.57321,1.0,0.0,1.0,1.0,0.0,0.0,,,,
Escherichia coli strain 24742_1#246,562.57323,1.0,1.0,1.0,1.0,0.0,0.0,,,,
Escherichia coli strain 24742_1#248,562.57319,0.0,0.0,0.0,0.0,0.0,0.0,,,,
Escherichia coli strain 24742_1#249,562.57326,1.0,0.0,0.0,0.0,0.0,1.0,,,,
Escherichia coli strain 24742_1#25,562.57125,1.0,0.0,0.0,0.0,0.0,0.0,,,,
Escherichia coli strain 24742_1#251,562.5733,1.0,0.0,0.0,0.0,0.0,0.0,,,,
Escherichia coli strain 24742_1#252,562.57301,1.0,0.0,0.0,0.0,0.0,0.0,,,,
Escherichia coli strain 24742_1#253,562.573,1.0,0.0,0.0,0.0,0.0,0.0,,,,
Escherichia coli strain 24742_1#255,562.57305,1.0,0.0,0.0,0.0,0.0,0.0,,,,
Escherichia coli strain 24742_1#256,562.57306,1.0,1.0,1.0,1.0,0.0,0.0,,,,
Escherichia coli strain 24742_1#258,562.57311,1.0,0.0,0.0,0.0,0.0,0.0,,,,
Escherichia coli strain 24742_1#259,562.57309,1.0,0.0,0.0,0.0,0.0,0.0,,,,
Escherichia coli strain 24742_1#260,562.57314,0.0,0.0,0.0,0.0,0.0,0.0,,,,
Escherichia coli strain 24742_1#261,562.57315,1.0,0.0,1.0,0.0,0.0,0.0,,,,
Escherichia coli strain 24742_1#262,562.57313,0.0,0.0,0.0,0.0,0.0,0.0,,,,
Escherichia coli strain 24742_1#263,562.57308,0.0,0.0,0.0,0.0,0.0,0.0,,,,
Escherichia coli strain 24742_1#264,562.5731,1.0,0.0,0.0,0.0,0.0,0.0,,,,
Escherichia coli strain 24742_1#265,562.57316,1.0,0.0,0.0,0.0,0.0,1.0,,,,
Escherichia coli strain 24742_1#266,562.57317,1.0,0.0,0.0,0.0,0.0,0.0,,,,
Escherichia coli strain 24742_1#268,562.57076,1.0,1.0,1.0,1.0,1.0,1.0,,,,
Escherichia coli strain 24742_1#269,562.57078,1.0,1.0,1.0,1.0,1.0,0.0,,,,
Escherichia coli strain 24742_1#270,562.57079,1.0,1.0,1.0,1.0,0.0,0.0,,,,
Escherichia coli strain 24742_1#271,562.5708,1.0,1.0,1.0,1.0,0.0,1.0,,,,
Escherichia coli strain 24742_1#272,562.57081,1.0,1.0,1.0,1.0,0.0,1.0,,,,
Escherichia coli strain 24742_1#273,562.57082,1.0,0.0,1.0,1.0,0.0,1.0,,,,
Escherichia coli strain 24742_1#274,562.57085,1.0,1.0,1.0,1.0,1.0,0.0,,,,
Escherichia coli strain 24742_1#275,562.57086,1.0,1.0,1.0,1.0,0.0,1.0,,,,
Escherichia coli strain 24742_1#276,562.5709,1.0,1.0,1.0,1.0,1.0,1.0,,,,
Escherichia coli strain 24742_1#277,562.57092,1.0,0.0,0.0,0.0,0.0,0.0,,,,
Escherichia coli strain 24742_1#278,562.57093,1.0,0.0,0.0,0.0,0.0,0.0,,,,
Escherichia coli strain 24742_1#279,562.57094,1.0,1.0,1.0,1.0,0.0,0.0,,,,
Escherichia coli strain 24742_1#280,562.57096,1.0,0.0,1.0,1.0,0.0,0.0,,,,
Escherichia coli strain 24742_1#281,562.57098,0.0,0.0,0.0,0.0,0.0,0.0,,,,
Escherichia coli strain 24742_1#282,562.571,1.0,0.0,0.0,0.0,0.0,0.0,,,,
Escherichia coli strain 24742_1#283,562.57101,0.0,0.0,0.0,0.0,0.0,0.0,,,,
Escherichia coli strain 24742_1#285,562.57103,1.0,0.0,0.0,0.0,0.0,0.0,,,,
Escherichia coli strain 24742_1#286,562.57108,1.0,0.0,0.0,0.0,0.0,0.0,,,,
Escherichia coli strain 24742_1#287,562.57118,1.0,1.0,0.0,0.0,0.0,1.0,,,,
Escherichia coli strain 24742_1#288,562.57109,1.0,0.0,0.0,0.0,0.0,1.0,,,,
Escherichia coli strain 24742_1#289,562.57115,0.0,0.0,0.0,0.0,0.0,0.0,,,,
Escherichia coli strain 24742_1#290,562.57116,1.0,0.0,0.0,0.0,0.0,0.0,,,,
Escherichia coli strain 24742_1#291,562.57112,1.0,0.0,0.0,0.0,0.0,0.0,,,,
Escherichia coli strain 24742_1#292,562.57113,1.0,0.0,0.0,0.0,0.0,0.0,,,,
Escherichia coli strain 24742_1#294,562.57126,1.0,0.0,0.0,0.0,0.0,0.0,,,,
Escherichia coli strain 24742_1#297,562.57123,0.0,0.0,0.0,0.0,0.0,0.0,,,,
Escherichia coli strain 24742_1#3,562.57084,1.0,1.0,1.0,1.0,0.0,1.0,,,,
Escherichia coli strain 24742_1#300,562.57124,1.0,1.0,1.0,1.0,1.0,0.0,,,,
Escherichia coli strain 24742_1#301,562.57129,1.0,1.0,1.0,1.0,0.0,0.0,,,,
Escherichia coli strain 24742_1#302,562.57119,1.0,1.0,1.0,1.0,1.0,0.0,,,,
Escherichia coli strain 24742_1#303,562.57133,1.0,1.0,1.0,1.0,1.0,1.0,,,,
Escherichia coli strain 24742_1#304,562.57131,1.0,1.0,1.0,1.0,1.0,1.0,,,,
Escherichia coli strain 24742_1#307,562.57138,1.0,0.0,0.0,0.0,0.0,0.0,,,,
Escherichia coli strain 24742_1#318,562.57137,1.0,0.0,1.0,1.0,0.0,0.0,,,,
Escherichia coli strain 24742_1#320,562.57156,0.0,0.0,0.0,0.0,0.0,0.0,,,,
Escherichia coli strain 24742_1#321,562.57154,1.0,0.0,0.0,0.0,0.0,0.0,,,,
Escherichia coli strain 24742_1#322,562.57152,0.0,0.0,0.0,0.0,0.0,0.0,,,,
Escherichia coli strain 24742_1#323,562.57159,1.0,1.0,1.0,1.0,1.0,1.0,,,,
Escherichia coli strain 24742_1#324,562.57171,1.0,0.0,0.0,0.0,0.0,0.0,,,,
Escherichia coli strain 24742_1#326,562.57169,1.0,1.0,0.0,0.0,0.0,1.0,,,,
Escherichia coli strain 24742_1#327,562.57182,1.0,0.0,0.0,0.0,0.0,0.0,,,,
Escherichia coli strain 24742_1#328,562.57183,1.0,1.0,1.0,1.0,1.0,0.0,,,,
Escherichia coli strain 24742_1#329,562.57179,1.0,0.0,1.0,1.0,0.0,0.0,,,,
Escherichia coli strain 24742_1#33,562.57127,1.0,0.0,0.0,0.0,0.0,0.0,,,,
Escherichia coli strain 24742_1#330,562.57185,1.0,0.0,0.0,0.0,0.0,0.0,,,,
Escherichia coli strain 24742_1#331,562.57192,1.0,1.0,0.0,1.0,0.0,1.0,,,,
Escherichia coli strain 24742_1#332,562.57187,1.0,1.0,1.0,1.0,1.0,0.0,,,,
Escherichia coli strain 24742_1#333,562.57189,1.0,0.0,1.0,0.0,0.0,0.0,,,,
Escherichia coli strain 24742_1#334,562.57188,1.0,0.0,0.0,0.0,0.0,0.0,,,,
Escherichia coli strain 24742_1#335,562.57195,1.0,0.0,0.0,0.0,0.0,1.0,,,,
Escherichia coli strain 24742_1#336,562.57197,1.0,1.0,1.0,1.0,1.0,1.0,,,,
Escherichia coli strain 24742_1#337,562.57196,1.0,1.0,1.0,1.0,0.0,1.0,,,,
Escherichia coli strain 24742_1#339,562.57199,1.0,1.0,1.0,1.0,0.0,1.0,,,,
Escherichia coli strain 24742_1#340,562.57203,1.0,0.0,0.0,0.0,0.0,1.0,,,,
Escherichia coli strain 24742_1#341,562.572,1.0,0.0,0.0,0.0,0.0,0.0,,,,
Escherichia coli strain 24742_1#342,562.57202,1.0,0.0,0.0,0.0,0.0,0.0,,,,
Escherichia coli strain 24742_1#343,562.57201,1.0,1.0,0.0,1.0,0.0,1.0,,,,
Escherichia coli strain 24742_1#344,562.5721,0.0,0.0,0.0,0.0,0.0,0.0,,,,
Escherichia coli strain 24742_1#345,562.57208,1.0,1.0,1.0,1.0,0.0,1.0,,,,
Escherichia coli strain 24742_1#347,562.57227,1.0,0.0,0.0,0.0,0.0,0.0,,,,
Escherichia coli strain 24742_1#348,562.57231,0.0,0.0,0.0,0.0,0.0,0.0,,,,
Escherichia coli strain 24742_1#350,562.57251,1.0,0.0,0.0,0.0,0.0,0.0,,,,
Escherichia coli strain 24742_1#351,562.57243,0.0,0.0,0.0,0.0,0.0,0.0,,,,
Escherichia coli strain 24742_1#352,562.57241,1.0,1.0,1.0,1.0,0.0,0.0,,,,
Escherichia coli strain 24742_1#353,562.57238,1.0,1.0,1.0,1.0,0.0,0.0,,,,
Escherichia coli strain 24742_1#354,562.57248,1.0,1.0,1.0,1.0,1.0,0.0,,,,
Escherichia coli strain 24742_1#355,562.57258,1.0,1.0,1.0,1.0,0.0,0.0,,,,
Escherichia coli strain 24742_1#356,562.57263,1.0,1.0,1.0,1.0,1.0,1.0,,,,
Escherichia coli strain 24742_1#357,562.5727,1.0,1.0,1.0,1.0,0.0,0.0,,,,
Escherichia coli strain 24742_1#360,562.57274,1.0,1.0,1.0,1.0,1.0,0.0,,,,
Escherichia coli strain 24742_1#361,562.5728,1.0,1.0,1.0,1.0,0.0,0.0,,,,
Escherichia coli strain 24742_1#362,562.57282,1.0,1.0,1.0,1.0,1.0,1.0,,,,
Escherichia coli strain 24742_1#363,562.57284,1.0,1.0,1.0,1.0,0.0,0.0,,,,
Escherichia coli strain 24742_1#364,562.57285,1.0,1.0,1.0,1.0,1.0,0.0,,,,
Escherichia coli strain 24742_1#365,562.57291,1.0,1.0,1.0,1.0,0.0,0.0,,,,
Escherichia coli strain 24742_1#366,562.57294,1.0,1.0,1.0,1.0,1.0,0.0,,,,
Escherichia coli strain 24742_1#367,562.57297,1.0,0.0,0.0,0.0,0.0,0.0,,,,
Escherichia coli strain 24742_1#368,562.57299,1.0,0.0,0.0,0.0,0.0,0.0,,,,
Escherichia coli strain 24742_1#369,562.5732,0.0,0.0,0.0,0.0,0.0,0.0,,,,
Escherichia coli strain 24742_1#370,562.57327,1.0,0.0,0.0,0.0,0.0,0.0,,,,
Escherichia coli strain 24742_1#372,562.57328,1.0,0.0,0.0,0.0,0.0,0.0,,,,
Escherichia coli strain 24742_1#373,562.57302,1.0,0.0,0.0,0.0,0.0,0.0,,,,
Escherichia coli strain 24742_1#374,562.57304,1.0,0.0,0.0,0.0,0.0,0.0,,,,
Escherichia coli strain 24742_1#375,562.57307,1.0,0.0,0.0,0.0,0.0,0.0,,,,
Escherichia coli strain 24742_1#376,562.57312,1.0,0.0,0.0,0.0,0.0,0.0,,,,
Escherichia coli strain 24742_1#377,562.57318,1.0,0.0,0.0,0.0,0.0,0.0,,,,
Escherichia coli strain 24742_1#378,562.57324,1.0,0.0,0.0,0.0,0.0,0.0,,,,
Escherichia coli strain 24742_1#379,562.57325,1.0,0.0,0.0,0.0,0.0,0.0,,,,
Escherichia coli strain 24742_1#381,562.57329,0.0,0.0,0.0,0.0,0.0,0.0,,,,
Escherichia coli strain 24742_1#382,562.57331,1.0,0.0,0.0,0.0,0.0,0.0,,,,
Escherichia coli strain 24742_1#4,562.57087,1.0,1.0,1.0,1.0,1.0,0.0,,,,
Escherichia coli strain 24742_1#47,562.57122,1.0,0.0,0.0,0.0,0.0,0.0,,,,
Escherichia coli strain 24742_1#5,562.57088,1.0,1.0,1.0,1.0,1.0,0.0,,,,
Escherichia coli strain 24742_1#53,562.57121,1.0,0.0,0.0,0.0,0.0,0.0,,,,
Escherichia coli strain 24742_1#57,562.5712,1.0,1.0,1.0,1.0,1.0,1.0,,,,
Escherichia coli strain 24742_1#58,562.5713,1.0,1.0,1.0,1.0,0.0,1.0,,,,
Escherichia coli strain 24742_1#6,562.57089,1.0,1.0,1.0,1.0,0.0,0.0,,,,
Escherichia coli strain 24742_1#7,562.57091,1.0,1.0,1.0,1.0,1.0,0.0,,,,
Escherichia coli strain 24742_1#8,562.57095,1.0,0.0,0.0,1.0,0.0,0.0,,,,
Escherichia coli strain 24742_1#89,562.57135,0.0,0.0,0.0,0.0,0.0,0.0,,,,
Escherichia coli strain 24742_1#9,562.57097,1.0,0.0,0.0,0.0,0.0,0.0,,,,
Escherichia coli strain 24742_1#90,562.57134,0.0,0.0,0.0,0.0,0.0,1.0,,,,
Escherichia coli strain 24742_1#91,562.57136,0.0,0.0,0.0,0.0,0.0,0.0,,,,
Escherichia coli strain 24742_1#92,562.57139,1.0,0.0,0.0,0.0,0.0,0.0,,,,
Escherichia coli strain 24742_1#93,562.5714,1.0,0.0,0.0,0.0,0.0,0.0,,,,
Escherichia coli strain 24742_1#94,562.57132,0.0,0.0,0.0,0.0,0.0,0.0,,,,
Escherichia coli strain 24742_1#95,562.57142,1.0,0.0,0.0,0.0,0.0,0.0,,,,
Escherichia coli strain 24742_1#96,562.57141,0.0,0.0,0.0,0.0,0.0,0.0,,,,
Escherichia coli strain 24742_1#97,562.57147,0.0,0.0,0.0,0.0,0.0,0.0,,,,
Escherichia coli strain 24742_1#98,562.57151,1.0,0.0,0.0,0.0,0.0,0.0,,,,
Escherichia coli strain 24742_1#99,562.57146,1.0,0.0,0.0,0.0,0.0,0.0,,,,
Escherichia coli strain 248,562.42692,1.0,,1.0,,0.0,0.0,0.0,0.0,,0.0
Escherichia coli strain 252-09,562.56777,1.0,1.0,1.0,,,,0.0,,,
Escherichia coli strain 253,562.42693,1.0,,1.0,,1.0,1.0,0.0,0.0,,0.0
Escherichia coli strain 254,562.42694,1.0,,1.0,,1.0,0.0,0.0,0.0,,1.0
Escherichia coli strain 257,562.42695,1.0,,0.0,,1.0,0.0,0.0,0.0,,0.0
Escherichia coli strain 258,562.42696,1.0,,1.0,,1.0,0.0,0.0,1.0,,0.0
Escherichia coli strain 259,562.42697,1.0,,0.0,,1.0,0.0,0.0,0.0,,1.0
Escherichia coli strain 262,562.42698,1.0,,0.0,,1.0,0.0,0.0,,,1.0
Escherichia coli strain 263,562.42699,1.0,,0.0,,1.0,0.0,0.0,0.0,,0.0
Escherichia coli strain 264,562.427,1.0,,1.0,,1.0,0.0,0.0,0.0,,1.0
Escherichia coli strain 265,562.42701,1.0,,0.0,,1.0,0.0,0.0,0.0,,0.0
Escherichia coli strain 279,562.42702,1.0,,1.0,,1.0,1.0,0.0,1.0,,0.0
Escherichia coli strain 280,562.42703,1.0,,1.0,,0.0,0.0,0.0,0.0,,1.0
Escherichia coli strain 281,562.42704,1.0,,0.0,,0.0,0.0,0.0,0.0,,1.0
Escherichia coli strain 282,562.42705,1.0,,0.0,,0.0,1.0,0.0,0.0,,1.0
Escherichia coli strain 283,562.42706,1.0,,1.0,,1.0,0.0,0.0,0.0,,1.0
Escherichia coli strain 284,562.42707,1.0,,1.0,,0.0,0.0,0.0,0.0,,0.0
Escherichia coli strain 286,562.42708,1.0,,1.0,,0.0,0.0,0.0,1.0,,0.0
Escherichia coli strain 287,562.42709,1.0,,0.0,,0.0,0.0,0.0,1.0,,0.0
Escherichia coli strain 300073,562.7622,0.0,,0.0,,0.0,0.0,0.0,,,0.0
Escherichia coli strain 300086_aEPEC,562.778,0.0,,0.0,,0.0,0.0,0.0,,,1.0
Escherichia coli strain 300711_aEPEC,562.7655,1.0,,0.0,,0.0,0.0,0.0,,,1.0
Escherichia coli strain 300795_aEPEC,562.7575,1.0,,0.0,,0.0,0.0,0.0,,,1.0
Escherichia coli strain 300812_aEPEC,562.7688,1.0,,0.0,,0.0,0.0,0.0,,,1.0
Escherichia coli strain 300814_aEPEC,562.7657,1.0,,0.0,,0.0,0.0,0.0,,,1.0
Escherichia coli strain 301,562.58764,1.0,0.0,0.0,,1.0,1.0,,,,1.0
Escherichia coli strain 302,562.58765,1.0,0.0,0.0,,0.0,1.0,,,,0.0
Escherichia coli strain 302082,562.7624,1.0,,0.0,,0.0,0.0,0.0,,,1.0
Escherichia coli strain 302302,562.7728,0.0,,0.0,,0.0,0.0,0.0,,,0.0
Escherichia coli strain 302613,562.7665,1.0,,0.0,,0.0,0.0,0.0,,,1.0
Escherichia coli strain 302619,562.7785,0.0,,0.0,,0.0,0.0,0.0,,,0.0
Escherichia coli strain 302700,562.7649,1.0,,0.0,,0.0,0.0,0.0,,,1.0
Escherichia coli strain 302701,562.7732,0.0,,0.0,,0.0,0.0,0.0,,,0.0
Escherichia coli strain 302710,562.7766,0.0,,0.0,,0.0,0.0,0.0,,,0.0
Escherichia coli strain 304-13-1,562.56782,1.0,1.0,1.0,,1.0,,0.0,,,
Escherichia coli strain 309,562.4271,1.0,,1.0,,1.0,0.0,0.0,1.0,,1.0
Escherichia coli strain 30934,562.17733,,0.0,0.0,0.0,,,,0.0,,
Escherichia coli strain 314,562.42711,1.0,,1.0,,1.0,1.0,0.0,0.0,,1.0
Escherichia coli strain 316,562.42712,1.0,,0.0,,1.0,0.0,0.0,0.0,,1.0
Escherichia coli strain 317,562.42713,1.0,,1.0,,1.0,1.0,0.0,0.0,,1.0
Escherichia coli strain 318,562.42714,1.0,,1.0,,1.0,1.0,0.0,1.0,,1.0
Escherichia coli strain 319,562.42715,1.0,,0.0,,0.0,0.0,0.0,0.0,,0.0
Escherichia coli strain 325,562.42716,1.0,,0.0,,0.0,0.0,0.0,1.0,,1.0
Escherichia coli strain 326,562.42717,1.0,,1.0,,1.0,0.0,0.0,0.0,,1.0
Escherichia coli strain 327,562.42718,1.0,,0.0,,1.0,1.0,0.0,0.0,,0.0
Escherichia coli strain 337,562.42719,1.0,,0.0,,1.0,0.0,0.0,0.0,,1.0
Escherichia coli strain 338,562.4272,1.0,,0.0,,1.0,1.0,0.0,0.0,,0.0
Escherichia coli strain 343,562.42721,1.0,,1.0,,0.0,0.0,0.0,0.0,,0.0
Escherichia coli strain 344,562.42722,1.0,,1.0,,1.0,0.0,0.0,0.0,,1.0
Escherichia coli strain 347,562.42723,1.0,,1.0,,1.0,0.0,0.0,0.0,,0.0
Escherichia coli strain 349-14,562.56779,1.0,1.0,1.0,,,,0.0,,,
Escherichia coli strain 35-16,562.5678,1.0,1.0,1.0,,,,0.0,,,
Escherichia coli strain 36-16,562.56781,1.0,1.0,1.0,,,,0.0,,,
Escherichia coli strain 363,562.42724,1.0,,0.0,,0.0,0.0,0.0,0.0,,1.0
Escherichia coli strain 364,562.42725,1.0,,0.0,,1.0,0.0,0.0,0.0,,1.0
Escherichia coli strain 367,562.42726,1.0,,0.0,,1.0,0.0,0.0,0.0,,1.0
Escherichia coli strain 368,562.42727,1.0,,0.0,,1.0,0.0,0.0,0.0,,1.0
Escherichia coli strain 369,562.42728,1.0,,1.0,,0.0,0.0,0.0,0.0,,0.0
Escherichia coli strain 37-16,562.56784,1.0,1.0,1.0,,,,0.0,,,
Escherichia coli strain 370,562.42729,1.0,,1.0,,1.0,1.0,0.0,0.0,,1.0
Escherichia coli strain 372-13,562.56783,1.0,1.0,1.0,,1.0,,0.0,,,
Escherichia coli strain 375,562.4273,1.0,,0.0,,0.0,0.0,0.0,0.0,,1.0
Escherichia coli strain 377,562.42731,1.0,,1.0,,1.0,1.0,0.0,1.0,,0.0
Escherichia coli strain 38-16,562.56786,1.0,1.0,1.0,,,,0.0,,,
Escherichia coli strain 39-16,562.56785,1.0,1.0,1.0,,,,0.0,,,
Escherichia coli strain 393-08,562.56787,1.0,1.0,1.0,,1.0,,0.0,,,
Escherichia coli strain 394,562.42732,1.0,,0.0,,0.0,0.0,0.0,0.0,,0.0
Escherichia coli strain 399,562.42733,1.0,,0.0,,1.0,0.0,0.0,0.0,,0.0
Escherichia coli strain 399-15,562.56789,1.0,1.0,1.0,,,,0.0,,,
Escherichia coli strain 40-16,562.56788,1.0,1.0,1.0,,,,0.0,,,
Escherichia coli strain 400549_aEPEC,562.7661,1.0,,0.0,,0.0,0.0,0.0,,,1.0
Escherichia coli strain 400654_aEPEC,562.7687,0.0,,0.0,,0.0,0.0,0.0,,,0.0
Escherichia coli strain 400714_aEPEC,562.7723,1.0,,0.0,,0.0,0.0,0.0,,,1.0
Escherichia coli strain 400896,562.7739,1.0,,0.0,,0.0,0.0,0.0,,,1.0
Escherichia coli strain 400897_aEPEC,562.7705,0.0,,0.0,,0.0,0.0,0.0,,,1.0
Escherichia coli strain 400998_aEPEC,562.775,1.0,,0.0,,0.0,0.0,0.0,,,1.0
Escherichia coli strain 401082,562.7704,1.0,,0.0,,0.0,0.0,0.0,,,1.0
Escherichia coli strain 401117_aEPEC,562.7569,1.0,,0.0,,0.0,0.0,0.0,,,1.0
Escherichia coli strain 401174_aEPEC,562.7583,1.0,,0.0,,0.0,0.0,0.0,,,1.0
Escherichia coli strain 401250_aEPEC,562.7673,1.0,,0.0,,0.0,0.0,0.0,,,1.0
Escherichia coli strain 401352,562.7679,1.0,,0.0,,0.0,0.0,0.0,,,1.0
Escherichia coli strain 401363,562.7653,1.0,,0.0,,0.0,0.0,0.0,,,1.0
Escherichia coli strain 401480_aEPEC,562.7792,1.0,,0.0,,0.0,0.0,0.0,,,1.0
Escherichia coli strain 401553,562.7684,0.0,,0.0,,0.0,0.0,0.0,,,0.0
Escherichia coli strain 401596_aEPEC,562.7581,1.0,,0.0,,0.0,0.0,0.0,,,1.0
Escherichia coli strain 401686,562.7641,1.0,,0.0,,0.0,0.0,0.0,,,1.0
Escherichia coli strain 401709_aEPEC,562.7697,1.0,,0.0,,0.0,0.0,0.0,,,1.0
Escherichia coli strain 401886_aEPEC,562.7571,1.0,,0.0,,0.0,0.0,0.0,,,1.0
Escherichia coli strain 401907,562.7692,1.0,,0.0,,0.0,0.0,0.0,,,1.0
Escherichia coli strain 401938_aEPEC,562.7584,1.0,,0.0,,0.0,0.0,0.0,,,1.0
Escherichia coli strain 402048_aEPEC,562.7752,1.0,,0.0,,0.0,0.0,0.0,,,1.0
Escherichia coli strain 402058_aEPEC,562.7565,1.0,,0.0,,0.0,0.0,0.0,,,1.0
Escherichia coli strain 402074_aEPEC,562.7644,1.0,,0.0,,0.0,0.0,0.0,,,1.0
Escherichia coli strain 402078,562.7668,1.0,,0.0,,0.0,0.0,0.0,,,1.0
Escherichia coli strain 402097_aEPEC,562.7672,0.0,,0.0,,0.0,0.0,0.0,,,1.0
Escherichia coli strain 402099_aEPEC,562.7743,1.0,,0.0,,0.0,0.0,0.0,,,1.0
Escherichia coli strain 402138_aEPEC,562.7664,1.0,,0.0,,0.0,0.0,0.0,,,1.0
Escherichia coli strain 402227_aEPEC,562.7754,0.0,,0.0,,0.0,0.0,0.0,,,1.0
Escherichia coli strain 402248_aEPEC,562.7778,1.0,,0.0,,0.0,0.0,0.0,,,1.0
Escherichia coli strain 402403,562.7776,1.0,,0.0,,0.0,0.0,0.0,,,1.0
Escherichia coli strain 402480_aEPEC,562.776,1.0,,0.0,,0.0,0.0,0.0,,,1.0
Escherichia coli strain 402605,562.7773,1.0,,0.0,,0.0,0.0,0.0,,,1.0
Escherichia coli strain 402617,562.7757,1.0,,0.0,,0.0,0.0,0.0,,,1.0
Escherichia coli strain 402635,562.7758,0.0,,0.0,,0.0,0.0,0.0,,,1.0
Escherichia coli strain 402654_aEPEC,562.7726,1.0,,0.0,,0.0,0.0,0.0,,,1.0
Escherichia coli strain 402696,562.7627,0.0,,0.0,,0.0,0.0,0.0,,,1.0
Escherichia coli strain 402743_aEPEC,562.7733,1.0,,0.0,,0.0,0.0,0.0,,,1.0
Escherichia coli strain 402767,562.7745,1.0,,0.0,,0.0,0.0,0.0,,,1.0
Escherichia coli strain 402770_aEPEC,562.7779,0.0,,0.0,,0.0,0.0,0.0,,,1.0
Escherichia coli strain 402794,562.7663,1.0,,0.0,,0.0,0.0,0.0,,,1.0
Escherichia coli strain 402798,562.7654,1.0,,0.0,,0.0,0.0,0.0,,,1.0
Escherichia coli strain 402837,562.7621,1.0,,0.0,,0.0,0.0,0.0,,,1.0
Escherichia coli strain 402842,562.7777,1.0,,0.0,,0.0,0.0,0.0,,,1.0
Escherichia coli strain 402898,562.762,0.0,,0.0,,0.0,0.0,0.0,,,0.0
Escherichia coli strain 402924,562.7761,0.0,,0.0,,0.0,0.0,0.0,,,0.0
Escherichia coli strain 403,562.42734,1.0,,1.0,,1.0,0.0,0.0,1.0,,0.0
Escherichia coli strain 403066,562.7714,1.0,,0.0,,0.0,0.0,0.0,,,1.0
Escherichia coli strain 403308_aEPEC,562.7685,0.0,,0.0,,0.0,0.0,0.0,,,1.0
Escherichia coli strain 403523,562.768,1.0,,0.0,,0.0,0.0,0.0,,,0.0
Escherichia coli strain 403726_aEPEC,562.7712,1.0,,0.0,,0.0,0.0,0.0,,,1.0
Escherichia coli strain 403728,562.7662,1.0,,0.0,,0.0,0.0,0.0,,,1.0
Escherichia coli strain 404,562.42735,1.0,,1.0,,1.0,0.0,0.0,0.0,,1.0
Escherichia coli strain 405,562.42736,1.0,,1.0,,1.0,0.0,0.0,0.0,,0.0
Escherichia coli strain 406,562.42737,1.0,,0.0,,1.0,0.0,0.0,0.0,,0.0
Escherichia coli strain 407,562.42738,1.0,,1.0,,1.0,0.0,0.0,1.0,,0.0
Escherichia coli strain 409,562.42739,1.0,,1.0,,1.0,1.0,0.0,0.0,,1.0
Escherichia coli strain 41-16,562.56795,1.0,1.0,1.0,,,,0.0,,,
Escherichia coli strain 410,562.4274,1.0,,0.0,,1.0,0.0,0.0,0.0,,0.0
Escherichia coli strain 412,562.42741,1.0,,1.0,,1.0,0.0,0.0,1.0,,1.0
Escherichia coli strain 42-16,562.56796,1.0,1.0,1.0,,,,0.0,,,
Escherichia coli strain 43-16,562.56791,1.0,1.0,1.0,,,,0.0,,,
Escherichia coli strain 44-16,562.5679,1.0,1.0,1.0,,,,0.0,,,
Escherichia coli strain 449-08-1,562.56794,1.0,1.0,1.0,,1.0,,0.0,,,
Escherichia coli strain 45-16,562.56793,1.0,1.0,1.0,,,,0.0,,,
Escherichia coli strain 453,562.42742,1.0,,1.0,,1.0,0.0,0.0,0.0,,0.0
Escherichia coli strain 46-16,562.568,1.0,1.0,1.0,,,,0.0,,,
Escherichia coli strain 463-16,562.56792,1.0,1.0,1.0,,,,0.0,,,
Escherichia coli strain 464-16,562.56798,1.0,1.0,1.0,,,,0.0,,,
Escherichia coli strain 465-16,562.56797,1.0,1.0,1.0,,,,0.0,,,
Escherichia coli strain 466-16,562.56799,1.0,1.0,1.0,,,,0.0,,,
Escherichia coli strain 467,562.42743,1.0,,0.0,,0.0,0.0,0.0,0.0,,0.0
Escherichia coli strain 467-16,562.56804,1.0,1.0,1.0,,,,0.0,,,
Escherichia coli strain 468-16,562.56805,1.0,1.0,1.0,,,,0.0,,,
Escherichia coli strain 469-16,562.56803,1.0,1.0,1.0,,,,0.0,,,
Escherichia coli strain 47-16,562.56806,1.0,1.0,1.0,,,,0.0,,,
Escherichia coli strain 470-16,562.56802,1.0,1.0,1.0,,1.0,,0.0,,,
Escherichia coli strain 471-16,562.56801,1.0,1.0,1.0,,1.0,,0.0,,,
Escherichia coli strain 472,562.42744,1.0,,0.0,,1.0,0.0,0.0,0.0,,1.0
Escherichia coli strain 472-16,562.56807,1.0,1.0,1.0,,1.0,,0.0,,,
Escherichia coli strain 473-14,562.56808,1.0,1.0,1.0,,,,0.0,,,
Escherichia coli strain 473-16,562.56809,1.0,1.0,1.0,,,,0.0,,,
Escherichia coli strain 474-16,562.5681,1.0,1.0,1.0,,,,0.0,,,
Escherichia coli strain 475,562.42745,1.0,,1.0,,1.0,1.0,0.0,1.0,,1.0
Escherichia coli strain 475-16,562.56811,1.0,1.0,1.0,,,,0.0,,,
Escherichia coli strain 476-16,562.56812,1.0,1.0,1.0,,,,0.0,,,
Escherichia coli strain 477,562.42746,1.0,,1.0,,0.0,0.0,0.0,0.0,,1.0
Escherichia coli strain 477-16,562.56816,1.0,1.0,1.0,,,,0.0,,,
Escherichia coli strain 478,562.42747,1.0,,1.0,,1.0,0.0,0.0,0.0,,1.0
Escherichia coli strain 478-16,562.56814,1.0,1.0,1.0,,,,0.0,,,
Escherichia coli strain 479,562.42748,1.0,,1.0,,0.0,0.0,0.0,0.0,,0.0
Escherichia coli strain 479-16,562.56815,1.0,1.0,1.0,,,,0.0,,,
Escherichia coli strain 48-16,562.56819,1.0,1.0,1.0,,,,0.0,,,
Escherichia coli strain 480-16,562.56818,1.0,1.0,1.0,,,,0.0,,,
Escherichia coli strain 481-14,562.56813,1.0,1.0,1.0,,1.0,,0.0,,,
Escherichia coli strain 481-16,562.56817,1.0,1.0,1.0,,,,0.0,,,
Escherichia coli strain 482,562.42749,1.0,,1.0,,1.0,0.0,0.0,1.0,,1.0
Escherichia coli strain 482-16,562.5682,1.0,1.0,1.0,,,,0.0,,,
Escherichia coli strain 483,562.4275,1.0,,1.0,,1.0,1.0,0.0,0.0,,0.0
Escherichia coli strain 483-16,562.56821,1.0,1.0,1.0,,,,0.0,,,
Escherichia coli strain 484-16,562.56822,1.0,1.0,1.0,,,,0.0,,,
Escherichia coli strain 485-16,562.56823,1.0,1.0,1.0,,,,0.0,,,
Escherichia coli strain 486-16,562.56824,1.0,1.0,1.0,,,,0.0,,,
Escherichia coli strain 487-16,562.56828,1.0,1.0,1.0,,,,0.0,,,
Escherichia coli strain 488-16,562.56827,1.0,1.0,1.0,,,,0.0,,,
Escherichia coli strain 489-16,562.56829,1.0,1.0,1.0,,1.0,,0.0,,,
Escherichia coli strain 49-16,562.56826,1.0,1.0,1.0,,,,0.0,,,
Escherichia coli strain 490-16,562.5683,1.0,1.0,1.0,,,,0.0,,,
Escherichia coli strain 491-16,562.56825,1.0,1.0,1.0,,,,0.0,,,
Escherichia coli strain 492-16,562.56831,1.0,1.0,1.0,,,,0.0,,,
Escherichia coli strain 493-16,562.56832,1.0,1.0,1.0,,,,0.0,,,
Escherichia coli strain 494-16,562.56833,1.0,1.0,1.0,,,,0.0,,,
Escherichia coli strain 495-16,562.56836,1.0,1.0,1.0,,,,0.0,,,
Escherichia coli strain 496-16,562.56835,1.0,1.0,1.0,,,,0.0,,,
Escherichia coli strain 497-16,562.56834,1.0,1.0,1.0,,,,0.0,,,
Escherichia coli strain 498-16,562.56838,1.0,1.0,1.0,,,,0.0,,,
Escherichia coli strain 499-16,562.56837,1.0,1.0,1.0,,,,0.0,,,
Escherichia coli strain 5-16,562.56852,1.0,1.0,1.0,,,,0.0,,,
Escherichia coli strain 50-16,562.56841,1.0,1.0,1.0,,1.0,,0.0,,,
Escherichia coli strain 500-16,562.56839,1.0,1.0,1.0,,,,0.0,,,
Escherichia coli strain 500094,562.7782,1.0,,0.0,,0.0,0.0,0.0,,,1.0
Escherichia coli strain 500095,562.7677,0.0,,0.0,,0.0,0.0,0.0,,,0.0
Escherichia coli strain 500193,562.7791,1.0,,0.0,,0.0,0.0,0.0,,,1.0
Escherichia coli strain 500197_aEPEC,562.7631,0.0,,0.0,,0.0,0.0,0.0,,,0.0
Escherichia coli strain 500275_aEPEC,562.769,0.0,,0.0,,0.0,0.0,0.0,,,0.0
Escherichia coli strain 500618_aEPEC,562.7699,1.0,,0.0,,1.0,1.0,0.0,,,1.0
Escherichia coli strain 500858_aEPEC,562.7771,1.0,,0.0,,1.0,1.0,0.0,,,0.0
Escherichia coli strain 500864_aEPEC,562.7629,0.0,,0.0,,0.0,0.0,0.0,,,0.0
Escherichia coli strain 500989,562.7695,1.0,,1.0,,0.0,0.0,0.0,,,0.0
Escherichia coli strain 501-16,562.5684,1.0,1.0,1.0,,1.0,,0.0,,,
Escherichia coli strain 501016,562.7625,1.0,,0.0,,0.0,0.0,0.0,,,1.0
Escherichia coli strain 501029_aEPEC,562.7656,1.0,,0.0,,0.0,0.0,0.0,,,0.0
Escherichia coli strain 502-16,562.56842,1.0,1.0,1.0,,1.0,,0.0,,,
Escherichia coli strain 503-16,562.56843,1.0,1.0,1.0,,1.0,,0.0,,,
Escherichia coli strain 503023,562.7749,0.0,,0.0,,0.0,0.0,0.0,,,1.0
Escherichia coli strain 503028_aEPEC,562.7572,1.0,,0.0,,1.0,0.0,0.0,,,0.0
Escherichia coli strain 503130_aEPEC,562.7628,1.0,,0.0,,0.0,0.0,0.0,,,1.0
Escherichia coli strain 503225_aEPEC,562.758,0.0,,0.0,,0.0,0.0,0.0,,,0.0
Escherichia coli strain 503238_aEPEC,562.7762,0.0,,0.0,,0.0,0.0,0.0,,,0.0
Escherichia coli strain 503256,562.7725,1.0,,0.0,,0.0,0.0,0.0,,,1.0
Escherichia coli strain 503320,562.7703,1.0,,0.0,,1.0,1.0,0.0,,,1.0
Escherichia coli strain 503331,562.7722,0.0,,0.0,,0.0,0.0,0.0,,,1.0
Escherichia coli strain 503459_aEPEC,562.7693,0.0,,0.0,,1.0,0.0,0.0,,,1.0
Escherichia coli strain 503537_aEPEC,562.7578,1.0,,0.0,,0.0,0.0,0.0,,,0.0
Escherichia coli strain 503662_aEPEC,562.7747,1.0,,1.0,,0.0,0.0,0.0,,,0.0
Escherichia coli strain 503891_aEPEC,562.7774,0.0,,0.0,,0.0,0.0,0.0,,,1.0
Escherichia coli strain 503947_aEPEC,562.7767,1.0,,0.0,,0.0,0.0,0.0,,,1.0
Escherichia coli strain 504-16,562.56844,1.0,1.0,1.0,,,,0.0,,,
Escherichia coli strain 504005_aEPEC,562.7576,1.0,,0.0,,0.0,0.0,0.0,,,1.0
Escherichia coli strain 504180,562.7706,0.0,,0.0,,0.0,0.0,0.0,,,0.0
Escherichia coli strain 504225_aEPEC,562.7696,1.0,,0.0,,0.0,0.0,0.0,,,1.0
Escherichia coli strain 504300_aEPEC,562.7698,1.0,,1.0,,0.0,0.0,0.0,,,0.0
Escherichia coli strain 504324,562.7709,0.0,,0.0,,0.0,0.0,0.0,,,0.0
Escherichia coli strain 504528,562.7707,1.0,,0.0,,0.0,0.0,0.0,,,1.0
Escherichia coli strain 504647_aEPEC,562.7573,1.0,,0.0,,1.0,1.0,0.0,,,1.0
Escherichia coli strain 504718,562.771,1.0,,0.0,,0.0,0.0,0.0,,,1.0
Escherichia coli strain 504821_aEPEC,562.765,0.0,,0.0,,0.0,0.0,0.0,,,0.0
Escherichia coli strain 504888_aEPEC,562.766,1.0,,0.0,,1.0,1.0,0.0,,,0.0
Escherichia coli strain 505-16,562.5685,1.0,1.0,1.0,,1.0,,0.0,,,
Escherichia coli strain 505148,562.7742,0.0,,0.0,,0.0,0.0,0.0,,,0.0
Escherichia coli strain 505393_aEPEC,562.7568,0.0,,0.0,,0.0,0.0,0.0,,,0.0
Escherichia coli strain 505513_aEPEC,562.7753,1.0,,0.0,,0.0,0.0,0.0,,,1.0
Escherichia coli strain 505545,562.7635,0.0,,0.0,,0.0,0.0,0.0,,,1.0
Escherichia coli strain 506-16,562.56849,1.0,1.0,1.0,,1.0,,0.0,,,
Escherichia coli strain 507-16,562.56847,1.0,1.0,1.0,,1.0,,0.0,,,
Escherichia coli strain 509-16,562.56845,1.0,1.0,1.0,,1.0,,0.0,,,
Escherichia coli strain 51-16,562.56851,1.0,1.0,1.0,,1.0,,0.0,,,
Escherichia coli strain 510-16,562.56848,1.0,1.0,1.0,,1.0,,0.0,,,
Escherichia coli strain 511-16,562.56846,1.0,1.0,1.0,,,,0.0,,,
Escherichia coli strain 512-16,562.56853,1.0,1.0,1.0,,,,0.0,,,
Escherichia coli strain 52-16,562.56854,1.0,1.0,1.0,,1.0,,0.0,,,
Escherichia coli strain 53-16,562.56858,1.0,1.0,1.0,,,,0.0,,,
Escherichia coli strain 531-12,562.56855,1.0,1.0,1.0,,1.0,,0.0,,,
Escherichia coli strain 590-14,562.56861,1.0,1.0,1.0,,,,0.0,,,
Escherichia coli strain 5CRE51,562.16466,1.0,,1.0,,1.0,1.0,1.0,1.0,,1.0
Escherichia coli strain 6-16,562.56862,1.0,1.0,1.0,,,,0.0,,,
Escherichia coli strain 60,562.42751,1.0,,0.0,,1.0,0.0,0.0,0.0,,1.0
Escherichia coli strain 602206,562.764,1.0,,0.0,,0.0,0.0,0.0,,,0.0
Escherichia coli strain 602370_aEPEC,562.7566,1.0,,0.0,,0.0,0.0,0.0,,,1.0
Escherichia coli strain 689-15,562.5686,1.0,1.0,1.0,,,,0.0,,,
Escherichia coli strain 690-15,562.56859,1.0,1.0,1.0,,,,0.0,,,
Escherichia coli strain 7-16,562.56863,1.0,1.0,1.0,,,,0.0,,,
Escherichia coli strain 700149,562.7632,1.0,,0.0,,0.0,0.0,0.0,,,1.0
Escherichia coli strain 700851,562.7638,1.0,,0.0,,0.0,0.0,0.0,,,0.0
Escherichia coli strain 700863,562.7788,0.0,,0.0,,0.0,0.0,0.0,,,0.0
Escherichia coli strain 701-14,562.56856,1.0,1.0,1.0,,,,0.0,,,
Escherichia coli strain 701-15,562.56857,1.0,1.0,1.0,,,,0.0,,,
Escherichia coli strain 702328,562.7713,0.0,,0.0,,0.0,0.0,0.0,,,0.0
Escherichia coli strain 702566,562.7666,1.0,,0.0,,0.0,0.0,0.0,,,1.0
Escherichia coli strain 702745_aEPEC,562.7746,1.0,,0.0,,0.0,0.0,0.0,,,1.0
Escherichia coli strain 702797,562.7708,0.0,,0.0,,0.0,0.0,0.0,,,0.0
Escherichia coli strain 702890_aEPEC,562.7686,1.0,,0.0,,0.0,0.0,0.0,,,1.0
Escherichia coli strain 702898_aEPEC,562.7652,1.0,,0.0,,0.0,0.0,0.0,,,0.0
Escherichia coli strain 702971,562.7729,0.0,,0.0,,0.0,0.0,0.0,,,0.0
Escherichia coli strain 703063,562.7691,1.0,,1.0,,0.0,0.0,0.0,,,1.0
Escherichia coli strain 703108,562.7784,1.0,,0.0,,0.0,0.0,0.0,,,1.0
Escherichia coli strain 703128,562.7756,1.0,,1.0,,0.0,0.0,0.0,,,1.0
Escherichia coli strain 703258_aEPEC,562.7623,0.0,,0.0,,0.0,0.0,0.0,,,0.0
Escherichia coli strain 703273,562.7736,0.0,,0.0,,0.0,0.0,0.0,,,0.0
Escherichia coli strain 703753,562.7724,0.0,,0.0,,0.0,0.0,0.0,,,1.0
Escherichia coli strain 703975_aEPEC,562.777,1.0,,0.0,,0.0,0.0,0.0,,,1.0
Escherichia coli strain 71,562.42752,1.0,,0.0,,0.0,0.0,0.0,0.0,,1.0
Escherichia coli strain 721-15,562.56864,1.0,1.0,1.0,,,,0.0,,,
Escherichia coli strain 739-12,562.56865,1.0,1.0,1.0,,,,0.0,,,
Escherichia coli strain 740-12,562.56866,1.0,1.0,1.0,,,,0.0,,,
Escherichia coli strain 76,562.42753,1.0,,0.0,,1.0,0.0,0.0,0.0,,1.0
Escherichia coli strain 761-14,562.56873,1.0,1.0,1.0,,,,0.0,,,
Escherichia coli strain 763-14,562.56871,1.0,1.0,1.0,,,,0.0,,,
Escherichia coli strain 765-14,562.56869,1.0,1.0,1.0,,,,0.0,,,
Escherichia coli strain 767-14,562.56867,1.0,1.0,1.0,,1.0,,0.0,,,
Escherichia coli strain 78,562.42754,1.0,,0.0,,0.0,0.0,0.0,1.0,,0.0
Escherichia coli strain 784-12,562.56872,1.0,1.0,1.0,,1.0,,0.0,,,
Escherichia coli strain 8,562.42755,1.0,,1.0,,1.0,0.0,1.0,,,1.0
Escherichia coli strain 8-16,562.56868,1.0,1.0,1.0,,,,0.0,,,
Escherichia coli strain 81009,562.17359,,1.0,1.0,,1.0,0.0,0.0,,,1.0
Escherichia coli strain 83-16,562.5687,1.0,1.0,1.0,,1.0,,0.0,,,
Escherichia coli strain 84,562.42756,1.0,,1.0,,1.0,0.0,0.0,0.0,,1.0
Escherichia coli strain 85,562.42757,1.0,,1.0,,0.0,1.0,0.0,0.0,,1.0
Escherichia coli strain 856-14,562.56875,1.0,1.0,1.0,,,,0.0,,,
Escherichia coli strain 86,562.42758,1.0,,0.0,,1.0,0.0,0.0,0.0,,0.0
Escherichia coli strain 86-16,562.56874,1.0,1.0,1.0,,,,0.0,,,
Escherichia coli strain 9-16,562.56877,1.0,1.0,1.0,,,,0.0,,,
Escherichia coli strain 90-16,562.56876,1.0,1.0,1.0,,,,0.0,,,
Escherichia coli strain AR434,562.28805,1.0,1.0,1.0,,1.0,1.0,0.0,0.0,0.0,1.0
Escherichia coli strain AR435,562.29007,1.0,1.0,1.0,,1.0,1.0,1.0,1.0,0.0,1.0
Escherichia coli strain AR436,562.29006,1.0,1.0,1.0,,1.0,0.0,0.0,1.0,0.0,1.0
Escherichia coli strain AR437,562.29008,1.0,1.0,1.0,,1.0,0.0,0.0,1.0,0.0,1.0
Escherichia coli strain AR_0001,562.12959,1.0,1.0,1.0,,1.0,0.0,1.0,1.0,0.0,1.0
Escherichia coli strain AR_0013,562.34086,1.0,1.0,0.0,,0.0,1.0,0.0,0.0,0.0,1.0
Escherichia coli strain AR_0048,562.1296,1.0,1.0,1.0,,1.0,1.0,1.0,1.0,0.0,1.0
Escherichia coli strain AR_0055,562.17722,1.0,1.0,1.0,,1.0,1.0,1.0,1.0,0.0,1.0
Escherichia coli strain AR_0058,562.19632,1.0,1.0,1.0,,1.0,1.0,0.0,1.0,0.0,1.0
Escherichia coli strain AR_0061,562.16325,1.0,1.0,1.0,,0.0,1.0,1.0,1.0,0.0,1.0
Escherichia coli strain AR_0067,562.34088,1.0,1.0,0.0,,1.0,0.0,0.0,0.0,0.0,0.0
Escherichia coli strain AR_0069,562.16326,1.0,1.0,1.0,,0.0,0.0,1.0,1.0,0.0,1.0
Escherichia coli strain AR_0077,562.28389,0.0,0.0,0.0,,0.0,0.0,0.0,0.0,0.0,0.0
Escherichia coli strain AR_0081,562.29139,1.0,1.0,1.0,,1.0,0.0,0.0,0.0,0.0,0.0
Escherichia coli strain AR_0085,562.30362,1.0,1.0,1.0,,1.0,0.0,0.0,1.0,0.0,1.0
Escherichia coli strain AR_0086,562.34085,1.0,1.0,0.0,,1.0,1.0,0.0,1.0,0.0,1.0
Escherichia coli strain AR_0089,562.34089,1.0,1.0,1.0,,0.0,0.0,0.0,0.0,0.0,0.0
Escherichia coli strain AR_0104,562.16327,1.0,1.0,1.0,,1.0,0.0,0.0,1.0,0.0,1.0
Escherichia coli strain AR_0114,562.1762,1.0,1.0,1.0,,1.0,0.0,1.0,1.0,,1.0
Escherichia coli strain AR_0118,562.16324,1.0,1.0,1.0,,1.0,1.0,1.0,,,1.0
Escherichia coli strain AR_0128,562.19823,1.0,1.0,1.0,,1.0,1.0,1.0,,0.0,1.0
Escherichia coli strain AR_0137,562.17721,1.0,1.0,1.0,,1.0,1.0,1.0,1.0,0.0,1.0
Escherichia coli strain AR_0149,562.19633,1.0,1.0,1.0,,1.0,1.0,1.0,1.0,0.0,1.0
Escherichia coli strain AR_0150,562.17621,1.0,1.0,1.0,,1.0,0.0,1.0,1.0,0.0,1.0
Escherichia coli strain AR_0151,562.19631,1.0,1.0,1.0,,1.0,0.0,1.0,1.0,0.0,1.0
Escherichia coli strain AR_0162,562.22426,1.0,1.0,1.0,,1.0,0.0,1.0,1.0,0.0,0.0
Escherichia coli strain AR_0368,562.28565,1.0,0.0,0.0,,0.0,0.0,0.0,0.0,0.0,1.0
Escherichia coli strain AR_0369,562.28435,1.0,1.0,1.0,,0.0,1.0,0.0,0.0,0.0,1.0
Escherichia coli strain AR_0370,562.28567,1.0,1.0,1.0,,1.0,0.0,0.0,1.0,0.0,0.0
Escherichia coli strain AR_0371,562.28566,1.0,1.0,1.0,,1.0,0.0,0.0,1.0,0.0,1.0
Escherichia coli strain AR_0372,562.28434,1.0,1.0,1.0,,1.0,1.0,0.0,1.0,0.0,1.0
Escherichia coli strain AR_0374,562.28563,1.0,1.0,1.0,,1.0,0.0,0.0,1.0,0.0,1.0
Escherichia coli strain AR_0378,562.29003,0.0,0.0,0.0,,1.0,0.0,0.0,0.0,0.0,1.0
Escherichia coli strain AR_0433,562.33281,1.0,1.0,1.0,,1.0,0.0,0.0,1.0,0.0,1.0
Escherichia coli strain AR_0450,562.3328,1.0,1.0,1.0,,0.0,0.0,1.0,1.0,0.0,0.0
Escherichia coli strain AR_451,562.30435,1.0,1.0,1.0,,1.0,1.0,0.0,1.0,0.0,1.0
Escherichia coli strain AR_452,562.30434,1.0,1.0,1.0,,1.0,0.0,1.0,1.0,0.0,1.0
Escherichia coli strain AUSMDU00002545,562.53932,0.0,0.0,0.0,,0.0,0.0,0.0,0.0,,0.0
Escherichia coli strain AUSMDU00014361,562.52722,0.0,0.0,0.0,,0.0,0.0,0.0,0.0,,0.0
Escherichia coli strain BB1400,562.73352,0.0,0.0,,0.0,0.0,,0.0,,,1.0
Escherichia coli strain BB1401,562.73355,0.0,0.0,,0.0,1.0,,0.0,,,1.0
Escherichia coli strain BB1402,562.73358,0.0,0.0,,0.0,0.0,,0.0,,,1.0
Escherichia coli strain BB1403,562.73354,0.0,0.0,,0.0,0.0,,0.0,,,1.0
Escherichia coli strain BB1404,562.73347,0.0,0.0,,0.0,0.0,,0.0,,,1.0
Escherichia coli strain BB1405,562.73364,0.0,0.0,,0.0,1.0,,0.0,,,1.0
Escherichia coli strain BB1406,562.73348,0.0,0.0,,0.0,1.0,,0.0,,,1.0
Escherichia coli strain BB1407,562.7335,0.0,0.0,,0.0,0.0,,0.0,,,1.0
Escherichia coli strain BB1408,562.73351,0.0,0.0,,0.0,0.0,,0.0,,,1.0
Escherichia coli strain BB1409,562.73393,0.0,0.0,,0.0,0.0,,0.0,,,1.0
Escherichia coli strain BB1410,562.73357,0.0,0.0,,0.0,0.0,,0.0,,,1.0
Escherichia coli strain BB1411,562.73367,0.0,0.0,,0.0,1.0,,0.0,,,1.0
Escherichia coli strain BB1412,562.73346,0.0,0.0,,0.0,0.0,,0.0,,,1.0
Escherichia coli strain BB1413,562.73392,0.0,0.0,,0.0,1.0,,0.0,,,0.0
Escherichia coli strain BB1418,562.73353,1.0,1.0,,1.0,1.0,,0.0,,,1.0
Escherichia coli strain BB1419,562.73349,1.0,1.0,,1.0,1.0,,0.0,,,1.0
Escherichia coli strain BB1420,562.73356,1.0,1.0,,1.0,1.0,,0.0,,,1.0
Escherichia coli strain BB1421,562.7336,1.0,1.0,,1.0,1.0,,0.0,,,1.0
Escherichia coli strain BB1422,562.73365,1.0,1.0,,1.0,1.0,,0.0,,,1.0
Escherichia coli strain BB1424,562.73359,1.0,0.0,,1.0,1.0,,0.0,,,1.0
Escherichia coli strain BB1425,562.73368,1.0,1.0,,1.0,1.0,,0.0,,,1.0
Escherichia coli strain BB1426,562.73369,1.0,0.0,,0.0,1.0,,0.0,,,1.0
Escherichia coli strain BB1427,562.73366,1.0,1.0,,1.0,1.0,,0.0,,,1.0
Escherichia coli strain BB1428,562.73363,1.0,1.0,,1.0,1.0,,0.0,,,1.0
Escherichia coli strain BB1429,562.73398,1.0,1.0,,1.0,1.0,,0.0,,,1.0
Escherichia coli strain BB1430,562.73376,1.0,1.0,,1.0,1.0,,0.0,,,1.0
Escherichia coli strain BB1431,562.73378,1.0,1.0,,1.0,1.0,,0.0,,,1.0
Escherichia coli strain BB1432,562.73385,1.0,1.0,,1.0,1.0,,0.0,,,1.0
Escherichia coli strain BB1433,562.73382,1.0,1.0,,1.0,1.0,,0.0,,,1.0
Escherichia coli strain BB1434,562.73386,1.0,1.0,,1.0,1.0,,0.0,,,1.0
Escherichia coli strain BB1435,562.73379,1.0,1.0,,1.0,1.0,,0.0,,,1.0
Escherichia coli strain BB1436,562.73377,1.0,1.0,,1.0,1.0,,0.0,,,1.0
Escherichia coli strain BB1437,562.73387,1.0,1.0,,1.0,1.0,,0.0,,,1.0
Escherichia coli strain BB1438,562.73374,1.0,1.0,,1.0,1.0,,0.0,,,1.0
Escherichia coli strain BB1439,562.7337,1.0,1.0,,1.0,1.0,,0.0,,,1.0
Escherichia coli strain BB1440,562.73373,1.0,1.0,,0.0,1.0,,0.0,,,1.0
Escherichia coli strain BB1441,562.73372,1.0,1.0,,1.0,1.0,,0.0,,,1.0
Escherichia coli strain BB1442,562.73381,1.0,1.0,,1.0,1.0,,0.0,,,1.0
Escherichia coli strain BB1443,562.73383,0.0,0.0,,0.0,1.0,,0.0,,,1.0
Escherichia coli strain BB1444,562.7338,0.0,0.0,,0.0,1.0,,0.0,,,1.0
Escherichia coli strain BB1445,562.73396,0.0,0.0,,0.0,1.0,,0.0,,,1.0
Escherichia coli strain BB1446,562.73397,1.0,0.0,,0.0,1.0,,0.0,,,1.0
Escherichia coli strain BB1461,562.7339,1.0,1.0,,1.0,1.0,,0.0,,,1.0
Escherichia coli strain BR02-DEC,562.42759,,,,,1.0,0.0,,,,1.0
Escherichia coli strain BR03-DEC,562.45394,1.0,,,,1.0,1.0,,,,1.0
Escherichia coli strain BR07-DEC,562.45395,1.0,,,,1.0,1.0,,,,1.0
Escherichia coli strain BR10-DEC,562.45396,1.0,,,,1.0,1.0,,,,1.0
Escherichia coli strain BR12-DEC,562.45397,1.0,,,,1.0,0.0,,,,1.0
Escherichia coli strain BR14-DEC,562.45398,0.0,,,,1.0,0.0,,,,0.0
Escherichia coli strain BR25-DEC,562.45399,1.0,,,,1.0,0.0,,,,0.0
Escherichia coli strain BR29-DEC,562.454,1.0,,,,1.0,1.0,,,,1.0
Escherichia coli strain BR32-DEC,562.45401,1.0,,,,1.0,0.0,,,,1.0
Escherichia coli strain BR43-DEC,562.45404,1.0,,,,1.0,1.0,,,,1.0
Escherichia coli strain BR64-DEC,562.45403,1.0,,,,1.0,1.0,,,,0.0
Escherichia coli strain CCUG 70745,562.30349,1.0,1.0,1.0,1.0,1.0,0.0,1.0,1.0,0.0,1.0
Escherichia coli strain CFS0344,562.65781,,,,,1.0,1.0,0.0,,0.0,1.0
Escherichia coli strain CFS0345,562.65785,,,,,1.0,1.0,0.0,,0.0,1.0
Escherichia coli strain CFS0347,562.65786,,,,,1.0,1.0,0.0,,0.0,1.0
Escherichia coli strain CFS0348,562.65783,,,,,1.0,1.0,0.0,,0.0,1.0
Escherichia coli strain CFS0349,562.65784,,,,,1.0,0.0,0.0,,0.0,1.0
Escherichia coli strain CFS0350,562.65782,,,,,1.0,1.0,0.0,,0.0,1.0
Escherichia coli strain CFS0351,562.6578,,,,,1.0,0.0,0.0,,0.0,1.0
Escherichia coli strain CFS0354,562.65787,,,,,1.0,0.0,0.0,,0.0,0.0
Escherichia coli strain CFS0355,562.65789,,,,,1.0,1.0,0.0,,0.0,1.0
Escherichia coli strain CFS0356,562.6579,,,,,1.0,1.0,0.0,,0.0,1.0
Escherichia coli strain CFS0359,562.65788,,,,,1.0,0.0,0.0,,0.0,1.0
Escherichia coli strain CFS0360,562.65791,,,,,1.0,0.0,0.0,,0.0,1.0
Escherichia coli strain CRE1493,562.28132,1.0,1.0,1.0,1.0,1.0,1.0,1.0,1.0,,1.0
Escherichia coli strain CRE1540,562.28131,1.0,1.0,1.0,1.0,1.0,1.0,1.0,1.0,,1.0
Escherichia coli strain Cattle,562.4276,,1.0,1.0,1.0,,,,0.0,,
Escherichia coli strain ECCTRSRTH06,562.19079,,,,,,,,,,
Escherichia coli strain ECH+07,562.19084,,,,,,,,,,
Escherichia coli strain ECH+09,562.19078,,,,,,,,,,
Escherichia coli strain ECH+22,562.1908,,,,,,,,,,
Escherichia coli strain ECLC+05,562.19221,,,,,,,,,,
Escherichia coli strain ECPSTH08,562.19083,,,,,,,,,,
Escherichia coli strain ECPUTH02,562.19081,,,,,,,,,,
Escherichia coli strain ECPUTH03,562.19085,,,,,,,,,,
Escherichia coli strain ECPUTH04,562.19082,,,,,,,,,,
Escherichia coli strain ECPUTH09,562.19086,,,,,,,,,,
Escherichia coli strain EC_01,562.45661,0.0,,0.0,,1.0,0.0,0.0,0.0,,0.0
Escherichia coli strain EC_02,562.45673,1.0,,0.0,,1.0,0.0,0.0,0.0,,1.0
Escherichia coli strain EC_03,562.45649,1.0,,0.0,,0.0,0.0,0.0,0.0,,0.0
Escherichia coli strain EC_05,562.45641,0.0,,0.0,,0.0,0.0,0.0,0.0,,0.0
Escherichia coli strain EC_06,562.45676,0.0,,0.0,,1.0,0.0,0.0,0.0,,0.0
Escherichia coli strain EC_07,562.45675,1.0,,0.0,,1.0,0.0,0.0,0.0,,0.0
Escherichia coli strain EC_08,562.45663,1.0,,0.0,,1.0,1.0,0.0,0.0,,1.0
Escherichia coli strain EC_09,562.45674,0.0,,0.0,,1.0,1.0,0.0,0.0,,1.0
Escherichia coli strain EC_10,562.45677,1.0,,0.0,,1.0,0.0,0.0,0.0,,0.0
Escherichia coli strain EC_100,562.45669,0.0,,0.0,,1.0,0.0,0.0,0.0,,0.0
Escherichia coli strain EC_101,562.45656,1.0,,0.0,,0.0,0.0,0.0,0.0,,0.0
Escherichia coli strain EC_102,562.45671,0.0,,0.0,,1.0,0.0,0.0,0.0,,0.0
Escherichia coli strain EC_103,562.45662,1.0,,0.0,,1.0,0.0,0.0,0.0,,1.0
Escherichia coli strain EC_104,562.45648,0.0,,0.0,,0.0,0.0,0.0,0.0,,0.0
Escherichia coli strain EC_11,562.45659,1.0,,1.0,,1.0,1.0,0.0,0.0,,1.0
Escherichia coli strain EC_12,562.45665,1.0,,0.0,,0.0,0.0,0.0,0.0,,0.0
Escherichia coli strain EC_13,562.45651,0.0,,0.0,,1.0,0.0,0.0,0.0,,0.0
Escherichia coli strain EC_16,562.45657,1.0,,0.0,,1.0,0.0,0.0,0.0,,1.0
Escherichia coli strain EC_17,562.45668,1.0,,0.0,,1.0,0.0,0.0,0.0,,1.0
Escherichia coli strain EC_20,562.45655,1.0,,0.0,,1.0,0.0,0.0,0.0,,1.0
Escherichia coli strain EC_21,562.45645,1.0,,0.0,,1.0,0.0,0.0,0.0,,1.0
Escherichia coli strain EC_22,562.45617,0.0,,0.0,,1.0,0.0,0.0,0.0,,0.0
Escherichia coli strain EC_23,562.45633,1.0,,0.0,,0.0,0.0,0.0,0.0,,0.0
Escherichia coli strain EC_24,562.45637,0.0,,0.0,,1.0,0.0,0.0,0.0,,0.0
Escherichia coli strain EC_25,562.4563,1.0,,0.0,,1.0,0.0,0.0,0.0,,1.0
Escherichia coli strain EC_26,562.45646,1.0,,0.0,,1.0,0.0,0.0,0.0,,0.0
Escherichia coli strain EC_27,562.45615,1.0,,0.0,,1.0,0.0,0.0,0.0,,1.0
Escherichia coli strain EC_28,562.45652,0.0,,0.0,,1.0,0.0,0.0,0.0,,0.0
Escherichia coli strain EC_29,562.45639,1.0,,0.0,,1.0,0.0,0.0,0.0,,1.0
Escherichia coli strain EC_30,562.4564,1.0,,0.0,,0.0,0.0,0.0,0.0,,1.0
Escherichia coli strain EC_31,562.45643,1.0,,0.0,,0.0,0.0,0.0,0.0,,1.0
Escherichia coli strain EC_32,562.45632,1.0,,0.0,,1.0,0.0,0.0,0.0,,1.0
Escherichia coli strain EC_33_B,562.45628,1.0,,0.0,,1.0,0.0,0.0,0.0,,0.0
Escherichia coli strain EC_34_A,562.45647,1.0,,0.0,,1.0,0.0,0.0,0.0,,1.0
Escherichia coli strain EC_34_B,562.45625,1.0,,0.0,,1.0,0.0,0.0,0.0,,1.0
Escherichia coli strain EC_35_A,562.4567,1.0,,0.0,,0.0,0.0,0.0,0.0,,1.0
Escherichia coli strain EC_35_B,562.45666,1.0,,0.0,,0.0,1.0,0.0,0.0,,0.0
Escherichia coli strain EC_36,562.45667,1.0,,0.0,,1.0,0.0,0.0,0.0,,1.0
Escherichia coli strain EC_37,562.45664,1.0,,0.0,,0.0,0.0,0.0,0.0,,1.0
Escherichia coli strain EC_38,562.4566,1.0,,0.0,,1.0,0.0,0.0,0.0,,0.0
Escherichia coli strain EC_39,562.45658,1.0,,0.0,,1.0,0.0,0.0,0.0,,1.0
Escherichia coli strain EC_40,562.45654,1.0,,0.0,,0.0,0.0,0.0,0.0,,1.0
Escherichia coli strain EC_42,562.45653,1.0,,0.0,,1.0,1.0,0.0,0.0,,1.0
Escherichia coli strain EC_43,562.4565,1.0,,0.0,,1.0,0.0,0.0,0.0,,1.0
Escherichia coli strain EC_44,562.45644,1.0,,1.0,,1.0,0.0,0.0,0.0,,1.0
Escherichia coli strain EC_45,562.45642,1.0,,0.0,,1.0,0.0,0.0,0.0,,1.0
Escherichia coli strain EC_46,562.45638,1.0,,0.0,,0.0,0.0,0.0,0.0,,1.0
Escherichia coli strain EC_47,562.45635,1.0,,0.0,,1.0,1.0,0.0,0.0,,1.0
Escherichia coli strain EC_48,562.45636,1.0,,0.0,,1.0,0.0,0.0,0.0,,0.0
Escherichia coli strain EC_49,562.45634,1.0,,0.0,,1.0,0.0,0.0,0.0,,1.0
Escherichia coli strain EC_50,562.45631,1.0,,0.0,,1.0,0.0,0.0,0.0,,1.0
Escherichia coli strain EC_51,562.45629,1.0,,0.0,,1.0,0.0,0.0,0.0,,1.0
Escherichia coli strain EC_52,562.45619,1.0,,0.0,,1.0,0.0,0.0,0.0,,1.0
Escherichia coli strain EC_54,562.45616,1.0,,0.0,,1.0,0.0,0.0,0.0,,0.0
Escherichia coli strain EC_55,562.45626,1.0,,0.0,,1.0,0.0,0.0,0.0,,0.0
Escherichia coli strain EC_56,562.45624,1.0,,0.0,,1.0,0.0,0.0,0.0,,1.0
Escherichia coli strain EC_57,562.45622,0.0,,0.0,,1.0,1.0,0.0,0.0,,1.0
Escherichia coli strain EC_58,562.45621,1.0,,0.0,,1.0,0.0,0.0,0.0,,1.0
Escherichia coli strain EC_59,562.45618,1.0,,0.0,,1.0,0.0,0.0,0.0,,1.0
Escherichia coli strain EC_60,562.4562,1.0,,0.0,,0.0,0.0,0.0,0.0,,0.0
Escherichia coli strain EC_61,562.45623,1.0,,0.0,,1.0,0.0,0.0,0.0,,0.0
Escherichia coli strain EC_62,562.45672,0.0,,0.0,,0.0,0.0,0.0,0.0,,0.0
Escherichia coli strain EC_63,562.45612,1.0,,0.0,,0.0,0.0,0.0,0.0,,1.0
Escherichia coli strain EC_64,562.45613,1.0,,0.0,,1.0,0.0,0.0,0.0,,1.0
Escherichia coli strain EC_65,562.45627,0.0,,0.0,,0.0,0.0,0.0,0.0,,0.0
Escherichia coli strain EC_66,562.45589,1.0,,0.0,,1.0,0.0,0.0,0.0,,1.0
Escherichia coli strain EC_67,562.45614,1.0,,0.0,,1.0,0.0,0.0,0.0,,1.0
Escherichia coli strain EC_68,562.45608,0.0,,0.0,,1.0,0.0,0.0,0.0,,1.0
Escherichia coli strain EC_71,562.45609,1.0,,0.0,,1.0,0.0,0.0,0.0,,1.0
Escherichia coli strain EC_72,562.4559,1.0,,0.0,,0.0,0.0,0.0,0.0,,0.0
Escherichia coli strain EC_73,562.45604,1.0,,0.0,,1.0,0.0,0.0,0.0,,1.0
Escherichia coli strain EC_74,562.45605,1.0,,0.0,,1.0,1.0,0.0,0.0,,1.0
Escherichia coli strain EC_75,562.45606,1.0,,0.0,,1.0,0.0,0.0,0.0,,1.0
Escherichia coli strain EC_76,562.45594,1.0,,0.0,,1.0,0.0,0.0,0.0,,1.0
Escherichia coli strain EC_77,562.456,1.0,,0.0,,1.0,0.0,0.0,0.0,,1.0
Escherichia coli strain EC_78,562.45599,1.0,,0.0,,1.0,0.0,0.0,0.0,,1.0
Escherichia coli strain EC_79,562.45593,1.0,,0.0,,1.0,0.0,0.0,0.0,,0.0
Escherichia coli strain EC_80,562.4561,1.0,,0.0,,1.0,0.0,0.0,0.0,,1.0
Escherichia coli strain EC_81,562.45597,1.0,,0.0,,1.0,0.0,0.0,0.0,,1.0
Escherichia coli strain EC_82,562.45603,0.0,,0.0,,1.0,0.0,0.0,0.0,,1.0
Escherichia coli strain EC_83,562.45592,1.0,,1.0,,1.0,1.0,0.0,0.0,,0.0
Escherichia coli strain EC_84,562.45602,1.0,,0.0,,1.0,0.0,0.0,0.0,,1.0
Escherichia coli strain EC_85,562.45591,1.0,,0.0,,1.0,0.0,0.0,0.0,,1.0
Escherichia coli strain EC_88,562.45607,1.0,,0.0,,1.0,0.0,0.0,0.0,,0.0
Escherichia coli strain EC_89,562.45587,1.0,,0.0,,1.0,0.0,0.0,0.0,,1.0
Escherichia coli strain EC_90,562.45596,1.0,,0.0,,1.0,0.0,0.0,0.0,,1.0
Escherichia coli strain EC_92,562.45601,1.0,,0.0,,1.0,0.0,0.0,0.0,,1.0
Escherichia coli strain EC_94,562.45598,0.0,,0.0,,1.0,0.0,0.0,0.0,,1.0
Escherichia coli strain EC_95,562.45585,1.0,,0.0,,1.0,0.0,0.0,0.0,,1.0
Escherichia coli strain EC_96,562.45595,1.0,,0.0,,1.0,0.0,0.0,0.0,,1.0
Escherichia coli strain EC_97,562.45611,1.0,,0.0,,1.0,0.0,0.0,0.0,,0.0
Escherichia coli strain EC_98,562.45588,1.0,,0.0,,1.0,0.0,0.0,0.0,,1.0
Escherichia coli strain ENV103,562.58773,1.0,0.0,0.0,1.0,1.0,0.0,0.0,0.0,0.0,1.0
Escherichia coli strain ENV190,562.58774,1.0,0.0,0.0,0.0,0.0,0.0,0.0,0.0,0.0,1.0
Escherichia coli strain ENV210,562.58775,1.0,1.0,1.0,1.0,1.0,1.0,0.0,0.0,0.0,1.0
Escherichia coli strain ENV222,562.58776,1.0,0.0,0.0,0.0,1.0,0.0,0.0,0.0,0.0,0.0
Escherichia coli strain ENV225,562.58777,1.0,1.0,1.0,0.0,0.0,0.0,0.0,0.0,0.0,1.0
Escherichia coli strain ENV228,562.58779,1.0,0.0,0.0,1.0,0.0,0.0,0.0,0.0,0.0,0.0
Escherichia coli strain ENV233,562.58778,1.0,0.0,0.0,0.0,0.0,0.0,0.0,0.0,0.0,0.0
Escherichia coli strain ENV235,562.5878,1.0,0.0,0.0,0.0,0.0,0.0,0.0,0.0,0.0,0.0
Escherichia coli strain ENV316,562.58781,0.0,0.0,0.0,0.0,0.0,0.0,0.0,0.0,0.0,0.0
Escherichia coli strain ENV317,562.58782,0.0,0.0,0.0,0.0,0.0,0.0,0.0,0.0,0.0,0.0
Escherichia coli strain ENV323,562.58783,0.0,0.0,0.0,0.0,0.0,0.0,0.0,0.0,0.0,0.0
Escherichia coli strain ENV326,562.58784,1.0,0.0,0.0,0.0,0.0,0.0,0.0,0.0,0.0,0.0
Escherichia coli strain ENV388,562.58785,1.0,0.0,0.0,0.0,0.0,0.0,0.0,0.0,0.0,0.0
Escherichia coli strain ENV463,562.58786,1.0,0.0,0.0,0.0,0.0,0.0,0.0,0.0,0.0,0.0
Escherichia coli strain ENV49,562.58769,1.0,0.0,0.0,0.0,1.0,0.0,0.0,0.0,0.0,0.0
Escherichia coli strain ENV66,562.5877,1.0,0.0,0.0,1.0,0.0,0.0,0.0,0.0,0.0,0.0
Escherichia coli strain ENV663,562.58787,1.0,0.0,0.0,0.0,0.0,0.0,0.0,0.0,0.0,1.0
Escherichia coli strain ENV665,562.58788,1.0,0.0,0.0,0.0,0.0,0.0,0.0,0.0,0.0,1.0
Escherichia coli strain ENV68,562.58771,1.0,0.0,0.0,0.0,0.0,0.0,0.0,0.0,0.0,1.0
Escherichia coli strain ENV684,562.58789,0.0,0.0,0.0,0.0,0.0,0.0,0.0,0.0,0.0,0.0
Escherichia coli strain ENV704,562.58791,1.0,0.0,0.0,1.0,1.0,0.0,0.0,0.0,0.0,1.0
Escherichia coli strain ENV727,562.5879,1.0,0.0,0.0,0.0,1.0,0.0,0.0,0.0,0.0,1.0
Escherichia coli strain ENV737,562.58792,1.0,0.0,0.0,0.0,0.0,0.0,0.0,0.0,0.0,0.0
Escherichia coli strain ENV76,562.58772,1.0,0.0,0.0,0.0,1.0,0.0,0.0,0.0,0.0,0.0
Escherichia coli strain ESBL-SIPE-13,562.19638,,,,,,,,,,
Escherichia coli strain ESBL-SIUE-16,562.19637,,,,,,,,,,
Escherichia coli strain F1-8-ERB4,562.12961,1.0,1.0,1.0,1.0,0.0,1.0,0.0,0.0,1.0,
Escherichia coli strain F1_2_ERB1,562.5744,1.0,1.0,0.0,1.0,1.0,1.0,,0.0,,
Escherichia coli strain F1_7_ERB1,562.57441,1.0,1.0,1.0,1.0,1.0,1.0,,0.0,,
Escherichia coli strain F1_7_ERG10B,562.57448,1.0,1.0,1.0,1.0,1.0,1.0,,0.0,,
Escherichia coli strain F1_8_ERB12,562.57442,1.0,1.0,0.0,1.0,0.0,1.0,,0.0,,
Escherichia coli strain F1_8_ERG5,562.57443,1.0,1.0,1.0,1.0,0.0,1.0,,0.0,,
Escherichia coli strain F1_9_ERB1,562.57446,1.0,1.0,1.0,1.0,1.0,1.0,,0.0,,
Escherichia coli strain FDA-CDC-AR_0020,562.42761,1.0,0.0,0.0,,1.0,0.0,0.0,0.0,0.0,0.0
Escherichia coli strain FDA-CDC-AR_0084,562.42762,1.0,0.0,1.0,,1.0,0.0,0.0,0.0,0.0,1.0
Escherichia coli strain G100788-1A,562.7619,0.0,,0.0,,0.0,0.0,0.0,,,0.0
Escherichia coli strain G302544,562.7755,1.0,,0.0,,0.0,0.0,0.0,,,0.0
Escherichia coli strain G302551,562.772,1.0,,0.0,,0.0,0.0,0.0,,,1.0
Escherichia coli strain G303212,562.7794,1.0,,0.0,,0.0,0.0,0.0,,,
Escherichia coli strain G400792,562.7772,0.0,,0.0,,0.0,0.0,0.0,,,0.0
Escherichia coli strain G400871,562.7671,1.0,,0.0,,0.0,0.0,0.0,,,1.0
Escherichia coli strain G401436,562.7633,1.0,,0.0,,0.0,0.0,0.0,,,1.0
Escherichia coli strain G401529,562.7786,0.0,,0.0,,0.0,0.0,0.0,,,1.0
Escherichia coli strain G500007,562.7647,1.0,,0.0,,0.0,0.0,0.0,,,0.0
Escherichia coli strain G500297-1,562.7793,0.0,,0.0,,0.0,0.0,0.0,,,0.0
Escherichia coli strain G500407,562.7738,0.0,,0.0,,0.0,0.0,0.0,,,0.0
Escherichia coli strain G500830,562.774,1.0,,0.0,,0.0,0.0,0.0,,,1.0
Escherichia coli strain G503854,562.7639,1.0,,0.0,,0.0,0.0,0.0,,,0.0
Escherichia coli strain G504540,562.7744,1.0,,0.0,,0.0,0.0,0.0,,,1.0
Escherichia coli strain G603423,562.7775,1.0,,0.0,,1.0,0.0,0.0,,,1.0
Escherichia coli strain G702074-2,562.7674,1.0,,1.0,,0.0,0.0,0.0,,,1.0
Escherichia coli strain ICBEC7P,562.13502,,1.0,,,1.0,1.0,,,,
Escherichia coli strain JEONG-5084,562.19187,1.0,,,,,1.0,,,,
Escherichia coli strain JEONG-5114,562.19188,1.0,,,,,1.0,,,,
Escherichia coli strain JEONG-5120,562.19177,1.0,,,,,1.0,,,,
Escherichia coli strain JEONG-5232,562.19178,1.0,,,,,1.0,,,,
Escherichia coli strain JEONG-5250,562.19179,1.0,,,,,1.0,,,,
Escherichia coli strain JEONG-5298,562.1918,1.0,,,,,1.0,,,,
Escherichia coli strain JEONG-5413,562.19189,1.0,,,,,1.0,,,,
Escherichia coli strain JEONG-5446,562.1919,1.0,,,,,1.0,,,,
Escherichia coli strain JEONG-5453,562.19181,1.0,,,,,1.0,,,,
Escherichia coli strain JEONG-5507,562.19182,1.0,,,,,1.0,,,,
Escherichia coli strain JEONG-5511,562.19183,1.0,,,,,1.0,,,,
Escherichia coli strain JEONG-5617,562.19184,1.0,,,,,1.0,,,,
Escherichia coli strain JEONG-5650,562.19191,1.0,,,,,1.0,,,,
Escherichia coli strain JEONG-5766,562.19185,1.0,,,,,1.0,,,,
Escherichia coli strain JEONG-5776,562.19186,1.0,,,,,1.0,,,,
Escherichia coli strain JEONG-9566,562.28113,1.0,,,,,1.0,,,,
Escherichia coli strain JEONG-9567,562.28111,1.0,,,,,1.0,,,,
Escherichia coli strain JEONG-9592,562.28114,1.0,,,,,1.0,,,,
Escherichia coli strain JEONG-9593,562.28982,1.0,,,,,1.0,,,,
Escherichia coli strain JEONG-9594,562.28981,1.0,,,,,1.0,,,,
Escherichia coli strain JEONG-9596,562.2881,1.0,,,,,1.0,,,,
Escherichia coli strain JEONG-9597,562.28811,1.0,,,,,1.0,,,,
Escherichia coli strain JEONG-9598,562.28112,1.0,,,,,1.0,,,,
Escherichia coli strain JEONG-9599,562.29002,1.0,,,,,1.0,,,,
Escherichia coli strain JEONG-9600,562.29001,1.0,,,,,1.0,,,,
Escherichia coli strain JEONG-9601,562.28999,1.0,,,,,1.0,,,,
Escherichia coli strain JEONG-9602,562.28998,1.0,,,,,1.0,,,,
Escherichia coli strain JEONG-9603,562.29,1.0,,,,,1.0,,,,
Escherichia coli strain JEONG-9615,562.28997,1.0,,,,,1.0,,,,
Escherichia coli strain KCJ9488,562.30307,1.0,,,,,1.0,,,,
Escherichia coli strain KCJ9489,562.30306,1.0,,,,,1.0,,,,
Escherichia coli strain KCJ9491,562.30304,1.0,,,,,1.0,,,,
Escherichia coli strain KCJ9492,562.30308,1.0,,,,,1.0,,,,
Escherichia coli strain KCJ9493,562.30305,1.0,,,,,1.0,,,,
Escherichia coli strain KCJ9499,562.3031,1.0,,,,,1.0,,,,
Escherichia coli strain KCJ9511,562.30309,1.0,,,,,1.0,,,,
Escherichia coli strain KCRI-10 strain RDK39_10,562.31463,1.0,,0.0,,1.0,0.0,,,,0.0
Escherichia coli strain KCRI-115 strain R0004_115,562.31458,1.0,,1.0,,0.0,0.0,,,,1.0
Escherichia coli strain KCRI-118A strain R0004_118A,562.37106,1.0,,0.0,,0.0,0.0,,,,0.0
Escherichia coli strain KCRI-119EC strain R0007_119EC,562.31466,0.0,,1.0,,0.0,0.0,,,,0.0
Escherichia coli strain KCRI-163A strain RDK01_163A,562.31465,0.0,,0.0,,0.0,0.0,,,,0.0
Escherichia coli strain KCRI-21 strain RDK36_21,562.31454,0.0,,0.0,,0.0,0.0,,,,1.0
Escherichia coli strain KCRI-244 strain R0007_244,562.31451,1.0,,1.0,,1.0,1.0,,,,1.0
Escherichia coli strain KCRI-245 strain R0004_245,562.31449,1.0,,1.0,,1.0,1.0,,,,1.0
Escherichia coli strain KCRI-247 strain R0008_247,562.3145,1.0,,0.0,,1.0,0.0,,,,1.0
Escherichia coli strain KCRI-30 strain RDK37_30,562.31462,0.0,,0.0,,0.0,0.0,,,,0.0
Escherichia coli strain KCRI-365 strain R0007_365,562.3146,1.0,,1.0,,1.0,0.0,,,,1.0
Escherichia coli strain KCRI-393 strain RDK06_393,562.37108,1.0,,1.0,,1.0,1.0,,,,1.0
Escherichia coli strain KCRI-4 strain RDK36_4,562.31464,1.0,,0.0,,0.0,0.0,,,,1.0
Escherichia coli strain KCRI-44 strain RDK37_44,562.31452,1.0,,1.0,,1.0,1.0,,,,1.0
Escherichia coli strain KCRI-5 strain RDK43_5,562.37109,0.0,,0.0,,0.0,0.0,,,,0.0
Escherichia coli strain KCRI-521 strain R0003_521,562.31459,0.0,,0.0,,0.0,0.0,,,,1.0
Escherichia coli strain KCRI-6 strain RDK36_6,562.37111,0.0,,0.0,,0.0,0.0,,,,0.0
Escherichia coli strain KCRI-77E strain RDK43_77E,562.31457,1.0,,1.0,,1.0,0.0,,,,0.0
Escherichia coli strain KCRI-82 strain RDK43_82,562.37112,1.0,,0.0,,1.0,0.0,,,,1.0
Escherichia coli strain M1,562.42763,1.0,,,,1.0,1.0,0.0,0.0,,1.0
Escherichia coli strain M10,562.42764,1.0,,,,1.0,1.0,0.0,0.0,,1.0
Escherichia coli strain M11,562.42765,1.0,,,,1.0,1.0,0.0,0.0,,1.0
Escherichia coli strain M12,562.42766,1.0,,,,1.0,0.0,0.0,0.0,,1.0
Escherichia coli strain M13,562.42767,1.0,,,,1.0,1.0,0.0,0.0,,0.0
Escherichia coli strain M14,562.42768,1.0,,,,1.0,1.0,0.0,1.0,,1.0
Escherichia coli strain M15,562.42769,1.0,,,,1.0,1.0,0.0,0.0,,1.0
Escherichia coli strain M16,562.4277,1.0,,,,1.0,1.0,0.0,0.0,,1.0
Escherichia coli strain M17,562.42771,1.0,,,,1.0,0.0,0.0,0.0,,1.0
Escherichia coli strain M18,562.42772,1.0,,,,0.0,1.0,0.0,0.0,,1.0
Escherichia coli strain M19,562.42773,1.0,,,,1.0,1.0,0.0,0.0,,1.0
Escherichia coli strain M2,562.42774,1.0,,,,1.0,1.0,0.0,0.0,,1.0
Escherichia coli strain M20,562.42775,1.0,,,,1.0,1.0,0.0,0.0,,1.0
Escherichia coli strain M21,562.42776,1.0,,,,1.0,0.0,0.0,0.0,,1.0
Escherichia coli strain M22,562.42777,1.0,,,,1.0,0.0,0.0,0.0,,1.0
Escherichia coli strain M23,562.42778,1.0,,,,0.0,1.0,0.0,0.0,,1.0
Escherichia coli strain M24,562.42779,1.0,,,,1.0,0.0,0.0,0.0,,1.0
Escherichia coli strain M25,562.4278,1.0,,,,1.0,0.0,0.0,0.0,,0.0
Escherichia coli strain M26,562.42781,1.0,,,,1.0,0.0,0.0,0.0,,0.0
Escherichia coli strain M27,562.42782,1.0,,,,1.0,0.0,0.0,0.0,,0.0
Escherichia coli strain M29,562.42783,1.0,,,,1.0,1.0,0.0,0.0,,1.0
Escherichia coli strain M3,562.42784,1.0,,,,1.0,1.0,0.0,0.0,,0.0
Escherichia coli strain M30,562.42785,1.0,,,,0.0,0.0,0.0,0.0,,0.0
Escherichia coli strain M31,562.42786,1.0,,,,1.0,0.0,0.0,0.0,,0.0
Escherichia coli strain M32,562.42787,1.0,,,,1.0,0.0,0.0,0.0,,1.0
Escherichia coli strain M33,562.42788,1.0,,,,1.0,1.0,0.0,0.0,,1.0
Escherichia coli strain M34,562.42789,1.0,,,,1.0,1.0,0.0,0.0,,1.0
Escherichia coli strain M35,562.4279,0.0,,,,1.0,0.0,0.0,0.0,,0.0
Escherichia coli strain M36,562.42791,1.0,,,,1.0,1.0,0.0,0.0,,1.0
Escherichia coli strain M37,562.42792,1.0,,,,1.0,1.0,0.0,0.0,,1.0
Escherichia coli strain M38,562.42794,1.0,,,,1.0,0.0,0.0,0.0,,0.0
Escherichia coli strain M39,562.42796,1.0,,,,0.0,0.0,0.0,0.0,,0.0
Escherichia coli strain M4,562.42797,1.0,,,,1.0,1.0,0.0,0.0,,1.0
Escherichia coli strain M40,562.42799,1.0,,,,1.0,0.0,0.0,0.0,,1.0
Escherichia coli strain M41,562.428,1.0,,,,1.0,1.0,0.0,0.0,,1.0
Escherichia coli strain M42,562.42801,1.0,,,,1.0,1.0,0.0,0.0,,1.0
Escherichia coli strain M43,562.42802,1.0,,,,1.0,1.0,0.0,0.0,,1.0
Escherichia coli strain M44,562.42803,1.0,,,,1.0,1.0,0.0,0.0,,1.0
Escherichia coli strain M45,562.42805,1.0,,,,1.0,1.0,0.0,0.0,,1.0
Escherichia coli strain M46,562.42804,1.0,,,,1.0,1.0,0.0,0.0,,1.0
Escherichia coli strain M47,562.42806,1.0,,,,1.0,1.0,0.0,0.0,,1.0
Escherichia coli strain M48,562.42807,1.0,,,,1.0,1.0,0.0,0.0,,1.0
Escherichia coli strain M49,562.42808,1.0,,,,1.0,1.0,0.0,0.0,,1.0
Escherichia coli strain M5,562.42809,1.0,,,,1.0,1.0,0.0,0.0,,0.0
Escherichia coli strain M50,562.4281,1.0,,,,1.0,1.0,0.0,0.0,,1.0
Escherichia coli strain M51,562.42811,1.0,,,,0.0,0.0,0.0,0.0,,0.0
Escherichia coli strain M52,562.42812,1.0,,,,1.0,1.0,0.0,0.0,,1.0
Escherichia coli strain M53,562.42813,1.0,,,,1.0,1.0,0.0,0.0,,1.0
Escherichia coli strain M54,562.42814,1.0,,,,1.0,1.0,0.0,0.0,,0.0
Escherichia coli strain M55,562.42815,1.0,,,,0.0,0.0,0.0,0.0,,0.0
Escherichia coli strain M6,562.42816,1.0,,,,1.0,0.0,0.0,0.0,,1.0
Escherichia coli strain M7,562.42817,1.0,,,,1.0,1.0,0.0,0.0,,1.0
Escherichia coli strain M8,562.42818,1.0,,,,1.0,1.0,0.0,0.0,,1.0
Escherichia coli strain M9,562.42819,1.0,,,,1.0,1.0,0.0,0.0,,1.0
Escherichia coli strain MEZEC6,562.50308,,0.0,0.0,,0.0,0.0,1.0,,,
Escherichia coli strain MEZEC7,562.50309,1.0,0.0,0.0,,1.0,0.0,1.0,,,1.0
Escherichia coli strain MUGSI_106,562.4282,1.0,1.0,1.0,,1.0,0.0,1.0,1.0,0.0,1.0
Escherichia coli strain MUGSI_123,562.42821,1.0,1.0,1.0,,1.0,1.0,0.0,1.0,0.0,1.0
Escherichia coli strain MUGSI_13,562.42822,1.0,1.0,1.0,,1.0,0.0,1.0,1.0,0.0,1.0
Escherichia coli strain MUGSI_132,562.42823,1.0,1.0,1.0,,1.0,0.0,1.0,1.0,0.0,1.0
Escherichia coli strain MUGSI_134,562.42824,1.0,1.0,1.0,,1.0,1.0,1.0,1.0,0.0,1.0
Escherichia coli strain MUGSI_138,562.42825,1.0,1.0,1.0,,1.0,0.0,1.0,1.0,0.0,0.0
Escherichia coli strain MUGSI_14,562.42826,1.0,1.0,1.0,,1.0,1.0,1.0,1.0,0.0,0.0
Escherichia coli strain MUGSI_147,562.42827,1.0,1.0,1.0,,1.0,0.0,1.0,1.0,0.0,0.0
Escherichia coli strain MUGSI_148,562.42828,1.0,1.0,1.0,,1.0,1.0,1.0,1.0,0.0,0.0
Escherichia coli strain MUGSI_151,562.42829,1.0,1.0,1.0,,1.0,0.0,1.0,1.0,0.0,0.0
Escherichia coli strain MUGSI_154,562.4283,1.0,1.0,1.0,,1.0,1.0,0.0,1.0,0.0,0.0
Escherichia coli strain MUGSI_162,562.42831,1.0,1.0,1.0,,1.0,0.0,0.0,1.0,0.0,1.0
Escherichia coli strain MUGSI_164,562.42832,1.0,1.0,1.0,,1.0,0.0,1.0,1.0,0.0,1.0
Escherichia coli strain MUGSI_174,562.42833,1.0,1.0,1.0,,1.0,0.0,1.0,1.0,0.0,1.0
Escherichia coli strain MUGSI_179,562.42834,1.0,1.0,1.0,,1.0,1.0,0.0,1.0,0.0,1.0
Escherichia coli strain MUGSI_201,562.42835,1.0,1.0,1.0,,0.0,0.0,0.0,1.0,0.0,0.0
Escherichia coli strain MUGSI_205,562.42836,1.0,0.0,0.0,,0.0,1.0,0.0,0.0,0.0,1.0
Escherichia coli strain MUGSI_206,562.42837,0.0,0.0,0.0,,1.0,0.0,0.0,0.0,0.0,0.0
Escherichia coli strain MUGSI_209,562.42838,1.0,0.0,0.0,,0.0,0.0,0.0,0.0,0.0,0.0
Escherichia coli strain MUGSI_210,562.42839,1.0,0.0,0.0,,1.0,0.0,0.0,0.0,0.0,0.0
Escherichia coli strain MUGSI_212,562.4284,1.0,1.0,1.0,,1.0,1.0,0.0,1.0,0.0,0.0
Escherichia coli strain MUGSI_217,562.42841,1.0,1.0,1.0,,1.0,1.0,0.0,1.0,0.0,1.0
Escherichia coli strain MUGSI_218,562.42842,1.0,1.0,1.0,,0.0,0.0,0.0,1.0,0.0,0.0
Escherichia coli strain MUGSI_226,562.42843,1.0,1.0,1.0,,1.0,0.0,0.0,1.0,0.0,1.0
Escherichia coli strain MUGSI_242,562.42844,0.0,0.0,0.0,,0.0,0.0,0.0,0.0,0.0,0.0
Escherichia coli strain MUGSI_243,562.42845,0.0,0.0,0.0,,0.0,0.0,0.0,0.0,0.0,0.0
Escherichia coli strain MUGSI_244,562.42846,1.0,1.0,1.0,,0.0,0.0,0.0,1.0,0.0,0.0
Escherichia coli strain MUGSI_245,562.42847,1.0,0.0,0.0,,0.0,1.0,0.0,0.0,0.0,1.0
Escherichia coli strain MUGSI_247,562.42848,1.0,0.0,0.0,,1.0,0.0,0.0,0.0,0.0,1.0
Escherichia coli strain MUGSI_248,562.42849,1.0,1.0,1.0,,1.0,1.0,0.0,0.0,0.0,1.0
Escherichia coli strain MUGSI_249,562.4285,1.0,1.0,1.0,,1.0,0.0,0.0,0.0,0.0,1.0
Escherichia coli strain MUGSI_25,562.42851,1.0,1.0,1.0,,0.0,0.0,1.0,1.0,0.0,0.0
Escherichia coli strain MUGSI_250,562.42852,1.0,1.0,1.0,,1.0,0.0,0.0,0.0,0.0,1.0
Escherichia coli strain MUGSI_255,562.42853,1.0,1.0,1.0,,1.0,1.0,0.0,1.0,0.0,1.0
Escherichia coli strain MUGSI_257,562.42854,1.0,1.0,1.0,,1.0,1.0,0.0,1.0,0.0,0.0
Escherichia coli strain MUGSI_258,562.42855,1.0,1.0,1.0,,1.0,0.0,0.0,0.0,0.0,1.0
Escherichia coli strain MUGSI_273,562.42856,1.0,1.0,1.0,,0.0,0.0,0.0,0.0,0.0,0.0
Escherichia coli strain MUGSI_274,562.42857,1.0,1.0,0.0,,0.0,0.0,0.0,0.0,0.0,0.0
Escherichia coli strain MUGSI_276,562.42858,1.0,0.0,1.0,,1.0,0.0,0.0,0.0,0.0,1.0
Escherichia coli strain MUGSI_278,562.42859,1.0,1.0,1.0,,1.0,0.0,0.0,0.0,0.0,0.0
Escherichia coli strain MUGSI_280,562.4286,1.0,1.0,1.0,,0.0,0.0,0.0,0.0,0.0,0.0
Escherichia coli strain MUGSI_287,562.42861,1.0,1.0,1.0,,1.0,0.0,0.0,0.0,0.0,0.0
Escherichia coli strain MUGSI_292,562.42862,1.0,1.0,1.0,,1.0,0.0,0.0,0.0,0.0,1.0
Escherichia coli strain MUGSI_301,562.42863,1.0,1.0,1.0,,1.0,0.0,0.0,0.0,0.0,1.0
Escherichia coli strain MUGSI_313,562.42864,1.0,0.0,0.0,,1.0,0.0,0.0,0.0,0.0,1.0
Escherichia coli strain MUGSI_319,562.42865,1.0,1.0,1.0,,0.0,0.0,0.0,0.0,0.0,1.0
Escherichia coli strain MUGSI_44,562.42866,1.0,1.0,1.0,,1.0,1.0,1.0,1.0,0.0,0.0
Escherichia coli strain MUGSI_47,562.42867,1.0,1.0,1.0,,1.0,0.0,1.0,1.0,0.0,1.0
Escherichia coli strain MUGSI_55,562.42868,1.0,1.0,1.0,,1.0,0.0,1.0,1.0,0.0,1.0
Escherichia coli strain MUGSI_60,562.42869,1.0,1.0,1.0,,1.0,0.0,0.0,1.0,0.0,1.0
Escherichia coli strain MUGSI_81,562.4287,1.0,1.0,1.0,,0.0,0.0,1.0,1.0,0.0,1.0
Escherichia coli strain MUGSI_9,562.42871,1.0,1.0,1.0,,0.0,0.0,1.0,1.0,0.0,0.0
Escherichia coli strain MUGSI_90,562.42872,1.0,1.0,1.0,,1.0,1.0,1.0,1.0,0.0,1.0
Escherichia coli strain MUGSI_93,562.42873,1.0,1.0,1.0,,1.0,1.0,1.0,1.0,0.0,1.0
Escherichia coli strain OSUCMP42NDM,562.88799,1.0,1.0,,,1.0,0.0,1.0,1.0,,1.0
Escherichia coli strain PB1,562.57472,1.0,1.0,1.0,1.0,1.0,1.0,,0.0,,
Escherichia coli strain PB100,562.57475,1.0,1.0,0.0,1.0,1.0,1.0,,0.0,,
Escherichia coli strain PB110,562.57476,1.0,1.0,1.0,1.0,1.0,1.0,,0.0,,
Escherichia coli strain PB125,562.57478,1.0,1.0,0.0,1.0,1.0,1.0,,0.0,,
Escherichia coli strain PB13,562.57473,1.0,1.0,1.0,1.0,1.0,0.0,,0.0,,
Escherichia coli strain PB134,562.57363,1.0,1.0,1.0,1.0,0.0,1.0,,0.0,,
Escherichia coli strain PB141,562.57445,1.0,1.0,1.0,1.0,1.0,1.0,,0.0,,
Escherichia coli strain PB149,562.57479,1.0,1.0,1.0,1.0,1.0,1.0,,0.0,,
Escherichia coli strain PB158,562.57444,1.0,1.0,1.0,1.0,1.0,1.0,,0.0,,
Escherichia coli strain PB163,562.57368,1.0,1.0,1.0,1.0,1.0,1.0,,0.0,,
Escherichia coli strain PB164,562.57369,1.0,1.0,0.0,1.0,1.0,1.0,,0.0,,
Escherichia coli strain PB169,562.57474,1.0,1.0,1.0,1.0,1.0,0.0,,1.0,,
Escherichia coli strain PB18,562.57477,1.0,1.0,1.0,1.0,1.0,1.0,,0.0,,
Escherichia coli strain PB185,562.57447,1.0,1.0,1.0,1.0,1.0,1.0,,0.0,,
Escherichia coli strain PB186,562.5748,1.0,1.0,1.0,1.0,1.0,0.0,,0.0,,
Escherichia coli strain PB191,562.57371,1.0,1.0,0.0,1.0,1.0,1.0,,0.0,,
Escherichia coli strain PB195,562.57481,1.0,1.0,0.0,1.0,1.0,1.0,,0.0,,
Escherichia coli strain PB198,562.5737,1.0,1.0,1.0,1.0,1.0,1.0,,0.0,,
Escherichia coli strain PB203,562.57449,1.0,1.0,1.0,1.0,1.0,1.0,,0.0,,
Escherichia coli strain PB207,562.57458,1.0,1.0,1.0,1.0,1.0,0.0,,0.0,,
Escherichia coli strain PB212,562.57482,1.0,1.0,1.0,1.0,0.0,0.0,,0.0,,
Escherichia coli strain PB222,562.57483,1.0,1.0,1.0,1.0,1.0,1.0,,1.0,,
Escherichia coli strain PB230,562.57453,1.0,1.0,1.0,1.0,1.0,1.0,,0.0,,
Escherichia coli strain PB231,562.5745,1.0,1.0,1.0,1.0,1.0,1.0,,1.0,,
Escherichia coli strain PB232,562.57484,1.0,1.0,1.0,1.0,1.0,1.0,,0.0,,
Escherichia coli strain PB236,562.57485,1.0,1.0,0.0,1.0,1.0,1.0,,0.0,,
Escherichia coli strain PB239,562.57492,1.0,1.0,1.0,1.0,1.0,1.0,,0.0,,
Escherichia coli strain PB248,562.57367,1.0,1.0,1.0,1.0,1.0,1.0,,0.0,,
Escherichia coli strain PB251,562.57457,1.0,1.0,1.0,1.0,1.0,1.0,,1.0,,
Escherichia coli strain PB259,562.57459,1.0,1.0,1.0,1.0,1.0,1.0,,0.0,,
Escherichia coli strain PB264,562.57488,1.0,1.0,0.0,1.0,1.0,1.0,,0.0,,
Escherichia coli strain PB268,562.57455,1.0,1.0,1.0,1.0,1.0,1.0,,0.0,,
Escherichia coli strain PB280,562.57365,1.0,1.0,1.0,1.0,1.0,1.0,,0.0,,
Escherichia coli strain PB289,562.57452,1.0,1.0,1.0,1.0,1.0,0.0,,0.0,,
Escherichia coli strain PB29,562.57468,1.0,1.0,1.0,1.0,0.0,0.0,,0.0,,
Escherichia coli strain PB293,562.57487,1.0,1.0,1.0,1.0,1.0,1.0,,0.0,,
Escherichia coli strain PB300,562.57491,1.0,1.0,1.0,1.0,1.0,1.0,,1.0,,
Escherichia coli strain PB303,562.57456,1.0,1.0,1.0,1.0,1.0,1.0,,0.0,,
Escherichia coli strain PB305,562.5749,1.0,1.0,1.0,1.0,0.0,0.0,,0.0,,
Escherichia coli strain PB308,562.57366,1.0,1.0,1.0,1.0,0.0,0.0,,0.0,,
Escherichia coli strain PB317,562.57489,1.0,1.0,1.0,1.0,1.0,0.0,,0.0,,
Escherichia coli strain PB320,562.57364,1.0,1.0,1.0,1.0,0.0,1.0,,0.0,,
Escherichia coli strain PB33,562.57486,1.0,1.0,1.0,1.0,1.0,1.0,,0.0,,
Escherichia coli strain PB335,562.57493,1.0,1.0,0.0,1.0,1.0,1.0,,0.0,,
Escherichia coli strain PB339,562.57372,1.0,1.0,1.0,1.0,1.0,1.0,,0.0,,
Escherichia coli strain PB344,562.57373,1.0,1.0,1.0,1.0,1.0,1.0,,0.0,,
Escherichia coli strain PB349,562.57501,1.0,1.0,0.0,1.0,1.0,1.0,,0.0,,
Escherichia coli strain PB356,562.57499,1.0,1.0,1.0,1.0,1.0,1.0,,0.0,,
Escherichia coli strain PB360,562.57374,1.0,1.0,1.0,1.0,1.0,1.0,,0.0,,
Escherichia coli strain PB363,562.575,1.0,1.0,0.0,1.0,1.0,1.0,,0.0,,
Escherichia coli strain PB367,562.57451,1.0,1.0,1.0,1.0,1.0,1.0,,0.0,,
Escherichia coli strain PB368,562.57498,1.0,1.0,0.0,1.0,1.0,1.0,,0.0,,
Escherichia coli strain PB370,562.57375,1.0,1.0,0.0,1.0,1.0,1.0,,0.0,,
Escherichia coli strain PB375,562.57497,1.0,1.0,1.0,1.0,1.0,0.0,,0.0,,
Escherichia coli strain PB382,562.57503,1.0,1.0,1.0,1.0,0.0,1.0,,0.0,,
Escherichia coli strain PB385,562.57502,1.0,1.0,1.0,1.0,1.0,0.0,,0.0,,
Escherichia coli strain PB390,562.57454,1.0,1.0,1.0,1.0,0.0,1.0,,0.0,,
Escherichia coli strain PB400,562.57496,1.0,1.0,1.0,1.0,1.0,0.0,,0.0,,
Escherichia coli strain PB406,562.57495,1.0,1.0,1.0,1.0,1.0,1.0,,1.0,,
Escherichia coli strain PB409,562.57381,1.0,1.0,1.0,1.0,0.0,0.0,,0.0,,
Escherichia coli strain PB410,562.57382,1.0,1.0,1.0,1.0,1.0,1.0,,0.0,,
Escherichia coli strain PB412,562.57465,1.0,1.0,1.0,1.0,1.0,1.0,,0.0,,
Escherichia coli strain PB418,562.57466,1.0,1.0,1.0,1.0,0.0,1.0,,0.0,,
Escherichia coli strain PB419,562.57494,1.0,1.0,0.0,1.0,1.0,1.0,,0.0,,
Escherichia coli strain PB420,562.5738,1.0,1.0,0.0,1.0,1.0,1.0,,0.0,,
Escherichia coli strain PB43,562.57378,1.0,1.0,1.0,1.0,1.0,0.0,,1.0,,
Escherichia coli strain PB445,562.57464,1.0,1.0,1.0,1.0,1.0,1.0,,0.0,,
Escherichia coli strain PB447,562.57504,1.0,1.0,1.0,1.0,1.0,1.0,,0.0,,
Escherichia coli strain PB456,562.57506,1.0,1.0,1.0,1.0,1.0,1.0,,1.0,,
Escherichia coli strain PB461,562.57462,1.0,1.0,1.0,1.0,1.0,1.0,,0.0,,
Escherichia coli strain PB474,562.57505,1.0,1.0,1.0,1.0,1.0,0.0,,0.0,,
Escherichia coli strain PB486,562.12962,1.0,1.0,0.0,1.0,1.0,0.0,0.0,0.0,1.0,
Escherichia coli strain PB514,562.57379,1.0,1.0,1.0,1.0,0.0,1.0,,0.0,,
Escherichia coli strain PB516,562.5746,1.0,1.0,1.0,1.0,0.0,1.0,,0.0,,
Escherichia coli strain PB532,562.57377,1.0,1.0,1.0,1.0,0.0,1.0,,0.0,,
Escherichia coli strain PB63,562.5751,1.0,1.0,1.0,1.0,1.0,1.0,,0.0,,
Escherichia coli strain PB67,562.5747,1.0,1.0,1.0,1.0,1.0,0.0,,1.0,,
Escherichia coli strain PB72,562.57376,1.0,1.0,1.0,1.0,0.0,1.0,,0.0,,
Escherichia coli strain PB78,562.57509,1.0,1.0,1.0,1.0,1.0,0.0,,1.0,,
Escherichia coli strain PB84,562.57508,1.0,1.0,0.0,1.0,1.0,1.0,,0.0,,
Escherichia coli strain PB90,562.57384,1.0,1.0,1.0,1.0,1.0,1.0,,0.0,,
Escherichia coli strain PB92,562.57507,1.0,1.0,1.0,1.0,1.0,1.0,,0.0,,
Escherichia coli strain PB97,562.57469,1.0,1.0,1.0,1.0,1.0,1.0,,0.0,,
Escherichia coli strain PB98,562.57467,1.0,1.0,0.0,1.0,0.0,1.0,,0.0,,
Escherichia coli strain PBIO1937,562.59225,,,,,0.0,1.0,,,,1.0
Escherichia coli strain PBIO1939,562.59217,,,,,1.0,1.0,,,,1.0
Escherichia coli strain PBIO1940,562.59224,,,,,1.0,1.0,,,,1.0
Escherichia coli strain PBIO1941,562.59218,,,,,1.0,1.0,,,,1.0
Escherichia coli strain PBIO1942,562.59221,,,,,1.0,0.0,,,,0.0
Escherichia coli strain PBIO1943,562.59222,,,,,1.0,1.0,,,,1.0
Escherichia coli strain PBIO1944,562.59219,,,,,1.0,1.0,,,,1.0
Escherichia coli strain PBIO1945,562.5922,,,,,1.0,1.0,,,,0.0
Escherichia coli strain PBIO1946,562.59226,,,,,1.0,1.0,,,,1.0
Escherichia coli strain PBIO1947,562.59228,,,,,1.0,1.0,,,,1.0
Escherichia coli strain PBIO1948,562.59229,,,,,1.0,1.0,,,,1.0
Escherichia coli strain PBIO1949,562.59227,,,,,0.0,1.0,,,,1.0
Escherichia coli strain PBIO711,562.59223,,,,,1.0,1.0,,,,1.0
Escherichia coli strain PH100,562.58621,1.0,,1.0,,0.0,0.0,0.0,,,1.0
Escherichia coli strain PH101-2,562.58622,1.0,,1.0,,1.0,0.0,0.0,,,1.0
Escherichia coli strain PH105,562.58623,1.0,,1.0,,0.0,1.0,0.0,,,1.0
Escherichia coli strain PH108,562.58624,1.0,,1.0,,1.0,0.0,0.0,,,0.0
Escherichia coli strain PH114,562.58625,1.0,,1.0,,1.0,1.0,0.0,,,1.0
Escherichia coli strain PH118,562.58626,1.0,,1.0,,1.0,1.0,0.0,,,0.0
Escherichia coli strain PH129,562.58627,1.0,,1.0,,1.0,1.0,0.0,,,1.0
Escherichia coli strain PH135,562.58628,1.0,,1.0,,0.0,0.0,0.0,,,0.0
Escherichia coli strain PH141,562.58629,1.0,,1.0,,1.0,0.0,0.0,,,0.0
Escherichia coli strain PH143,562.5863,1.0,,1.0,,1.0,1.0,0.0,,,1.0
Escherichia coli strain PH151-2,562.58631,1.0,,1.0,,1.0,1.0,0.0,,,1.0
Escherichia coli strain PH156-1,562.58632,1.0,,1.0,,1.0,0.0,0.0,,,1.0
Escherichia coli strain PH18,562.58633,1.0,,1.0,,1.0,0.0,0.0,,,0.0
Escherichia coli strain PH20,562.58634,1.0,,1.0,,1.0,1.0,0.0,,,1.0
Escherichia coli strain PH31,562.58635,1.0,,1.0,,1.0,1.0,0.0,,,1.0
Escherichia coli strain PH39,562.58636,1.0,,1.0,,0.0,0.0,0.0,,,1.0
Escherichia coli strain PH5,562.58637,1.0,,1.0,,1.0,0.0,0.0,,,1.0
Escherichia coli strain PH51,562.58638,1.0,,1.0,,1.0,0.0,0.0,,,0.0
Escherichia coli strain PH85,562.5864,1.0,,1.0,,0.0,0.0,0.0,,,1.0
Escherichia coli strain PH90,562.58641,1.0,,1.0,,1.0,0.0,0.0,,,1.0
Escherichia coli strain PH92-1,562.58642,1.0,,1.0,,0.0,0.0,0.0,,,1.0
Escherichia coli strain PH93,562.58644,1.0,,1.0,,0.0,0.0,0.0,,,1.0
Escherichia coli strain PH94,562.58643,1.0,,1.0,,1.0,1.0,0.0,,,1.0
Escherichia coli strain PH98,562.5865,1.0,,1.0,,0.0,0.0,0.0,,,1.0
Escherichia coli strain R0007_199,562.28839,1.0,,1.0,,1.0,1.0,,,,1.0
Escherichia coli strain R0007_203,562.2884,1.0,,0.0,,1.0,0.0,,,,1.0
Escherichia coli strain R0007_210,562.28838,1.0,,1.0,,1.0,1.0,,,,1.0
Escherichia coli strain R0008_340B,562.28841,0.0,,0.0,,0.0,0.0,,,,1.0
Escherichia coli strain R203092-3A,562.7718,0.0,,0.0,,0.0,0.0,0.0,,,0.0
Escherichia coli strain R203092-3B,562.7702,0.0,,0.0,,0.0,0.0,0.0,,,0.0
Escherichia coli strain R302583-2A,562.7734,0.0,,0.0,,0.0,0.0,0.0,,,1.0
Escherichia coli strain R302583-2B,562.7681,0.0,,0.0,,0.0,0.0,0.0,,,1.0
Escherichia coli strain R402077,562.7678,1.0,,0.0,,0.0,0.0,0.0,,,1.0
Escherichia coli strain R503696,562.7626,1.0,,0.0,,0.0,0.0,0.0,,,1.0
Escherichia coli strain RDK40_70,562.28846,1.0,,1.0,,1.0,0.0,,,,1.0
Escherichia coli strain RDK40_71E,562.28845,1.0,,1.0,,1.0,1.0,,,,1.0
Escherichia coli strain RDK40_73,562.28844,1.0,,1.0,,1.0,0.0,,,,1.0
Escherichia coli strain RL101,562.56879,1.0,1.0,1.0,,,,0.0,,,
Escherichia coli strain RL103,562.56878,1.0,1.0,1.0,,,,0.0,,,
Escherichia coli strain RL104,562.56882,1.0,1.0,1.0,,,,0.0,,,
Escherichia coli strain RL105,562.56883,1.0,1.0,1.0,,,,0.0,,,
Escherichia coli strain RL106,562.56884,1.0,1.0,1.0,,,,0.0,,,
Escherichia coli strain RL107,562.56881,1.0,1.0,1.0,,,,0.0,,,
Escherichia coli strain RL108,562.5688,1.0,1.0,1.0,,,,0.0,,,
Escherichia coli strain RL111,562.56885,1.0,1.0,1.0,,,,0.0,,,
Escherichia coli strain RL124,562.56886,1.0,1.0,1.0,,,,0.0,,,
Escherichia coli strain RL132,562.56887,1.0,1.0,1.0,,,,0.0,,,
Escherichia coli strain RL137,562.56888,1.0,1.0,1.0,,,,0.0,,,
Escherichia coli strain RL225,562.56889,1.0,1.0,1.0,,,,0.0,,,
Escherichia coli strain RL226,562.56895,1.0,1.0,1.0,,,,0.0,,,
Escherichia coli strain RL229,562.56892,1.0,1.0,1.0,,,,0.0,,,
Escherichia coli strain RL272,562.5689,1.0,1.0,1.0,,,,0.0,,,
Escherichia coli strain RL273,562.56891,1.0,1.0,1.0,,,,0.0,,,
Escherichia coli strain RL274,562.56893,1.0,1.0,1.0,,1.0,,0.0,,,
Escherichia coli strain RL276,562.56894,1.0,1.0,1.0,,,,0.0,,,
Escherichia coli strain RL281,562.56896,1.0,1.0,1.0,,,,0.0,,,
Escherichia coli strain RL282,562.56897,1.0,1.0,1.0,,,,0.0,,,
Escherichia coli strain RL285,562.56898,1.0,1.0,1.0,,,,0.0,,,
Escherichia coli strain RL288,562.56899,1.0,1.0,1.0,,,,0.0,,,
Escherichia coli strain RL297,562.56902,1.0,1.0,1.0,,,,0.0,,,
Escherichia coli strain RL303,562.569,1.0,1.0,1.0,,1.0,,0.0,,,
Escherichia coli strain RL304,562.56901,1.0,1.0,1.0,,,,0.0,,,
Escherichia coli strain RL305,562.56904,1.0,1.0,1.0,,1.0,,0.0,,,
Escherichia coli strain RL306,562.56903,1.0,1.0,1.0,,,,0.0,,,
Escherichia coli strain RL308,562.56906,1.0,1.0,1.0,,1.0,,0.0,,,
Escherichia coli strain RL311,562.56907,1.0,1.0,1.0,,,,0.0,,,
Escherichia coli strain RL315,562.56905,1.0,1.0,1.0,,,,0.0,,,
Escherichia coli strain RL316,562.56908,1.0,1.0,1.0,,,,0.0,,,
Escherichia coli strain RL318,562.56909,1.0,1.0,1.0,,,,0.0,,,
Escherichia coli strain RL320,562.5691,1.0,1.0,1.0,,,,0.0,,,
Escherichia coli strain RL401,562.56911,1.0,1.0,1.0,,,,0.0,,,
Escherichia coli strain RL446,562.56918,1.0,1.0,1.0,,,,0.0,,,
Escherichia coli strain RL87,562.56916,1.0,1.0,1.0,,,,0.0,,,
Escherichia coli strain RL88,562.56914,1.0,1.0,1.0,,,,0.0,,,
Escherichia coli strain RL89,562.56912,1.0,1.0,1.0,,,,0.0,,,
Escherichia coli strain RL91,562.56917,1.0,1.0,1.0,,,,0.0,,,
Escherichia coli strain RL94,562.56913,1.0,1.0,1.0,,,,0.0,,,
Escherichia coli strain RL95,562.56915,1.0,1.0,1.0,,,,0.0,,,
Escherichia coli strain RL97,562.56919,1.0,1.0,1.0,,,,0.0,,,
Escherichia coli strain RL98,562.5692,1.0,1.0,1.0,,,,0.0,,,
Escherichia coli strain RL99,562.56921,1.0,1.0,1.0,,,,0.0,,,
Escherichia coli strain RS131,562.56922,1.0,1.0,1.0,,,,0.0,,,
Escherichia coli strain SCAID URN1-2019,562.60286,1.0,,,,0.0,0.0,0.0,,,
Escherichia coli strain SCAID URN1-2021 (19/278) strain SCAID URN1-2021 (19/278) strain SCAID URN1-2021 (19/278),562.79122,1.0,,,,,0.0,0.0,,,
Escherichia coli strain SCAID WND1-2021 (1/128) strain SCAID WND1-2021 (1/128) strain SCAID WND1-2021 (1/128),562.85838,1.0,,,,,0.0,0.0,,,
Escherichia coli strain SCAID WND2-2021 (3/145) strain SCAID WND2-2021 (3/145) strain SCAID WND2-2021 (3/145),562.85839,1.0,,,,,0.0,0.0,,,
Escherichia coli strain URMC_1,562.503,1.0,,,,1.0,,,,1.0,
Escherichia coli strain URMC_10,562.50297,1.0,,,,1.0,0.0,0.0,,0.0,
Escherichia coli strain URMC_105,562.4591,1.0,,,,1.0,0.0,0.0,,0.0,
Escherichia coli strain URMC_106,562.50305,1.0,,,,1.0,0.0,0.0,,0.0,
Escherichia coli strain URMC_107,562.50302,1.0,,,,0.0,0.0,0.0,,0.0,
Escherichia coli strain URMC_108,562.45916,1.0,,,,1.0,1.0,0.0,,0.0,
Escherichia coli strain URMC_109,562.50301,1.0,,,,0.0,0.0,0.0,,0.0,
Escherichia coli strain URMC_110,562.50299,1.0,,,,0.0,0.0,0.0,,0.0,
Escherichia coli strain URMC_111,562.50296,1.0,,,,1.0,1.0,0.0,,0.0,
Escherichia coli strain URMC_112,562.50295,1.0,,,,0.0,0.0,0.0,,0.0,
Escherichia coli strain URMC_12,562.50304,1.0,,,,1.0,1.0,0.0,,0.0,
Escherichia coli strain URMC_13,562.50303,1.0,,,,0.0,0.0,0.0,,0.0,
Escherichia coli strain URMC_14,562.50294,1.0,,,,1.0,0.0,0.0,,0.0,
Escherichia coli strain URMC_16,562.50298,1.0,,,,1.0,0.0,0.0,,0.0,
Escherichia coli strain URMC_17,562.50291,1.0,,,,1.0,0.0,0.0,,0.0,
Escherichia coli strain URMC_18,562.5029,1.0,,,,1.0,0.0,0.0,,0.0,
Escherichia coli strain URMC_19,562.50289,1.0,,,,1.0,0.0,0.0,,0.0,
Escherichia coli strain URMC_2,562.50287,1.0,,,,0.0,0.0,0.0,,0.0,
Escherichia coli strain URMC_20,562.50293,1.0,,,,1.0,0.0,0.0,,0.0,
Escherichia coli strain URMC_21,562.50264,1.0,,,,1.0,0.0,0.0,,0.0,
Escherichia coli strain URMC_22,562.50288,1.0,,,,0.0,1.0,0.0,,0.0,
Escherichia coli strain URMC_23,562.50292,1.0,,,,1.0,0.0,0.0,,0.0,
Escherichia coli strain URMC_24,562.50266,1.0,,,,1.0,1.0,0.0,,0.0,
Escherichia coli strain URMC_25,562.50263,1.0,,,,1.0,0.0,0.0,,0.0,
Escherichia coli strain URMC_26,562.45964,,,,,0.0,1.0,0.0,,0.0,
Escherichia coli strain URMC_28,562.50286,1.0,,,,0.0,0.0,0.0,,0.0,
Escherichia coli strain URMC_3,562.50262,1.0,,,,1.0,1.0,0.0,,0.0,
Escherichia coli strain URMC_30,562.50261,1.0,,,,1.0,1.0,0.0,,0.0,
Escherichia coli strain URMC_31,562.5026,1.0,,,,1.0,0.0,0.0,,0.0,
Escherichia coli strain URMC_32,562.50285,1.0,,,,1.0,0.0,0.0,,0.0,
Escherichia coli strain URMC_33,562.50284,1.0,,,,1.0,0.0,0.0,,0.0,
Escherichia coli strain URMC_34,562.50259,1.0,,,,1.0,0.0,0.0,,0.0,
Escherichia coli strain URMC_35,562.45849,1.0,,,,1.0,1.0,0.0,,0.0,
Escherichia coli strain URMC_36,562.50283,1.0,,,,1.0,0.0,0.0,,0.0,
Escherichia coli strain URMC_37,562.50258,1.0,,,,1.0,0.0,0.0,,0.0,
Escherichia coli strain URMC_39,562.50282,1.0,,,,0.0,0.0,0.0,,0.0,
Escherichia coli strain URMC_4,562.45853,1.0,,,,0.0,0.0,0.0,,0.0,
Escherichia coli strain URMC_40,562.50257,1.0,,,,1.0,0.0,0.0,,0.0,
Escherichia coli strain URMC_41,562.50281,1.0,,,,1.0,1.0,0.0,,0.0,
Escherichia coli strain URMC_42,562.5028,1.0,,,,1.0,0.0,0.0,,0.0,
Escherichia coli strain URMC_43,562.50279,1.0,,,,0.0,1.0,0.0,,0.0,
Escherichia coli strain URMC_46,562.50278,1.0,,,,0.0,0.0,0.0,,0.0,
Escherichia coli strain URMC_48,562.50256,1.0,,,,1.0,0.0,0.0,,0.0,
Escherichia coli strain URMC_49,562.50276,1.0,,,,1.0,0.0,0.0,,0.0,
Escherichia coli strain URMC_50,562.45848,1.0,,,,1.0,0.0,0.0,,0.0,
Escherichia coli strain URMC_51,562.50254,1.0,,,,0.0,0.0,0.0,,0.0,
Escherichia coli strain URMC_52,562.50255,1.0,,,,0.0,0.0,0.0,,0.0,
Escherichia coli strain URMC_53,562.50253,1.0,,,,0.0,0.0,0.0,,0.0,
Escherichia coli strain URMC_55,562.50252,1.0,,,,1.0,0.0,0.0,,0.0,
Escherichia coli strain URMC_56,562.50251,1.0,,,,1.0,0.0,0.0,,0.0,
Escherichia coli strain URMC_57,562.5025,,,,,1.0,0.0,0.0,,0.0,
Escherichia coli strain URMC_58,562.50277,1.0,,,,1.0,0.0,0.0,,0.0,
Escherichia coli strain URMC_59,562.50249,1.0,,,,1.0,0.0,0.0,,0.0,
Escherichia coli strain URMC_6,562.50247,,,,,1.0,,,,0.0,
Escherichia coli strain URMC_60,562.50248,1.0,,,,0.0,0.0,0.0,,0.0,
Escherichia coli strain URMC_61,562.50246,1.0,,,,1.0,1.0,0.0,,0.0,
Escherichia coli strain URMC_62,562.50245,1.0,,,,1.0,0.0,0.0,,0.0,
Escherichia coli strain URMC_63,562.50275,1.0,,,,1.0,1.0,0.0,,0.0,
Escherichia coli strain URMC_64,562.50244,1.0,,,,1.0,1.0,0.0,,0.0,
Escherichia coli strain URMC_65,562.50243,1.0,,,,1.0,1.0,0.0,,0.0,
Escherichia coli strain URMC_66,562.50274,1.0,,,,1.0,1.0,0.0,,0.0,
Escherichia coli strain URMC_67,562.50242,1.0,,,,1.0,0.0,0.0,,0.0,
Escherichia coli strain URMC_68,562.50273,1.0,,,,1.0,0.0,0.0,,0.0,
Escherichia coli strain URMC_69,562.50241,1.0,,,,1.0,0.0,0.0,,0.0,
Escherichia coli strain URMC_7,562.5024,1.0,,,,1.0,0.0,0.0,,0.0,
Escherichia coli strain URMC_70,562.50239,1.0,,,,1.0,0.0,0.0,,0.0,
Escherichia coli strain URMC_71,562.50238,1.0,,,,0.0,1.0,1.0,,0.0,
Escherichia coli strain URMC_72,562.50237,1.0,,,,1.0,0.0,0.0,,0.0,
Escherichia coli strain URMC_73,562.45852,1.0,,,,0.0,0.0,0.0,,0.0,
Escherichia coli strain URMC_74,562.50236,1.0,,,,1.0,1.0,0.0,,0.0,
Escherichia coli strain URMC_76,562.50272,1.0,,,,0.0,0.0,0.0,,0.0,
Escherichia coli strain URMC_77,562.50235,1.0,,,,1.0,1.0,0.0,,0.0,
Escherichia coli strain URMC_78,562.50234,1.0,,,,1.0,1.0,0.0,,0.0,
Escherichia coli strain URMC_79,562.50233,1.0,,,,1.0,0.0,0.0,,0.0,
Escherichia coli strain URMC_8,562.45847,1.0,,,,1.0,1.0,0.0,,0.0,
Escherichia coli strain URMC_80,562.50271,1.0,,,,1.0,1.0,0.0,,0.0,
Escherichia coli strain URMC_81,562.50231,1.0,,,,1.0,1.0,0.0,,0.0,
Escherichia coli strain URMC_82,562.5027,1.0,,,,1.0,1.0,0.0,,0.0,
Escherichia coli strain URMC_83,562.50232,1.0,,,,0.0,0.0,0.0,,0.0,
Escherichia coli strain URMC_84,562.5023,1.0,,,,0.0,1.0,0.0,,0.0,
Escherichia coli strain URMC_85,562.50229,1.0,,,,0.0,0.0,0.0,,0.0,
Escherichia coli strain URMC_86,562.50268,1.0,,,,1.0,1.0,0.0,,0.0,
Escherichia coli strain URMC_87,562.50228,1.0,,,,1.0,0.0,0.0,,0.0,
Escherichia coli strain URMC_88,562.45846,1.0,,,,0.0,0.0,0.0,,0.0,
Escherichia coli strain URMC_89,562.50227,1.0,,,,1.0,0.0,0.0,,0.0,
Escherichia coli strain URMC_9,562.50225,1.0,,,,0.0,0.0,0.0,,0.0,
Escherichia coli strain URMC_90,562.50226,1.0,,,,1.0,1.0,0.0,,0.0,
Escherichia coli strain URMC_91,562.50269,1.0,,,,1.0,0.0,0.0,,0.0,
Escherichia coli strain URMC_92,562.50222,1.0,,,,0.0,0.0,0.0,,0.0,
Escherichia coli strain URMC_93,562.45851,1.0,,,,1.0,0.0,0.0,,0.0,
Escherichia coli strain URMC_94,562.50224,1.0,,,,0.0,0.0,0.0,,0.0,
Escherichia coli strain URMC_95,562.50267,1.0,,,,0.0,0.0,0.0,,0.0,
Escherichia coli strain URMC_96,562.50223,1.0,,,,1.0,0.0,0.0,,0.0,
Escherichia coli strain URMC_97,562.4585,1.0,,,,1.0,1.0,0.0,,0.0,
Escherichia coli strain USDA-ARS-USMARC-49610 strain not applicable,562.109862,1.0,,,,1.0,0.0,,,,1.0
Escherichia coli strain USDA-ARS-USMARC-50748 strain not applicable,562.10986,1.0,,,,1.0,1.0,,,,1.0
Escherichia coli strain USDA-ARS-USMARC-51408 strain not applicable,562.109859,1.0,,,,0.0,0.0,,,,0.0
Escherichia coli strain USDA-ARS-USMARC-51688 strain not applicable,562.109861,1.0,,,,0.0,0.0,,,,0.0
Escherichia coli strain W1_10_ERB1,562.57385,1.0,1.0,1.0,1.0,0.0,1.0,,0.0,,
Escherichia coli strain W1_1_2_ERB1,562.57383,1.0,1.0,1.0,1.0,0.0,1.0,,0.0,,
Escherichia coli strain W1_3_ERB1,562.57386,1.0,1.0,0.0,1.0,0.0,1.0,,0.0,,
Escherichia coli strain W1_3_ERB3,562.57387,1.0,1.0,0.0,1.0,1.0,1.0,,0.0,,
Escherichia coli strain W1_4_ERB1,562.57393,1.0,1.0,0.0,1.0,1.0,0.0,,0.0,,
Escherichia coli strain W1_4_ERB5,562.57391,1.0,1.0,0.0,1.0,0.0,1.0,,0.0,,
Escherichia coli strain W1_5_ERB1,562.57392,1.0,1.0,1.0,1.0,0.0,1.0,,0.0,,
Escherichia coli strain W1_5_ERB3,562.5739,1.0,1.0,1.0,1.0,1.0,1.0,,0.0,,
Escherichia coli strain W1_5_ERG10,562.57388,1.0,1.0,1.0,1.0,1.0,1.0,,0.0,,
Escherichia coli strain W1_5_ERP10B,562.57389,1.0,1.0,0.0,1.0,0.0,1.0,,0.0,,
Escherichia coli strain W1_7_ERB1,562.57394,1.0,1.0,0.0,1.0,1.0,1.0,,0.0,,
Escherichia coli strain W1_7_ERB4,562.57397,1.0,1.0,0.0,1.0,1.0,1.0,,0.0,,
Escherichia coli strain W1_7_ERB6,562.57395,1.0,1.0,0.0,1.0,1.0,1.0,,0.0,,
Escherichia coli strain W1_7_ERB9,562.57396,1.0,1.0,0.0,1.0,1.0,1.0,,0.0,,
Escherichia coli strain W1_7_ERG10,562.57404,1.0,1.0,1.0,1.0,1.0,1.0,,0.0,,
Escherichia coli strain W2_10_ERB1,562.574,1.0,1.0,1.0,1.0,0.0,0.0,,0.0,,
Escherichia coli strain W2_10_ERB10,562.57401,1.0,1.0,0.0,1.0,0.0,1.0,,0.0,,
Escherichia coli strain W2_10_ERG1,562.57403,1.0,1.0,1.0,1.0,1.0,0.0,,0.0,,
Escherichia coli strain W2_11_ERB1,562.57402,1.0,1.0,0.0,1.0,0.0,1.0,,0.0,,
Escherichia coli strain W2_11_ERB3,562.57405,1.0,1.0,0.0,1.0,1.0,1.0,,0.0,,
Escherichia coli strain W2_11_ERB6,562.57411,1.0,1.0,1.0,1.0,0.0,1.0,,0.0,,
Escherichia coli strain W2_11_ERB9,562.57412,1.0,1.0,1.0,1.0,1.0,0.0,,0.0,,
Escherichia coli strain W2_11_ERG1,562.57415,1.0,1.0,1.0,1.0,0.0,0.0,,0.0,,
Escherichia coli strain W2_12_ERB1,562.57414,1.0,1.0,0.0,1.0,0.0,1.0,,0.0,,
Escherichia coli strain W2_12_ERB4,562.57413,1.0,1.0,1.0,1.0,0.0,1.0,,0.0,,
Escherichia coli strain W2_12_ERB9,562.57407,1.0,1.0,1.0,1.0,0.0,1.0,,0.0,,
Escherichia coli strain W2_12_ERPK2,562.57408,1.0,1.0,1.0,1.0,1.0,1.0,,0.0,,
Escherichia coli strain W2_13_ERB1,562.57409,1.0,1.0,0.0,1.0,1.0,1.0,,0.0,,
Escherichia coli strain W2_13_ERB10,562.5741,1.0,1.0,1.0,1.0,1.0,1.0,,0.0,,
Escherichia coli strain W2_13_ERB3,562.57406,1.0,1.0,1.0,1.0,1.0,0.0,,0.0,,
Escherichia coli strain W2_13_ERB6,562.57416,1.0,1.0,1.0,1.0,0.0,1.0,,0.0,,
Escherichia coli strain W2_13_ERG9,562.57418,1.0,1.0,0.0,1.0,0.0,1.0,,0.0,,
Escherichia coli strain W2_15_ERB1,562.57461,1.0,1.0,1.0,1.0,1.0,1.0,,1.0,,
Escherichia coli strain W2_15_ERB10,562.57463,1.0,1.0,1.0,1.0,1.0,1.0,,1.0,,
Escherichia coli strain W2_15_ERB4,562.57471,1.0,1.0,0.0,1.0,1.0,0.0,,0.0,,
Escherichia coli strain W2_1_ERB1,562.57399,1.0,1.0,0.0,1.0,1.0,1.0,,0.0,,
Escherichia coli strain W2_1_ERB7,562.57398,1.0,1.0,1.0,1.0,1.0,0.0,,0.0,,
Escherichia coli strain W2_2_ERB4,562.57417,1.0,1.0,1.0,1.0,1.0,1.0,,0.0,,
Escherichia coli strain W2_2_ERB9,562.57426,1.0,1.0,1.0,1.0,0.0,1.0,,0.0,,
Escherichia coli strain W2_3_ERB7,562.57423,1.0,1.0,1.0,1.0,1.0,0.0,,0.0,,
Escherichia coli strain W2_3_ERB9,562.57424,1.0,1.0,1.0,1.0,0.0,1.0,,0.0,,
Escherichia coli strain W2_3_ERG14,562.57425,1.0,1.0,0.0,1.0,0.0,0.0,,0.0,,
Escherichia coli strain W2_4_ERB1,562.5742,1.0,1.0,0.0,1.0,0.0,1.0,,0.0,,
Escherichia coli strain W2_4_ERB12,562.57422,1.0,1.0,1.0,1.0,0.0,0.0,,0.0,,
Escherichia coli strain W2_4_ERB4,562.57419,1.0,1.0,1.0,1.0,1.0,1.0,,0.0,,
Escherichia coli strain W2_5_ERB1,562.57421,1.0,1.0,1.0,1.0,0.0,1.0,,0.0,,
Escherichia coli strain W2_5_ERB13,562.57429,1.0,1.0,1.0,1.0,1.0,0.0,,0.0,,
Escherichia coli strain W2_5_ERB6,562.57428,1.0,1.0,0.0,1.0,1.0,1.0,,0.0,,
Escherichia coli strain W2_5_ERB8,562.57427,1.0,1.0,0.0,1.0,1.0,1.0,,0.0,,
Escherichia coli strain W2_6_ERB1,562.5743,1.0,1.0,1.0,1.0,0.0,0.0,,0.0,,
Escherichia coli strain W2_6_ERG5,562.57433,1.0,1.0,1.0,1.0,0.0,1.0,,0.0,,
Escherichia coli strain W2_8_ERB3,562.57434,1.0,1.0,1.0,1.0,0.0,0.0,,0.0,,
Escherichia coli strain W2_9_ERB2,562.57437,1.0,1.0,1.0,1.0,0.0,1.0,,0.0,,
Escherichia coli strain W2_9_ERB5,562.57436,1.0,1.0,1.0,1.0,1.0,0.0,,0.0,,
Escherichia coli strain W2_9_ERB9,562.57435,1.0,1.0,1.0,1.0,0.0,1.0,,0.0,,
Escherichia coli strain W2_9_ERBR2,562.57431,1.0,1.0,0.0,1.0,0.0,1.0,,0.0,,
Escherichia coli strain W3_1_ERB1,562.57432,1.0,1.0,1.0,1.0,1.0,1.0,,0.0,,
Escherichia coli strain W3_1_ERB3,562.57438,1.0,1.0,0.0,1.0,0.0,1.0,,0.0,,
Escherichia coli strain W3_1_ERB5,562.57439,1.0,1.0,0.0,1.0,0.0,0.0,,0.0,,
Escherichia coli strain WU34,562.58649,1.0,,1.0,,1.0,1.0,1.0,,,1.0
Escherichia coli strain WU35,562.58648,1.0,,1.0,,0.0,0.0,1.0,,,1.0
Escherichia coli strain WU40,562.58647,1.0,,1.0,,0.0,0.0,0.0,,,0.0
Escherichia coli strain WU43,562.58646,0.0,,0.0,,0.0,0.0,0.0,,,0.0
Escherichia coli strain WU44,562.58645,1.0,,1.0,,1.0,0.0,0.0,,,0.0
Escherichia coli strain WU45,562.58651,1.0,,1.0,,1.0,0.0,0.0,,,0.0
Escherichia coli strain ZTA15/01169-1EB1,562.1909,1.0,1.0,1.0,,1.0,1.0,0.0,,0.0,
